# iy iz iroll Y Z Roll candidate quality q0 q1 q2 q3 q4 q5
0 0 0 0 0.4 1.2 0 5.87687 1 0 -0.583103 1.63233 -1.3735 1.57 0
0 0 0 0 0.4 1.2 1 5.87056 1 0 0.62355 -1.31707 -2.21232 1.57 0
0 0 0 0 0.4 1.2 2 5.75832 1 0 0.639171 -1.74299 -2.22172 1.57 0
0 0 0 0 0.4 1.2 3 5.5576 1 0 0.456639 -2.15612 -1.41112 1.57 0
0 0 0 0 0.4 1.2 4 5.37959 1 0 0.153667 -2.17623 -1.74088 1.57 0
0 0 0 0 0.4 1.2 5 5.2501 1 0 -0.485445 -1.63105 -2.22808 1.57 0
0 0 0 0 0.4 1.2 6 5.21487 0.875 0 0.676395 -0.472716 -1.34087 1.57 0
0 0 0 0 0.4 1.2 7 5.17727 0.875 0 0.39148 -1.94541 -1.63705 1.57 0
0 0 0 0 0.4 1.2 8 5.11124 0.875 0 0.317544 -1.95507 -1.9811 1.57 0
0 0 0 0 0.4 1.2 9 5.05052 1 0 -0.634713 -1.61413 -2.09672 1.57 0
0 0 1 0 0.4 1.51818 0 5.89766 1 0 -0.450674 0.693645 -1.20646 1.57 0
0 0 1 0 0.4 1.51818 1 5.88973 1 0 0.462481 -0.881007 -2.18102 1.57 0
0 0 1 0 0.4 1.51818 2 5.87783 1 0 0.275486 -0.790969 -2.26906 1.57 0
0 0 1 0 0.4 1.51818 3 5.86073 1 0 0.430139 -0.644219 -1.55667 1.57 0
0 0 1 0 0.4 1.51818 4 5.85451 1 0 0.334977 -0.594449 -1.25016 1.57 0
0 0 1 0 0.4 1.51818 5 5.85134 1 0 -0.580431 1.76905 -2.14678 1.57 0
0 0 1 0 0.4 1.51818 6 5.85012 1 0 0.692301 -1.54859 -1.74177 1.57 0
0 0 1 0 0.4 1.51818 7 5.78455 1 0 0.49744 -0.706436 -1.97923 1.57 0
0 0 1 0 0.4 1.51818 8 5.61701 1 0 -1.14419 -1.63903 -2.063 1.57 0
0 0 1 0 0.4 1.51818 9 5.61129 1 0 0.32069 -2.00608 -1.66108 1.57 0
0 0 2 0 0.4 1.83636 0 5.38343 0.875 0 0.230527 -1.27889 -2.02291 1.57 0
0 0 2 0 0.4 1.83636 1 5.36617 0.875 0 -1.03665 1.67011 -1.70244 1.57 0
0 0 2 0 0.4 1.83636 2 5.34324 0.875 0 -1.20193 1.79142 -1.84242 1.57 0
0 0 2 0 0.4 1.83636 3 5.31963 0.875 0 0.0965235 -1.3781 -2.24884 1.57 0
0 0 2 0 0.4 1.83636 4 5.31909 0.875 0 0.130497 -1.37958 -2.3473 1.57 0
0 0 2 0 0.4 1.83636 5 5.27028 0.875 0 -0.0405296 -0.543366 -2.49457 1.57 0
0 0 2 0 0.4 1.83636 6 5.26164 0.875 0 -1.48818 -1.4368 -2.3523 1.57 0
0 0 2 0 0.4 1.83636 7 5.20139 0.875 0 0.216639 -1.73181 -2.22392 1.57 0
0 0 2 0 0.4 1.83636 8 5.19251 0.875 0 -1.53879 -1.97126 -2.0738 1.57 0
0 0 2 0 0.4 1.83636 9 5.09252 0.875 0 -1.27642 -2.16283 -1.27451 1.57 0
0 0 3 0 0.4 2.15455 0 5.37801 0.875 0 -1.00788 0.844348 -1.6504 1.57 0
0 0 3 0 0.4 2.15455 1 5.37677 0.875 0 -1.33066 1.24171 -1.57085 1.57 0
0 0 3 0 0.4 2.15455 2 5.36913 0.875 0 -1.96412 -1.21147 -2.33731 1.57 0
0 0 3 0 0.4 2.15455 3 5.35789 0.875 0 -1.00532 0.858917 -2.26387 1.57 0
0 0 3 0 0.4 2.15455 4 5.34126 0.875 0 -1.70212 -1.40521 -1.99416 1.57 0
0 0 3 0 0.4 2.15455 5 5.29279 0.875 0 -1.67136 -1.72053 -2.09906 1.57 0
0 0 3 0 0.4 2.15455 6 5.27968 0.875 0 -1.75819 -1.78194 -2.20901 1.57 0
0 0 3 0 0.4 2.15455 7 5.25792 0.875 0 -0.426232 -0.534156 -1.06829 1.57 0
0 0 3 0 0.4 2.15455 8 5.24411 0.875 0 -1.44127 -1.83794 -1.44967 1.57 0
0 0 3 0 0.4 2.15455 9 5.22689 0.875 0 -1.43742 -1.71097 -2.30924 1.57 0
0 0 4 0 0.4 2.47273 0 5.89655 1 0 -2.19304 -1.21746 -2.20017 1.57 0
0 0 4 0 0.4 2.47273 1 5.88892 1 0 -2.12924 -1.37247 -2.13233 1.57 0
0 0 4 0 0.4 2.47273 2 5.87035 1 0 -2.31911 -1.50665 -2.14246 1.57 0
0 0 4 0 0.4 2.47273 3 5.86012 1 0 -1.9239 -1.60825 -1.83089 1.57 0
0 0 4 0 0.4 2.47273 4 5.85995 1 0 -2.22187 -1.51053 -2.32093 1.57 0
0 0 4 0 0.4 2.47273 5 5.84753 1 0 -1.78919 -1.68964 -1.35259 1.57 0
0 0 4 0 0.4 2.47273 6 5.83269 1 0 -1.95933 -1.67516 -2.10817 1.57 0
0 0 4 0 0.4 2.47273 7 5.83241 1 0 -2.29614 -1.63041 -2.27649 1.57 0
0 0 4 0 0.4 2.47273 8 5.83171 1 0 -1.95399 -1.73481 -1.87131 1.57 0
0 0 4 0 0.4 2.47273 9 5.8201 1 0 -1.72541 -1.71204 -1.78688 1.57 0
0 0 5 0 0.4 2.79091 0 5.90937 1 0 -2.43341 -1.20778 -2.00199 1.57 0
0 0 5 0 0.4 2.79091 1 5.89585 1 0 -2.72573 -1.19843 -1.95692 1.57 0
0 0 5 0 0.4 2.79091 2 5.89288 1 0 -2.41881 -1.31844 -2.17446 1.57 0
0 0 5 0 0.4 2.79091 3 5.88848 1 0 -2.14705 -1.47822 -1.91769 1.57 0
0 0 5 0 0.4 2.79091 4 5.88664 1 0 -2.0564 -1.42327 -2.00886 1.57 0
0 0 5 0 0.4 2.79091 5 5.88271 1 0 -2.40502 -0.999135 -2.46882 1.57 0
0 0 5 0 0.4 2.79091 6 5.86203 1 0 -1.87847 -1.45452 -2.12282 1.57 0
0 0 5 0 0.4 2.79091 7 5.86196 1 0 -2.00923 -1.37023 -2.46435 1.57 0
0 0 5 0 0.4 2.79091 8 5.85645 1 0 -1.86027 -1.43552 -2.21385 1.57 0
0 0 5 0 0.4 2.79091 9 5.81482 1 0 -1.66172 -1.24434 -2.2072 1.57 0
0 0 6 0 0.4 3.10909 0 5.88481 1 0 -2.3179 -1.13206 -2.49367 1.57 0
0 0 6 0 0.4 3.10909 1 5.86858 1 0 -2.33217 -1.49563 -2.19756 1.57 0
0 0 6 0 0.4 3.10909 2 5.86559 1 0 -2.56668 -1.45076 -2.13201 1.57 0
0 0 6 0 0.4 3.10909 3 5.76393 1 0 -2.70368 -1.79813 -1.61732 1.57 0
0 0 6 0 0.4 3.10909 4 5.75051 1 0 -1.66041 -1.98976 -1.1704 1.57 0
0 0 6 0 0.4 3.10909 5 5.68647 1 0 -3.35233 -1.25406 -2.23456 1.57 0
0 0 6 0 0.4 3.10909 6 5.61144 1 0 -2.60828 -2.00659 -2.11726 1.57 0
0 0 6 0 0.4 3.10909 7 5.39928 0.875 0 -2.15847 -1.19865 -2.10751 1.57 0
0 0 6 0 0.4 3.10909 8 5.38713 0.875 0 -2.42314 -1.5171 -1.71833 1.57 0
0 0 6 0 0.4 3.10909 9 5.38242 0.875 0 -2.38859 -1.61225 -1.42408 1.57 0
0 0 7 0 0.4 3.42727 0 5.87403 1 0 -2.02282 -1.34585 -2.31832 1.57 0
0 0 7 0 0.4 3.42727 1 5.86139 1 0 -2.04815 -0.931914 -2.06264 1.57 0
0 0 7 0 0.4 3.42727 2 5.85125 1 0 -2.4525 -1.67026 -1.64574 1.57 0
0 0 7 0 0.4 3.42727 3 5.6368 1 0 -2.60473 -1.91966 -2.46709 1.57 0
0 0 7 0 0.4 3.42727 4 5.39109 0.875 0 -2.62264 -1.29045 -2.04538 1.57 0
0 0 7 0 0.4 3.42727 5 5.2008 0.875 0 -2.2264 -2.01359 -1.93158 1.57 0
0 0 7 0 0.4 3.42727 6 5.19729 0.875 0 -3.1482 1.59121 -1.216 1.57 0
0 0 7 0 0.4 3.42727 7 5.16878 0.875 0 -2.73056 -1.99912 -1.29394 1.57 0
0 0 7 0 0.4 3.42727 8 4.87563 0.75 0 -2.79611 -0.946288 -2.27699 1.57 0
0 0 7 0 0.4 3.42727 9 4.87197 0.75 0 -2.12947 -1.61876 -1.74159 1.57 0
0 0 8 0 0.4 3.74545 0 5.3476 0.875 0 -2.81853 -1.55503 -1.40968 1.57 0
0 0 8 0 0.4 3.74545 1 5.32181 0.875 0 -2.44672 -1.79406 -1.43786 1.57 0
0 0 8 0 0.4 3.74545 2 5.29898 0.875 0 -2.80624 0.803145 -2.24478 1.57 0
0 0 8 0 0.4 3.74545 3 4.85428 0.75 0 -2.78328 -1.47995 -1.73719 1.57 0
0 0 8 0 0.4 3.74545 4 4.84023 0.75 0 -2.96253 0.909818 -2.17395 1.57 0
0 0 8 0 0.4 3.74545 5 4.80709 0.75 0 -2.83472 0.813159 -2.19284 1.57 0
0 0 8 0 0.4 3.74545 6 4.79673 0.75 0 -3.4372 1.63157 -2.25225 1.57 0
0 0 8 0 0.4 3.74545 7 4.72643 0.75 0 -3.59322 1.77556 -1.45636 1.57 0
0 0 8 0 0.4 3.74545 8 4.67426 0.75 0 -2.96597 -1.67811 -2.34663 1.57 0
0 0 8 0 0.4 3.74545 9 4.63695 0.75 0 -3.12801 -1.77431 -1.44529 1.57 0
0 0 9 0 0.4 4.06364 0 4.86962 0.75 0 -3.53649 1.19477 -1.48988 1.57 0
0 0 9 0 0.4 4.06364 1 4.81672 0.75 0 -3.12039 -1.30124 -1.77547 1.57 0
0 0 9 0 0.4 4.06364 2 4.63051 0.75 0 -2.91221 -1.82981 -2.08932 1.57 0
0 0 9 0 0.4 4.06364 3 4.38297 0.625 0 -2.80333 -1.09255 -2.15072 1.57 0
0 0 9 0 0.4 4.06364 4 4.2699 0.625 0 -3.15575 0.527289 -1.20505 1.57 0
0 0 9 0 0.4 4.06364 5 4.22739 0.625 0 -3.09963 0.459235 -1.14988 1.57 0
0 0 9 0 0.4 4.06364 6 4.12139 0.625 0 -3.06248 -1.76487 -1.92633 1.57 0
0 0 9 0 0.4 4.06364 7 4.12044 0.625 0 -3.05443 -1.79753 -1.78203 1.57 0
0 0 9 0 0.4 4.06364 8 4.059 0.625 0 -3.13325 -1.82338 -1.76421 1.57 0
0 0 9 0 0.4 4.06364 9 4.00259 0.625 0 -3.37912 -1.78685 -1.05641 1.57 0
0 0 10 0 0.4 4.38182 0 4.34046 0.75 0 -3.42391 -1.71529 -2.26901 1.57 0
0 0 10 0 0.4 4.38182 1 3.65612 0.5 0 -3.39637 -1.25096 -2.27986 1.57 0
0 0 10 0 0.4 4.38182 2 3.65357 0.5 0 -3.15108 -1.66634 -1.77593 1.57 0
0 0 10 0 0.4 4.38182 3 3.54972 0.5 0 -3.1601 -0.276049 -2.1882 1.57 0
0 0 10 0 0.4 4.38182 4 3.28471 0.375 0 -3.12791 -1.34358 -1.56397 1.57 0
0 0 10 0 0.4 4.38182 5 3.2529 0.5 0 -3.23318 -2.16521 -1.29504 1.57 0
0 0 10 0 0.4 4.38182 6 3.2276 0.375 0 -3.10153 -0.995092 -2.1103 1.57 0
0 0 10 0 0.4 4.38182 7 3.10591 0.5 0 -3.77962 -1.86389 -2.01722 1.57 0
0 0 10 0 0.4 4.38182 8 3.0286 0.375 0 -3.54618 -1.36927 -1.84143 1.57 0
0 0 10 0 0.4 4.38182 9 2.93007 0.375 0 -3.11236 -0.236612 -2.0812 1.57 0
0 0 11 0 0.4 4.7 0 2.66818 0.25 0 -3.46564 -0.563389 -2.18466 1.57 0
0 0 11 0 0.4 4.7 1 2.61637 0.25 0 -3.68996 0.376846 -1.01383 1.57 0
0 0 11 0 0.4 4.7 2 2.12189 0.125 0 -3.62444 -0.979635 -1.8927 1.57 0
0 0 11 0 0.4 4.7 3 2.10793 0.125 0 -3.7475 0.403174 -1.94025 1.57 0
0 0 11 0 0.4 4.7 4 2.09001 0.125 0 -2.49035 -2.14876 -1.62741 1.57 0
0 0 11 0 0.4 4.7 5 2.06005 0.125 0 -3.64275 -1.09318 -1.98537 1.57 0
0 0 11 0 0.4 4.7 6 2.05341 0.125 0 -3.5836 -1.25031 -1.8947 1.57 0
0 0 11 0 0.4 4.7 7 1.94083 0.125 0 -3.59028 0.236742 -2.41241 1.57 0
0 0 11 0 0.4 4.7 8 1.89289 0.125 0 -3.56588 0.177129 -1.33932 1.57 0
0 0 11 0 0.4 4.7 9 1.82592 0.125 0 -3.6227 0.148366 -1.62175 1.57 0
0 1 0 0 0.45 1.2 0 5.92999 1 0 -0.173567 1.16555 -2.10076 1.57 0
0 1 0 0 0.45 1.2 1 5.92256 1 0 -0.26237 1.28526 -1.5479 1.57 0
0 1 0 0 0.45 1.2 2 5.91362 1 0 -0.483922 1.44581 -1.34298 1.57 0
0 1 0 0 0.45 1.2 3 5.69803 1 0 -0.00344013 -1.61719 -2.06074 1.57 0
0 1 0 0 0.45 1.2 4 5.57616 1 0 0.382236 -2.00611 -2.11578 1.57 0
0 1 0 0 0.45 1.2 5 5.52566 1 0 0.662722 -2.06505 -2.44782 1.57 0
0 1 0 0 0.45 1.2 6 5.40614 0.875 0 -0.30603 1.45178 -2.49558 1.57 0
0 1 0 0 0.45 1.2 7 5.37486 0.875 0 0.259558 -1.14798 -2.45435 1.57 0
0 1 0 0 0.45 1.2 8 5.35965 0.875 0 -0.493321 1.71263 -2.02708 1.57 0
0 1 0 0 0.45 1.2 9 5.35736 0.875 0 -0.843492 1.72168 -1.16283 1.57 0
0 1 1 0 0.45 1.51818 0 5.95115 1 0 -0.604665 1.04446 -1.49247 1.57 0
0 1 1 0 0.45 1.51818 1 5.94328 1 0 -0.491168 0.953357 -1.20309 1.57 0
0 1 1 0 0.45 1.51818 2 5.91481 1 0 -0.3221 0.795134 -2.25411 1.57 0
0 1 1 0 0.45 1.51818 3 5.91091 1 0 0.515276 -1.03314 -1.87182 1.57 0
0 1 1 0 0.45 1.51818 4 5.87891 1 0 0.329586 -1.16468 -2.43928 1.57 0
0 1 1 0 0.45 1.51818 5 5.8767 1 0 -0.913364 1.7098 -1.62629 1.57 0
0 1 1 0 0.45 1.51818 6 5.85497 1 0 0.265615 -0.718655 -2.40914 1.57 0
0 1 1 0 0.45 1.51818 7 5.84797 1 0 0.61266 -1.55923 -1.85864 1.57 0
0 1 1 0 0.45 1.51818 8 5.76332 1 0 -0.129816 0.425831 -1.8913 1.57 0
0 1 1 0 0.45 1.51818 9 5.69275 1 0 0.202172 -0.356533 -1.89088 1.57 0
0 1 2 0 0.45 1.83636 0 5.92784 1 0 -0.945941 1.03426 -1.16223 1.57 0
0 1 2 0 0.45 1.83636 1 5.92658 1 0 -1.04553 1.31916 -1.50771 1.57 0
0 1 2 0 0.45 1.83636 2 5.90566 1 0 -0.683556 0.763069 -1.24101 1.57 0
0 1 2 0 0.45 1.83636 3 5.89648 1 0 -0.960747 1.50339 -1.1049 1.57 0
0 1 2 0 0.45 1.83636 4 5.89039 1 0 0.117715 -0.845691 -2.04848 1.57 0
0 1 2 0 0.45 1.83636 5 5.82585 1 0 -0.0449529 -0.535522 -1.29899 1.57 0
0 1 2 0 0.45 1.83636 6 5.82524 1 0 0.00149962 -0.671907 -2.41209 1.57 0
0 1 2 0 0.45 1.83636 7 5.82308 1 0 0.439708 -1.68241 -1.61576 1.57 0
0 1 2 0 0.45 1.83636 8 5.80298 1 0 0.0797474 -0.571847 -2.39133 1.57 0
0 1 2 0 0.45 1.83636 9 5.77931 1 0 -1.58439 -1.25074 -2.4071 1.57 0
0 1 3 0 0.45 2.15455 0 5.37339 0.875 0 -1.33372 1.18048 -1.21142 1.57 0
0 1 3 0 0.45 2.15455 1 5.37152 0.875 0 -1.37573 1.34214 -1.10945 1.57 0
0 1 3 0 0.45 2.15455 2 5.35898 0.875 0 -1.03088 0.820656 -1.83901 1.57 0
0 1 3 0 0.45 2.15455 3 5.35477 0.875 0 -1.43596 1.41629 -1.68678 1.57 0
0 1 3 0 0.45 2.15455 4 5.35144 0.875 0 -1.3855 1.59662 -1.12236 1.57 0
0 1 3 0 0.45 2.15455 5 5.33903 0.875 0 -1.73129 -1.47892 -2.09559 1.57 0
0 1 3 0 0.45 2.15455 6 5.24485 0.875 0 -1.47257 -1.77851 -2.00142 1.57 0
0 1 3 0 0.45 2.15455 7 5.24088 0.875 0 -1.37742 -1.70559 -1.60043 1.57 0
0 1 3 0 0.45 2.15455 8 5.2143 0.875 0 -1.45733 -1.91979 -1.80668 1.57 0
0 1 3 0 0.45 2.15455 9 5.2117 0.875 0 -1.60689 -1.87775 -2.38613 1.57 0
0 1 4 0 0.45 2.47273 0 5.84587 1 0 -2.00406 -1.7086 -1.78382 1.57 0
0 1 4 0 0.45 2.47273 1 5.81228 1 0 -1.73632 -1.8177 -1.33447 1.57 0
0 1 4 0 0.45 2.47273 2 5.78739 1 0 -1.61463 -1.699 -2.09718 1.57 0
0 1 4 0 0.45 2.47273 3 5.76556 1 0 -1.50808 -1.80775 -1.58799 1.57 0
0 1 4 0 0.45 2.47273 4 5.74947 1 0 -1.6359 -1.97423 -1.30963 1.57 0
0 1 4 0 0.45 2.47273 5 5.7432 1 0 -1.70432 -1.9084 -2.04425 1.57 0
0 1 4 0 0.45 2.47273 6 5.73911 1 0 -1.97117 -1.86662 -2.45849 1.57 0
0 1 4 0 0.45 2.47273 7 5.73751 1 0 -1.68504 -1.92857 -1.98888 1.57 0
0 1 4 0 0.45 2.47273 8 5.71354 1 0 -1.6267 -1.94905 -2.09206 1.57 0
0 1 4 0 0.45 2.47273 9 5.70866 1 0 -1.58339 -1.98432 -1.88601 1.57 0
0 1 5 0 0.45 2.79091 0 5.89227 1 0 -2.42592 -1.3096 -2.19567 1.57 0
0 1 5 0 0.45 2.79091 1 5.84751 1 0 -1.96432 -1.75164 -1.45911 1.57 0
0 1 5 0 0.45 2.79091 2 5.83871 1 0 -2.65041 -1.5575 -1.98316 1.57 0
0 1 5 0 0.45 2.79091 3 5.83738 1 0 -1.83886 -1.53786 -2.29178 1.57 0
0 1 5 0 0.45 2.79091 4 5.80356 1 0 -2.21441 -1.91769 -1.19691 1.57 0
0 1 5 0 0.45 2.79091 5 5.79509 1 0 -1.90979 -1.92848 -1.27301 1.57 0
0 1 5 0 0.45 2.79091 6 5.7845 1 0 -1.55255 -1.73637 -1.75865 1.57 0
0 1 5 0 0.45 2.79091 7 5.7456 1 0 -1.6016 -1.73387 -2.49208 1.57 0
0 1 5 0 0.45 2.79091 8 5.71386 1 0 -2.40723 -1.99491 -1.64662 1.57 0
0 1 5 0 0.45 2.79091 9 5.70358 1 0 -1.49693 -1.87567 -2.26874 1.57 0
0 1 6 0 0.45 3.10909 0 5.87829 1 0 -2.85413 -0.980492 -2.15593 1.57 0
0 1 6 0 0.45 3.10909 1 5.81457 1 0 -2.47466 -1.83988 -1.18848 1.57 0
0 1 6 0 0.45 3.10909 2 5.79192 1 0 -2.35824 -1.89746 -1.38261 1.57 0
0 1 6 0 0.45 3.10909 3 5.78875 1 0 -2.77433 -1.5781 -2.23663 1.57 0
0 1 6 0 0.45 3.10909 4 5.62555 1 0 -2.74853 -1.96751 -1.84503 1.57 0
0 1 6 0 0.45 3.10909 5 5.62208 1 0 -2.2856 -2.04156 -2.43435 1.57 0
0 1 6 0 0.45 3.10909 6 5.60792 1 0 -1.47362 -2.06396 -1.54735 1.57 0
0 1 6 0 0.45 3.10909 7 5.38773 0.875 0 -2.05556 -1.51271 -1.74681 1.57 0
0 1 6 0 0.45 3.10909 8 5.36164 0.875 0 -2.52177 -1.50998 -2.0638 1.57 0
0 1 6 0 0.45 3.10909 9 5.35712 0.875 0 -2.53599 -1.7004 -1.19355 1.57 0
0 1 7 0 0.45 3.42727 0 5.72277 1 0 -2.90575 1.3348 -1.46271 1.57 0
0 1 7 0 0.45 3.42727 1 5.65427 1 0 -2.29266 -2.12102 -1.59253 1.57 0
0 1 7 0 0.45 3.42727 2 5.30521 0.875 0 -3.20412 -0.83267 -2.21467 1.57 0
0 1 7 0 0.45 3.42727 3 5.27616 0.875 0 -1.94763 -0.743806 -1.98978 1.57 0
0 1 7 0 0.45 3.42727 4 5.24332 0.875 0 -3.34232 -0.666335 -2.15533 1.57 0
0 1 7 0 0.45 3.42727 5 5.16895 0.875 0 -2.06946 -2.13688 -1.57357 1.57 0
0 1 7 0 0.45 3.42727 6 5.0972 0.875 0 -2.60495 -2.00676 -2.25586 1.57 0
0 1 7 0 0.45 3.42727 7 4.87175 0.75 0 -2.11458 -0.960009 -2.19419 1.57 0
0 1 7 0 0.45 3.42727 8 4.72837 0.75 0 -2.71918 0.915353 -1.2396 1.57 0
0 1 7 0 0.45 3.42727 9 4.70663 0.75 0 -2.89576 -1.64957 -2.44399 1.57 0
0 1 8 0 0.45 3.74545 0 5.40683 0.875 0 -2.62118 -1.0187 -1.95464 1.57 0
0 1 8 0 0.45 3.74545 1 5.32612 0.875 0 -2.80951 -1.44972 -2.18549 1.57 0
0 1 8 0 0.45 3.74545 2 5.19906 0.875 0 -2.84913 0.947473 -2.39554 1.57 0
0 1 8 0 0.45 3.74545 3 4.83627 0.75 0 -2.9618 0.844586 -2.20548 1.57 0
0 1 8 0 0.45 3.74545 4 4.78547 0.75 0 -2.64658 -1.68276 -2.11753 1.57 0
0 1 8 0 0.45 3.74545 5 4.74991 0.75 0 -2.93952 1.11119 -2.321 1.57 0
0 1 8 0 0.45 3.74545 6 4.71914 0.75 0 -2.41868 -0.469653 -2.1709 1.57 0
0 1 8 0 0.45 3.74545 7 4.71665 0.75 0 -2.79868 0.503528 -2.19177 1.57 0
0 1 8 0 0.45 3.74545 8 4.68469 0.75 0 -3.45439 -0.710295 -2.45475 1.57 0
0 1 8 0 0.45 3.74545 9 4.66832 0.75 0 -2.67405 0.48924 -1.46627 1.57 0
0 1 9 0 0.45 4.06364 0 5.0496 0.875 0 -3.61501 -1.1673 -2.01768 1.57 0
0 1 9 0 0.45 4.06364 1 4.88372 0.75 0 -2.784 -0.844242 -1.95453 1.57 0
0 1 9 0 0.45 4.06364 2 4.59717 0.75 0 -3.58991 -1.14877 -1.8732 1.57 0
0 1 9 0 0.45 4.06364 3 4.50817 0.75 0 -2.98167 -2.10502 -1.08605 1.57 0
0 1 9 0 0.45 4.06364 4 4.50072 0.75 0 -3.03841 -1.95315 -1.86327 1.57 0
0 1 9 0 0.45 4.06364 5 4.35779 0.625 0 -2.80014 -1.41614 -1.87641 1.57 0
0 1 9 0 0.45 4.06364 6 4.34877 0.625 0 -2.987 -1.40754 -1.45175 1.57 0
0 1 9 0 0.45 4.06364 7 4.07755 0.625 0 -3.01098 -1.82501 -2.18258 1.57 0
0 1 9 0 0.45 4.06364 8 3.99484 0.625 0 -3.52154 -1.35886 -2.36828 1.57 0
0 1 9 0 0.45 4.06364 9 3.88747 0.5 0 -2.88006 -0.954046 -1.91344 1.57 0
0 1 10 0 0.45 4.38182 0 3.78388 0.5 0 -3.2456 -1.00047 -2.30838 1.57 0
0 1 10 0 0.45 4.38182 1 3.33715 0.5 0 -3.41762 -1.71531 -2.37595 1.57 0
0 1 10 0 0.45 4.38182 2 3.19447 0.375 0 -3.18244 -1.47308 -2.20102 1.57 0
0 1 10 0 0.45 4.38182 3 3.16758 0.375 0 -3.54565 -0.742832 -2.163 1.57 0
0 1 10 0 0.45 4.38182 4 2.98974 0.375 0 -3.13499 -0.213209 -1.72867 1.57 0
0 1 10 0 0.45 4.38182 5 2.89243 0.375 0 -3.66493 -1.36276 -1.90338 1.57 0
0 1 10 0 0.45 4.38182 6 2.83772 0.25 0 -3.70158 0.842513 -1.4226 1.57 0
0 1 10 0 0.45 4.38182 7 2.72324 0.25 0 -3.22525 -1.29368 -2.42629 1.57 0
0 1 10 0 0.45 4.38182 8 2.70432 0.25 0 -2.43987 -2.08201 -1.01496 1.57 0
0 1 10 0 0.45 4.38182 9 2.69708 0.25 0 -3.51409 -0.912928 -1.97726 1.57 0
0 1 11 0 0.45 4.7 0 3.11932 0.375 0 -2.93517 -1.98603 -1.13389 1.57 0
0 1 11 0 0.45 4.7 1 2.8 0.25 0 -3.23076 -1.0657 -2.08176 1.57 0
0 1 11 0 0.45 4.7 2 2.6599 0.25 0 -3.20293 -1.65992 -1.49942 1.57 0
0 1 11 0 0.45 4.7 3 2.61292 0.25 0 -3.10301 -1.88036 -1.15149 1.57 0
0 1 11 0 0.45 4.7 4 2.60516 0.25 0 -3.43334 -1.39492 -1.89625 1.57 0
0 1 11 0 0.45 4.7 5 2.58517 0.25 0 -3.36677 -0.308411 -1.07431 1.57 0
0 1 11 0 0.45 4.7 6 2.56261 0.25 0 -2.97566 -1.97887 -1.49126 1.57 0
0 1 11 0 0.45 4.7 7 2.54517 0.25 0 -3.5143 -1.34052 -2.07727 1.57 0
0 1 11 0 0.45 4.7 8 2.48123 0.25 0 -3.7805 -0.664215 -2.44746 1.57 0
0 1 11 0 0.45 4.7 9 2.42684 0.25 0 -3.46034 -0.207806 -1.76666 1.57 0
0 2 0 0 0.5 1.2 0 5.93351 1 0 -0.334049 1.2968 -1.92358 1.57 0
0 2 0 0 0.5 1.2 1 5.89772 1 0 -0.758746 1.5574 -1.07781 1.57 0
0 2 0 0 0.5 1.2 2 5.83376 1 0 0.615423 -1.54603 -2.12382 1.57 0
0 2 0 0 0.5 1.2 3 5.83325 1 0 0.647564 -0.726053 -2.16761 1.57 0
0 2 0 0 0.5 1.2 4 5.73626 1 0 0.120716 0.417745 -1.68587 1.57 0
0 2 0 0 0.5 1.2 5 5.43391 0.875 0 -0.174579 1.08366 -1.89634 1.57 0
0 2 0 0 0.5 1.2 6 5.39883 0.875 0 -0.52844 1.57856 -1.85283 1.57 0
0 2 0 0 0.5 1.2 7 5.3639 0.875 0 -0.750677 1.70333 -1.2791 1.57 0
0 2 0 0 0.5 1.2 8 5.33817 0.875 0 0.690435 -1.46233 -2.24411 1.57 0
0 2 0 0 0.5 1.2 9 5.32754 0.875 0 0.815081 -1.12384 -1.77539 1.57 0
0 2 1 0 0.5 1.51818 0 5.94726 1 0 -0.456322 0.995745 -1.95183 1.57 0
0 2 1 0 0.5 1.51818 1 5.91709 1 0 -0.77335 1.50366 -1.33948 1.57 0
0 2 1 0 0.5 1.51818 2 5.91451 1 0 0.515206 -1.1722 -1.75968 1.57 0
0 2 1 0 0.5 1.51818 3 5.89447 1 0 0.397931 -0.835094 -2.03782 1.57 0
0 2 1 0 0.5 1.51818 4 5.87894 1 0 0.43383 -1.23461 -2.3713 1.57 0
0 2 1 0 0.5 1.51818 5 5.86861 1 0 0.768782 -1.40226 -1.27029 1.57 0
0 2 1 0 0.5 1.51818 6 5.74353 1 0 0.699873 -1.78024 -2.18115 1.57 0
0 2 1 0 0.5 1.51818 7 5.72199 1 0 0.227739 -0.383205 -1.67449 1.57 0
0 2 1 0 0.5 1.51818 8 5.68807 1 0 0.816785 -1.85294 -1.86584 1.57 0
0 2 1 0 0.5 1.51818 9 5.64078 1 0 0.571084 -1.93086 -2.36873 1.57 0
0 2 2 0 0.5 1.83636 0 5.92897 1 0 -0.960066 1.05452 -1.31224 1.57 0
0 2 2 0 0.5 1.83636 1 5.9253 1 0 -0.993307 1.35761 -2.00738 1.57 0
0 2 2 0 0.5 1.83636 2 5.90851 1 0 -0.90369 1.57514 -1.93604 1.57 0
0 2 2 0 0.5 1.83636 3 5.89235 1 0 0.497226 -1.39112 -1.76799 1.57 0
0 2 2 0 0.5 1.83636 4 5.8823 1 0 -1.22767 1.57907 -1.40052 1.57 0
0 2 2 0 0.5 1.83636 5 5.88012 1 0 -0.677786 0.769718 -2.45024 1.57 0
0 2 2 0 0.5 1.83636 6 5.87512 1 0 0.111833 -0.857136 -2.30782 1.57 0
0 2 2 0 0.5 1.83636 7 5.85507 1 0 -1.26842 1.70015 -1.40227 1.57 0
0 2 2 0 0.5 1.83636 8 5.85487 1 0 -0.993666 1.78271 -1.64081 1.57 0
0 2 2 0 0.5 1.83636 9 5.81769 1 0 0.682878 -1.70263 -1.59476 1.57 0
0 2 3 0 0.5 2.15455 0 5.40234 0.875 0 -1.09472 1.1532 -2.15091 1.57 0
0 2 3 0 0.5 2.15455 1 5.3835 0.875 0 -0.135582 -0.876898 -1.48386 1.57 0
0 2 3 0 0.5 2.15455 2 5.37871 0.875 0 -0.176012 -0.91147 -1.40186 1.57 0
0 2 3 0 0.5 2.15455 3 5.35766 0.875 0 -1.92964 -1.41912 -2.34574 1.57 0
0 2 3 0 0.5 2.15455 4 5.35255 0.875 0 -0.0292857 -1.13975 -2.11771 1.57 0
0 2 3 0 0.5 2.15455 5 5.33769 0.875 0 -0.893547 0.706461 -1.69011 1.57 0
0 2 3 0 0.5 2.15455 6 5.33104 0.875 0 -1.50236 1.26573 -1.02683 1.57 0
0 2 3 0 0.5 2.15455 7 5.32481 0.875 0 -0.261709 -0.722053 -1.70632 1.57 0
0 2 3 0 0.5 2.15455 8 5.31688 0.875 0 -1.43452 1.72573 -2.16301 1.57 0
0 2 3 0 0.5 2.15455 9 5.30128 0.875 0 -0.197243 -1.07086 -2.2056 1.57 0
0 2 4 0 0.5 2.47273 0 5.89008 1 0 -2.40815 -1.12606 -2.41452 1.57 0
0 2 4 0 0.5 2.47273 1 5.85933 1 0 -1.81239 -1.56627 -1.72854 1.57 0
0 2 4 0 0.5 2.47273 2 5.84482 1 0 -2.05594 -1.55484 -2.37994 1.57 0
0 2 4 0 0.5 2.47273 3 5.83385 1 0 -1.8119 -1.68395 -1.85775 1.57 0
0 2 4 0 0.5 2.47273 4 5.78789 1 0 -1.50999 1.07594 -1.3891 1.57 0
0 2 4 0 0.5 2.47273 5 5.74052 1 0 -1.41251 0.957547 -2.24498 1.57 0
0 2 4 0 0.5 2.47273 6 5.7396 1 0 -1.48842 -1.24173 -2.40287 1.57 0
0 2 4 0 0.5 2.47273 7 5.72913 1 0 -1.5941 1.22606 -2.2714 1.57 0
0 2 4 0 0.5 2.47273 8 5.71069 1 0 -1.73488 1.4706 -2.14854 1.57 0
0 2 4 0 0.5 2.47273 9 5.69796 1 0 -1.8601 1.57905 -1.23407 1.57 0
0 2 5 0 0.5 2.79091 0 5.91327 1 0 -2.29173 -1.29789 -1.8191 1.57 0
0 2 5 0 0.5 2.79091 1 5.89232 1 0 -2.36934 -1.12565 -2.37855 1.57 0
0 2 5 0 0.5 2.79091 2 5.88855 1 0 -2.59563 -1.15208 -2.32159 1.57 0
0 2 5 0 0.5 2.79091 3 5.88046 1 0 -2.10998 -1.47614 -2.05289 1.57 0
0 2 5 0 0.5 2.79091 4 5.85191 1 0 -2.25797 -1.70162 -1.69405 1.57 0
0 2 5 0 0.5 2.79091 5 5.84262 1 0 -2.92311 -1.14686 -2.44775 1.57 0
0 2 5 0 0.5 2.79091 6 5.8317 1 0 -1.90875 -1.67046 -2.0889 1.57 0
0 2 5 0 0.5 2.79091 7 5.78187 1 0 -1.4973 -1.61168 -1.90225 1.57 0
0 2 5 0 0.5 2.79091 8 5.78006 1 0 -1.66695 -1.07441 -2.38143 1.57 0
0 2 5 0 0.5 2.79091 9 5.77144 1 0 -1.50755 -1.43018 -2.30238 1.57 0
0 2 6 0 0.5 3.10909 0 5.86674 1 0 -2.07935 -1.54943 -2.06883 1.57 0
0 2 6 0 0.5 3.10909 1 5.66434 1 0 -2.08027 -2.19198 -1.12397 1.57 0
0 2 6 0 0.5 3.10909 2 5.40798 0.875 0 -2.23811 -1.32969 -1.87423 1.57 0
0 2 6 0 0.5 3.10909 3 5.38847 0.875 0 -2.57664 -1.22447 -2.26864 1.57 0
0 2 6 0 0.5 3.10909 4 5.38807 0.875 0 -2.20346 -1.07746 -2.31722 1.57 0
0 2 6 0 0.5 3.10909 5 5.37435 0.875 0 -2.1904 -1.02087 -2.46805 1.57 0
0 2 6 0 0.5 3.10909 6 5.37393 0.875 0 -1.90963 -1.49783 -1.84807 1.57 0
0 2 6 0 0.5 3.10909 7 5.34945 0.875 0 -2.76939 -1.35451 -2.26782 1.57 0
0 2 6 0 0.5 3.10909 8 5.32118 0.875 0 -2.18645 -1.79796 -1.74359 1.57 0
0 2 6 0 0.5 3.10909 9 5.30346 0.875 0 -1.85952 -1.87054 -1.51443 1.57 0
0 2 7 0 0.5 3.42727 0 5.70714 1 0 -2.39158 -1.94254 -2.07328 1.57 0
0 2 7 0 0.5 3.42727 1 5.63738 1 0 -2.01498 -2.06411 -2.38822 1.57 0
0 2 7 0 0.5 3.42727 2 5.40498 1 0 -2.26795 0.267915 -2.42625 1.57 0
0 2 7 0 0.5 3.42727 3 5.37181 0.875 0 -2.55727 -1.59725 -1.4541 1.57 0
0 2 7 0 0.5 3.42727 4 5.33402 0.875 0 -1.96876 -1.83905 -1.08377 1.57 0
0 2 7 0 0.5 3.42727 5 5.32275 0.875 0 -1.95567 -0.859832 -2.04584 1.57 0
0 2 7 0 0.5 3.42727 6 5.318 0.875 0 -3.11782 -0.990813 -2.37975 1.57 0
0 2 7 0 0.5 3.42727 7 5.28579 0.875 0 -2.38803 -1.91534 -1.29444 1.57 0
0 2 7 0 0.5 3.42727 8 5.25815 0.875 0 -2.48689 -1.76541 -2.34878 1.57 0
0 2 7 0 0.5 3.42727 9 5.18051 0.875 0 -1.91918 -0.670244 -1.91918 1.57 0
0 2 8 0 0.5 3.74545 0 5.35024 0.875 0 -3.0109 0.94399 -2.21073 1.57 0
0 2 8 0 0.5 3.74545 1 4.84455 0.75 0 -3.39176 1.32875 -1.28141 1.57 0
0 2 8 0 0.5 3.74545 2 4.66426 0.875 0 -2.50648 0.0447496 -1.66389 1.57 0
0 2 8 0 0.5 3.74545 3 4.62492 0.75 0 -2.63021 0.410252 -2.02214 1.57 0
0 2 8 0 0.5 3.74545 4 4.49075 0.75 0 -2.63716 0.261774 -1.20534 1.57 0
0 2 8 0 0.5 3.74545 5 4.45632 0.75 0 -2.37431 -0.222253 -1.82588 1.57 0
0 2 8 0 0.5 3.74545 6 4.37289 0.625 0 -2.54064 -0.778806 -2.06784 1.57 0
0 2 8 0 0.5 3.74545 7 4.35057 0.625 0 -3.05975 0.958902 -1.57088 1.57 0
0 2 8 0 0.5 3.74545 8 4.3217 0.625 0 -2.96971 0.874596 -1.30215 1.57 0
0 2 8 0 0.5 3.74545 9 4.31334 0.625 0 -3.2336 1.4742 -1.99394 1.57 0
0 2 9 0 0.5 4.06364 0 4.71731 0.75 0 -3.02684 0.545005 -2.41207 1.57 0
0 2 9 0 0.5 4.06364 1 4.31558 0.625 0 -2.64242 -1.45934 -1.44584 1.57 0
0 2 9 0 0.5 4.06364 2 4.21029 0.75 0 -3.05459 -0.0689793 -2.44522 1.57 0
0 2 9 0 0.5 4.06364 3 4.15049 0.625 0 -2.60509 -1.74088 -2.11138 1.57 0
0 2 9 0 0.5 4.06364 4 3.92056 0.625 0 -3.46136 -1.60308 -2.04455 1.57 0
0 2 9 0 0.5 4.06364 5 3.87565 0.625 0 -3.14479 -2.07524 -1.48685 1.57 0
0 2 9 0 0.5 4.06364 6 3.8196 0.5 0 -3.69953 1.43982 -1.08279 1.57 0
0 2 9 0 0.5 4.06364 7 3.81307 0.5 0 -3.14388 0.619037 -1.70171 1.57 0
0 2 9 0 0.5 4.06364 8 3.8021 0.5 0 -3.79353 1.53744 -1.48888 1.57 0
0 2 9 0 0.5 4.06364 9 3.7352 0.5 0 -3.7989 1.77557 -1.62813 1.57 0
0 2 10 0 0.5 4.38182 0 3.85104 0.5 0 -2.978 -1.12791 -2.19971 1.57 0
0 2 10 0 0.5 4.38182 1 3.83762 0.5 0 -3.03378 -1.21479 -2.05791 1.57 0
0 2 10 0 0.5 4.38182 2 3.69422 0.5 0 -3.18172 -1.47244 -2.21043 1.57 0
0 2 10 0 0.5 4.38182 3 3.68114 0.5 0 -2.29359 -2.06334 -1.72184 1.57 0
0 2 10 0 0.5 4.38182 4 3.55776 0.5 0 -3.72378 -0.774599 -2.09762 1.57 0
0 2 10 0 0.5 4.38182 5 3.38531 0.5 0 -3.02884 -2.17417 -1.32382 1.57 0
0 2 10 0 0.5 4.38182 6 3.36542 0.375 0 -2.8079 -1.49787 -1.39927 1.57 0
0 2 10 0 0.5 4.38182 7 3.30349 0.375 0 -2.78681 -1.65533 -1.65464 1.57 0
0 2 10 0 0.5 4.38182 8 3.29168 0.375 0 -2.87808 -1.69802 -1.27998 1.57 0
0 2 10 0 0.5 4.38182 9 3.28433 0.375 0 -3.31598 -1.03154 -1.91308 1.57 0
0 2 11 0 0.5 4.7 0 3.18052 0.375 0 -1.89365 -2.12645 -1.58073 1.57 0
0 2 11 0 0.5 4.7 1 2.97626 0.375 0 -3.53386 -0.293809 -2.25479 1.57 0
0 2 11 0 0.5 4.7 2 2.9612 0.375 0 -3.67475 -1.28329 -1.73947 1.57 0
0 2 11 0 0.5 4.7 3 2.85547 0.25 0 -3.17656 -0.746397 -1.00031 1.57 0
0 2 11 0 0.5 4.7 4 2.80027 0.25 0 -2.66866 -1.74196 -1.5739 1.57 0
0 2 11 0 0.5 4.7 5 2.68823 0.25 0 -2.47354 -2.06558 -1.29382 1.57 0
0 2 11 0 0.5 4.7 6 2.66994 0.25 0 -2.54838 -2.00317 -1.75209 1.57 0
0 2 11 0 0.5 4.7 7 2.66182 0.25 0 -2.41208 -2.13102 -1.21126 1.57 0
0 2 11 0 0.5 4.7 8 2.64949 0.25 0 -3.47215 -1.1126 -2.32469 1.57 0
0 2 11 0 0.5 4.7 9 2.62585 0.25 0 -2.95548 -1.89824 -1.54729 1.57 0
0 3 0 0 0.55 1.2 0 5.80505 1 0 0.111694 0.966106 -1.97951 1.57 0
0 3 0 0 0.55 1.2 1 5.79472 1 0 0.571111 -1.68653 -2.06132 1.57 0
0 3 0 0 0.55 1.2 2 5.6097 1 0 -0.200116 -1.56409 -2.08902 1.57 0
0 3 0 0 0.55 1.2 3 5.42165 0.875 0 -0.0641942 0.954499 -2.01474 1.57 0
0 3 0 0 0.55 1.2 4 5.41363 0.875 0 -0.140255 1.2301 -1.60774 1.57 0
0 3 0 0 0.55 1.2 5 5.40546 0.875 0 -0.670084 1.50445 -1.06636 1.57 0
0 3 0 0 0.55 1.2 6 5.31024 0.875 0 0.687144 -1.59735 -2.18333 1.57 0
0 3 0 0 0.55 1.2 7 5.29498 0.875 0 0.498842 -0.574718 -2.32156 1.57 0
0 3 0 0 0.55 1.2 8 5.27945 0.875 0 -0.145049 1.71149 -1.85048 1.57 0
0 3 0 0 0.55 1.2 9 5.22564 0.875 0 0.558623 -1.76532 -2.45884 1.57 0
0 3 1 0 0.55 1.51818 0 5.9312 1 0 0.553127 -1.14253 -1.01134 1.57 0
0 3 1 0 0.55 1.51818 1 5.90185 1 0 -0.659992 1.59491 -1.72325 1.57 0
0 3 1 0 0.55 1.51818 2 5.89533 1 0 0.475657 -1.05097 -2.24875 1.57 0
0 3 1 0 0.55 1.51818 3 5.8923 1 0 0.700778 -1.39251 -1.27407 1.57 0
0 3 1 0 0.55 1.51818 4 5.88909 1 0 0.497964 -1.07311 -2.3363 1.57 0
0 3 1 0 0.55 1.51818 5 5.84991 1 0 0.418166 -1.44099 -2.2564 1.57 0
0 3 1 0 0.55 1.51818 6 5.73092 1 0 0.805454 -1.85721 -1.3243 1.57 0
0 3 1 0 0.55 1.51818 7 5.68192 1 0 0.54794 -1.91808 -2.02043 1.57 0
0 3 1 0 0.55 1.51818 8 5.65204 1 0 0.303777 -1.88941 -2.00056 1.57 0
0 3 1 0 0.55 1.51818 9 5.6181 1 0 0.265648 -1.92016 -1.99619 1.57 0
0 3 2 0 0.55 1.83636 0 5.93812 1 0 -0.84777 1.31426 -1.99609 1.57 0
0 3 2 0 0.55 1.83636 1 5.93598 1 0 -0.73333 0.938344 -1.59359 1.57 0
0 3 2 0 0.55 1.83636 2 5.93332 1 0 -0.92725 1.30112 -1.99289 1.57 0
0 3 2 0 0.55 1.83636 3 5.91646 1 0 -0.761359 0.833951 -1.33742 1.57 0
0 3 2 0 0.55 1.83636 4 5.90733 1 0 -0.918991 1.56479 -2.15521 1.57 0
0 3 2 0 0.55 1.83636 5 5.90621 1 0 -0.92171 1.51651 -2.45618 1.57 0
0 3 2 0 0.55 1.83636 6 5.87973 1 0 0.332449 -0.928992 -2.49772 1.57 0
0 3 2 0 0.55 1.83636 7 5.87904 1 0 -0.906857 1.70086 -1.62262 1.57 0
0 3 2 0 0.55 1.83636 8 5.86209 1 0 -1.28434 1.6441 -1.26202 1.57 0
0 3 2 0 0.55 1.83636 9 5.85292 1 0 0.345653 -1.49376 -1.94212 1.57 0
0 3 3 0 0.55 2.15455 0 5.40714 0.875 0 0.154852 -1.27863 -1.47664 1.57 0
0 3 3 0 0.55 2.15455 1 5.39865 0.875 0 -0.107528 -1.07006 -1.21849 1.57 0
0 3 3 0 0.55 2.15455 2 5.39362 0.875 0 -1.27531 1.28904 -1.40635 1.57 0
0 3 3 0 0.55 2.15455 3 5.37912 0.875 0 -1.14842 1.03821 -2.04051 1.57 0
0 3 3 0 0.55 2.15455 4 5.37894 0.875 0 -0.237729 -0.892934 -1.04916 1.57 0
0 3 3 0 0.55 2.15455 5 5.36922 0.875 0 -0.166388 -0.867615 -1.6028 1.57 0
0 3 3 0 0.55 2.15455 6 5.35752 0.875 0 0.29937 -1.60587 -1.27106 1.57 0
0 3 3 0 0.55 2.15455 7 5.35704 0.875 0 -1.05161 0.89932 -2.28308 1.57 0
0 3 3 0 0.55 2.15455 8 5.33476 0.875 0 -0.951847 0.676376 -1.26091 1.57 0
0 3 3 0 0.55 2.15455 9 5.33213 0.875 0 -0.191602 -0.690898 -1.78226 1.57 0
0 3 4 0 0.55 2.47273 0 5.3611 0.875 0 -2.20761 -1.46943 -2.41452 1.57 0
0 3 4 0 0.55 2.47273 1 5.28237 0.875 0 -1.35875 0.973414 -2.14779 1.57 0
0 3 4 0 0.55 2.47273 2 5.24709 0.875 0 -1.46518 0.897488 -1.31502 1.57 0
0 3 4 0 0.55 2.47273 3 5.2466 0.875 0 -2.50803 -1.80933 -2.20867 1.57 0
0 3 4 0 0.55 2.47273 4 5.2416 0.875 0 -1.57245 -1.73747 -2.45965 1.57 0
0 3 4 0 0.55 2.47273 5 5.24028 0.875 0 -1.43825 0.909209 -1.81153 1.57 0
0 3 4 0 0.55 2.47273 6 5.23361 0.875 0 -1.4333 -1.38215 -2.4001 1.57 0
0 3 4 0 0.55 2.47273 7 5.23304 0.875 0 -1.65629 1.47775 -1.11984 1.57 0
0 3 4 0 0.55 2.47273 8 5.23087 0.875 0 -1.72677 1.27591 -1.20781 1.57 0
0 3 4 0 0.55 2.47273 9 5.22969 0.875 0 -0.275208 -1.49836 -1.01051 1.57 0
0 3 5 0 0.55 2.79091 0 5.89327 1 0 -2.27488 -1.18193 -2.32101 1.57 0
0 3 5 0 0.55 2.79091 1 5.8839 1 0 -2.4055 -0.976154 -2.41529 1.57 0
0 3 5 0 0.55 2.79091 2 5.85818 1 0 -1.84504 -1.36856 -2.21668 1.57 0
0 3 5 0 0.55 2.79091 3 5.84625 1 0 -2.33423 -1.60196 -2.16712 1.57 0
0 3 5 0 0.55 2.79091 4 5.84159 1 0 -1.80572 -1.36511 -2.39135 1.57 0
0 3 5 0 0.55 2.79091 5 5.81756 1 0 -2.48139 -1.68561 -2.02809 1.57 0
0 3 5 0 0.55 2.79091 6 5.80659 1 0 -2.00819 -1.85842 -1.65765 1.57 0
0 3 5 0 0.55 2.79091 7 5.80203 1 0 -1.5663 -1.40886 -2.0621 1.57 0
0 3 5 0 0.55 2.79091 8 5.79179 1 0 -2.43695 -1.7771 -1.97427 1.57 0
0 3 5 0 0.55 2.79091 9 5.71804 1 0 -1.45301 -1.87277 -1.96743 1.57 0
0 3 6 0 0.55 3.10909 0 5.88028 1 0 -2.1287 -1.2059 -2.42648 1.57 0
0 3 6 0 0.55 3.10909 1 5.8675 1 0 -2.32338 -1.61267 -1.79596 1.57 0
0 3 6 0 0.55 3.10909 2 5.84026 1 0 -1.84229 -1.09084 -2.27645 1.57 0
0 3 6 0 0.55 3.10909 3 5.83966 1 0 -2.31217 -1.70973 -1.8187 1.57 0
0 3 6 0 0.55 3.10909 4 5.73311 1 0 -1.95981 -1.88574 -2.42974 1.57 0
0 3 6 0 0.55 3.10909 5 5.66204 1 0 -2.51061 -1.95442 -2.22156 1.57 0
0 3 6 0 0.55 3.10909 6 5.62824 1 0 -2.7731 -1.96281 -1.77184 1.57 0
0 3 6 0 0.55 3.10909 7 5.47123 1 0 -2.53796 1.24293 -1.34125 1.57 0
0 3 6 0 0.55 3.10909 8 5.40083 0.875 0 -2.35819 -1.13783 -2.22103 1.57 0
0 3 6 0 0.55 3.10909 9 5.39003 0.875 0 -2.37005 -1.3377 -2.21757 1.57 0
0 3 7 0 0.55 3.42727 0 5.83755 1 0 -2.65224 -1.48051 -2.28772 1.57 0
0 3 7 0 0.55 3.42727 1 5.69065 1 0 -1.85004 -1.77163 -2.33959 1.57 0
0 3 7 0 0.55 3.42727 2 5.61414 1 0 -2.43748 0.728592 -1.67393 1.57 0
0 3 7 0 0.55 3.42727 3 5.37893 1 0 -2.74913 -2.10615 -2.36151 1.57 0
0 3 7 0 0.55 3.42727 4 5.35011 0.875 0 -2.6918 -1.39778 -2.30376 1.57 0
0 3 7 0 0.55 3.42727 5 5.24562 0.875 0 -2.87206 1.18149 -1.26135 1.57 0
0 3 7 0 0.55 3.42727 6 5.24458 0.875 0 -2.91702 1.26862 -1.34845 1.57 0
0 3 7 0 0.55 3.42727 7 5.22057 0.875 0 -3.00868 1.41955 -1.24574 1.57 0
0 3 7 0 0.55 3.42727 8 5.2065 0.875 0 -2.25017 -2.11179 -1.07639 1.57 0
0 3 7 0 0.55 3.42727 9 5.15122 0.875 0 -3.20719 -1.52887 -2.22456 1.57 0
0 3 8 0 0.55 3.74545 0 5.35515 0.875 0 -2.3439 -0.76889 -2.1818 1.57 0
0 3 8 0 0.55 3.74545 1 5.32453 0.875 0 -2.89991 0.849808 -2.37621 1.57 0
0 3 8 0 0.55 3.74545 2 5.14679 0.875 0 -1.91646 -2.11065 -2.05206 1.57 0
0 3 8 0 0.55 3.74545 3 5.14632 0.875 0 -3.06184 -1.7173 -1.9793 1.57 0
0 3 8 0 0.55 3.74545 4 5.05019 0.875 0 -2.43796 -0.28535 -1.91324 1.57 0
0 3 8 0 0.55 3.74545 5 4.85941 0.75 0 -3.08573 1.04576 -2.47729 1.57 0
0 3 8 0 0.55 3.74545 6 4.85681 0.75 0 -3.19348 1.1289 -1.38321 1.57 0
0 3 8 0 0.55 3.74545 7 4.82911 0.75 0 -2.42397 -1.82865 -1.07986 1.57 0
0 3 8 0 0.55 3.74545 8 4.82053 0.75 0 -3.09762 1.21703 -1.40327 1.57 0
0 3 8 0 0.55 3.74545 9 4.80875 0.75 0 -2.24289 -0.713623 -1.76075 1.57 0
0 3 9 0 0.55 4.06364 0 4.81832 0.75 0 -3.14381 -0.972035 -2.2917 1.57 0
0 3 9 0 0.55 4.06364 1 4.7418 0.75 0 -2.52509 -1.79278 -2.31724 1.57 0
0 3 9 0 0.55 4.06364 2 4.6378 0.75 0 -3.05421 -1.82257 -1.4939 1.57 0
0 3 9 0 0.55 4.06364 3 4.40755 0.625 0 -2.23444 -1.55014 -1.00676 1.57 0
0 3 9 0 0.55 4.06364 4 4.39166 0.75 0 -2.85064 -0.159858 -2.37026 1.57 0
0 3 9 0 0.55 4.06364 5 4.36397 0.625 0 -2.58628 -0.707733 -1.80601 1.57 0
0 3 9 0 0.55 4.06364 6 4.36156 0.625 0 -2.58786 -1.59926 -1.57097 1.57 0
0 3 9 0 0.55 4.06364 7 4.29292 0.625 0 -2.85273 -1.69037 -1.39895 1.57 0
0 3 9 0 0.55 4.06364 8 4.23927 0.625 0 -3.23414 -1.27579 -2.25907 1.57 0
0 3 9 0 0.55 4.06364 9 4.23422 0.625 0 -3.09846 -1.41126 -2.4584 1.57 0
0 3 10 0 0.55 4.38182 0 4.33726 0.625 0 -3.02452 -1.17539 -2.17886 1.57 0
0 3 10 0 0.55 4.38182 1 3.82716 0.5 0 -2.12397 -1.87748 -1.02138 1.57 0
0 3 10 0 0.55 4.38182 2 3.81969 0.5 0 -2.21209 -1.78984 -1.79385 1.57 0
0 3 10 0 0.55 4.38182 3 3.76943 0.5 0 -2.9674 -1.54581 -1.99031 1.57 0
0 3 10 0 0.55 4.38182 4 3.73155 0.5 0 -3.40873 0.463691 -1.64651 1.57 0
0 3 10 0 0.55 4.38182 5 3.66796 0.5 0 -3.38686 -1.46149 -1.35861 1.57 0
0 3 10 0 0.55 4.38182 6 3.56282 0.5 0 -3.20391 -1.66466 -2.31201 1.57 0
0 3 10 0 0.55 4.38182 7 3.54554 0.5 0 -3.64878 -0.500733 -2.37949 1.57 0
0 3 10 0 0.55 4.38182 8 3.40974 0.375 0 -2.77293 -1.24998 -1.43944 1.57 0
0 3 10 0 0.55 4.38182 9 3.35557 0.375 0 -2.68133 -1.62735 -1.30323 1.57 0
0 3 11 0 0.55 4.7 0 3.37124 0.375 0 -3.05037 -1.17626 -1.54906 1.57 0
0 3 11 0 0.55 4.7 1 3.35157 0.375 0 -2.45892 -1.68333 -1.56132 1.57 0
0 3 11 0 0.55 4.7 2 3.34204 0.375 0 -3.07371 -1.3487 -1.44204 1.57 0
0 3 11 0 0.55 4.7 3 3.30561 0.375 0 -2.06119 -1.85289 -1.5876 1.57 0
0 3 11 0 0.55 4.7 4 3.1796 0.375 0 -2.78763 -1.79727 -2.25773 1.57 0
0 3 11 0 0.55 4.7 5 3.14892 0.375 0 -3.35564 -1.49598 -1.5523 1.57 0
0 3 11 0 0.55 4.7 6 2.99885 0.375 0 -3.62253 -0.390011 -2.46474 1.57 0
0 3 11 0 0.55 4.7 7 2.8631 0.375 0 -3.57631 -1.49162 -2.1806 1.57 0
0 3 11 0 0.55 4.7 8 2.80545 0.25 0 -2.63826 -1.76893 -1.41985 1.57 0
0 3 11 0 0.55 4.7 9 2.79626 0.25 0 -2.75731 -1.76509 -1.22266 1.57 0
0 4 0 0 0.6 1.2 0 5.78916 1 0 -0.0153001 1.60989 -1.98548 1.57 0
0 4 0 0 0.6 1.2 1 5.74472 1 0 0.362297 -1.75979 -2.00398 1.57 0
0 4 0 0 0.6 1.2 2 5.67301 1 0 0.570069 -1.90146 -2.23283 1.57 0
0 4 0 0 0.6 1.2 3 5.63315 1 0 0.653106 -2.06785 -1.60867 1.57 0
0 4 0 0 0.6 1.2 4 5.42186 0.875 0 -0.476975 1.42172 -1.50703 1.57 0
0 4 0 0 0.6 1.2 5 5.41315 0.875 0 -0.119003 0.821302 -1.44466 1.57 0
0 4 0 0 0.6 1.2 6 5.40859 0.875 0 0.0236585 1.02668 -2.19096 1.57 0
0 4 0 0 0.6 1.2 7 5.39834 0.875 0 -0.393833 1.53681 -2.0205 1.57 0
0 4 0 0 0.6 1.2 8 5.39032 0.875 0 -0.163918 1.38918 -1.66748 1.57 0
0 4 0 0 0.6 1.2 9 5.39008 0.875 0 -0.504816 1.55424 -1.34633 1.57 0
0 4 1 0 0.6 1.51818 0 5.91595 1 0 0.442126 -0.827874 -1.04377 1.57 0
0 4 1 0 0.6 1.51818 1 5.89349 1 0 -0.591183 1.62915 -2.1188 1.57 0
0 4 1 0 0.6 1.51818 2 5.89258 1 0 -0.655662 1.5579 -1.08094 1.57 0
0 4 1 0 0.6 1.51818 3 5.88314 1 0 0.634013 -1.00515 -2.14527 1.57 0
0 4 1 0 0.6 1.51818 4 5.81907 1 0 0.710763 -1.51878 -2.31048 1.57 0
0 4 1 0 0.6 1.51818 5 5.78059 1 0 0.617822 -1.81369 -1.56807 1.57 0
0 4 1 0 0.6 1.51818 6 5.76778 1 0 -0.14379 0.428455 -1.31112 1.57 0
0 4 1 0 0.6 1.51818 7 5.76077 1 0 0.459291 -0.558086 -1.62268 1.57 0
0 4 1 0 0.6 1.51818 8 5.75421 1 0 0.702239 -1.73045 -2.30005 1.57 0
0 4 1 0 0.6 1.51818 9 5.72103 1 0 0.442523 -0.443953 -2.40601 1.57 0
0 4 2 0 0.6 1.83636 0 5.9169 1 0 -0.95308 1.5116 -1.82303 1.57 0
0 4 2 0 0.6 1.83636 1 5.9078 1 0 0.383509 -1.42867 -1.27978 1.57 0
0 4 2 0 0.6 1.83636 2 5.86882 1 0 0.727809 -1.38686 -1.8229 1.57 0
0 4 2 0 0.6 1.83636 3 5.85391 1 0 0.128639 -1.34798 -2.01307 1.57 0
0 4 2 0 0.6 1.83636 4 5.84702 1 0 -0.711291 0.611818 -1.22849 1.57 0
0 4 2 0 0.6 1.83636 5 5.84381 1 0 -1.25471 1.75411 -1.4323 1.57 0
0 4 2 0 0.6 1.83636 6 5.82238 1 0 0.408901 -1.56546 -2.1373 1.57 0
0 4 2 0 0.6 1.83636 7 5.80953 1 0 0.133441 -1.53009 -1.85718 1.57 0
0 4 2 0 0.6 1.83636 8 5.7856 1 0 -0.537302 0.679267 -1.55432 1.57 0
0 4 2 0 0.6 1.83636 9 5.76766 1 0 0.728964 -1.65342 -2.45533 1.57 0
0 4 3 0 0.6 2.15455 0 5.90276 1 0 -1.15933 1.3294 -2.07756 1.57 0
0 4 3 0 0.6 2.15455 1 5.9027 1 0 -1.03824 1.42333 -2.46837 1.57 0
0 4 3 0 0.6 2.15455 2 5.89995 1 0 -1.23071 1.33259 -1.66328 1.57 0
0 4 3 0 0.6 2.15455 3 5.89152 1 0 0.214918 -1.30802 -1.78875 1.57 0
0 4 3 0 0.6 2.15455 4 5.86828 1 0 -0.156198 -0.784822 -1.54654 1.57 0
0 4 3 0 0.6 2.15455 5 5.85688 1 0 -1.42979 1.31002 -1.43888 1.57 0
0 4 3 0 0.6 2.15455 6 5.84115 1 0 -1.29032 1.76333 -1.72955 1.57 0
0 4 3 0 0.6 2.15455 7 5.82766 1 0 -1.763 -1.28463 -2.47939 1.57 0
0 4 3 0 0.6 2.15455 8 5.82061 1 0 -1.29071 1.57598 -1.01438 1.57 0
0 4 3 0 0.6 2.15455 9 5.8193 1 0 -0.892374 0.633017 -1.35036 1.57 0
0 4 4 0 0.6 2.47273 0 5.34243 0.875 0 -1.81898 -1.26531 -2.42277 1.57 0
0 4 4 0 0.6 2.47273 1 5.34083 0.875 0 -2.17785 -1.5899 -2.35637 1.57 0
0 4 4 0 0.6 2.47273 2 5.3285 0.875 0 -1.74668 -1.36378 -2.41697 1.57 0
0 4 4 0 0.6 2.47273 3 5.26886 0.875 0 -1.55595 -1.27859 -2.4604 1.57 0
0 4 4 0 0.6 2.47273 4 5.26867 0.875 0 -1.67717 1.66772 -1.74156 1.57 0
0 4 4 0 0.6 2.47273 5 5.26831 0.875 0 -0.133281 -1.39406 -1.60246 1.57 0
0 4 4 0 0.6 2.47273 6 5.2646 0.875 0 -1.60761 1.25823 -1.85182 1.57 0
0 4 4 0 0.6 2.47273 7 5.24581 0.875 0 -1.49727 0.931834 -1.28903 1.57 0
0 4 4 0 0.6 2.47273 8 5.24455 0.875 0 -1.67983 1.58505 -2.21486 1.57 0
0 4 4 0 0.6 2.47273 9 5.24067 0.875 0 -0.566365 -0.93547 -1.09382 1.57 0
0 4 5 0 0.6 2.79091 0 5.78138 1 0 -2.55774 -1.73533 -2.10051 1.57 0
0 4 5 0 0.6 2.79091 1 5.76388 1 0 -1.48644 -1.4758 -2.31167 1.57 0
0 4 5 0 0.6 2.79091 2 5.74487 1 0 -1.42031 -1.44624 -2.18186 1.57 0
0 4 5 0 0.6 2.79091 3 5.72644 1 0 -1.38979 -1.65921 -2.20146 1.57 0
0 4 5 0 0.6 2.79091 4 5.72195 1 0 -1.40189 -1.52225 -2.44506 1.57 0
0 4 5 0 0.6 2.79091 5 5.70678 1 0 -1.87422 -2.06846 -1.67894 1.57 0
0 4 5 0 0.6 2.79091 6 5.69517 1 0 -1.33525 -1.86742 -1.80082 1.57 0
0 4 5 0 0.6 2.79091 7 5.68164 1 0 -1.40401 -2.03051 -1.16591 1.57 0
0 4 5 0 0.6 2.79091 8 5.67902 1 0 -1.50749 -2.07838 -1.48038 1.57 0
0 4 5 0 0.6 2.79091 9 5.67771 1 0 -1.32562 -1.3037 -2.02607 1.57 0
0 4 6 0 0.6 3.10909 0 5.88722 1 0 -2.06587 -1.4444 -1.96058 1.57 0
0 4 6 0 0.6 3.10909 1 5.78417 1 0 -1.56909 -1.38842 -2.40145 1.57 0
0 4 6 0 0.6 3.10909 2 5.76182 1 0 -1.61508 -1.71712 -2.38677 1.57 0
0 4 6 0 0.6 3.10909 3 5.70963 1 0 -1.54467 -1.85397 -2.3818 1.57 0
0 4 6 0 0.6 3.10909 4 5.66468 1 0 -1.25825 -1.44833 -1.62389 1.57 0
0 4 6 0 0.6 3.10909 5 5.65286 1 0 -2.07578 -2.14928 -1.65313 1.57 0
0 4 6 0 0.6 3.10909 6 5.63264 1 0 -2.90949 -1.77954 -2.40145 1.57 0
0 4 6 0 0.6 3.10909 7 5.44158 1 0 -1.49992 -0.632485 -1.87802 1.57 0
0 4 6 0 0.6 3.10909 8 5.37727 0.875 0 -2.16142 -1.48038 -2.12731 1.57 0
0 4 6 0 0.6 3.10909 9 5.30904 0.875 0 -2.06222 -1.88268 -1.44787 1.57 0
0 4 7 0 0.6 3.42727 0 5.88123 1 0 -2.26077 -1.38041 -2.29648 1.57 0
0 4 7 0 0.6 3.42727 1 5.6594 1 0 -1.44055 -1.46006 -2.10627 1.57 0
0 4 7 0 0.6 3.42727 2 5.6409 1 0 -2.28673 -2.03191 -2.31991 1.57 0
0 4 7 0 0.6 3.42727 3 5.59488 1 0 -1.47127 -2.17342 -1.90488 1.57 0
0 4 7 0 0.6 3.42727 4 5.57186 1 0 -2.84676 1.69635 -2.41681 1.57 0
0 4 7 0 0.6 3.42727 5 5.38943 0.875 0 -2.73837 -1.0807 -2.16408 1.57 0
0 4 7 0 0.6 3.42727 6 5.38372 0.875 0 -2.02774 -1.59544 -1.46677 1.57 0
0 4 7 0 0.6 3.42727 7 5.37015 0.875 0 -1.9388 -1.64388 -1.42485 1.57 0
0 4 7 0 0.6 3.42727 8 5.36467 0.875 0 -2.00684 -1.59525 -1.9061 1.57 0
0 4 7 0 0.6 3.42727 9 5.35673 0.875 0 -1.96507 -1.44364 -2.37787 1.57 0
0 4 8 0 0.6 3.74545 0 5.38953 0.875 0 -2.29613 -1.10678 -2.39482 1.57 0
0 4 8 0 0.6 3.74545 1 5.37022 0.875 0 -2.11733 -1.54703 -2.03651 1.57 0
0 4 8 0 0.6 3.74545 2 5.33903 0.875 0 -2.76512 -1.60652 -1.4571 1.57 0
0 4 8 0 0.6 3.74545 3 5.18553 0.875 0 -1.75643 -2.04828 -2.00627 1.57 0
0 4 8 0 0.6 3.74545 4 5.16886 0.875 0 -2.24294 -2.12194 -1.50212 1.57 0
0 4 8 0 0.6 3.74545 5 4.92284 0.875 0 -2.46834 -0.197751 -2.4448 1.57 0
0 4 8 0 0.6 3.74545 6 4.8545 0.75 0 -2.38834 -1.65291 -1.7705 1.57 0
0 4 8 0 0.6 3.74545 7 4.84305 0.75 0 -2.02947 -1.80676 -1.21981 1.57 0
0 4 8 0 0.6 3.74545 8 4.8041 0.75 0 -1.94345 -1.23341 -2.19607 1.57 0
0 4 8 0 0.6 3.74545 9 4.79971 0.75 0 -1.71887 -1.59077 -2.45697 1.57 0
0 4 9 0 0.6 4.06364 0 4.30361 0.625 0 -3.05203 0.615516 -1.97839 1.57 0
0 4 9 0 0.6 4.06364 1 4.30198 0.625 0 -3.06317 0.606998 -1.93968 1.57 0
0 4 9 0 0.6 4.06364 2 4.30026 0.625 0 -2.55087 -1.73871 -1.8664 1.57 0
0 4 9 0 0.6 4.06364 3 4.28855 0.625 0 -2.66302 -0.577508 -2.43497 1.57 0
0 4 9 0 0.6 4.06364 4 4.28847 0.625 0 -2.22329 -1.94434 -1.25796 1.57 0
0 4 9 0 0.6 4.06364 5 4.25343 0.625 0 -2.44543 -1.87678 -1.86802 1.57 0
0 4 9 0 0.6 4.06364 6 3.92242 0.5 0 -2.41275 -1.1308 -1.71382 1.57 0
0 4 9 0 0.6 4.06364 7 3.89492 0.5 0 -2.3038 -1.39558 -2.02543 1.57 0
0 4 9 0 0.6 4.06364 8 3.87082 0.5 0 -2.68801 -0.749748 -1.95217 1.57 0
0 4 9 0 0.6 4.06364 9 3.86787 0.5 0 -2.8096 -1.26476 -2.12887 1.57 0
0 4 10 0 0.6 4.38182 0 4.36633 0.625 0 -2.84307 -0.919647 -2.33621 1.57 0
0 4 10 0 0.6 4.38182 1 3.9147 0.5 0 -2.49521 -1.45584 -1.1624 1.57 0
0 4 10 0 0.6 4.38182 2 3.88983 0.5 0 -2.53016 -1.54815 -1.36376 1.57 0
0 4 10 0 0.6 4.38182 3 3.80209 0.5 0 -3.07429 -0.624678 -2.04463 1.57 0
0 4 10 0 0.6 4.38182 4 3.77719 0.5 0 -3.25471 -0.885526 -2.41283 1.57 0
0 4 10 0 0.6 4.38182 5 3.53489 0.5 0 -3.62047 0.319858 -2.45895 1.57 0
0 4 10 0 0.6 4.38182 6 3.42681 0.375 0 -2.62381 -1.09723 -1.4384 1.57 0
0 4 10 0 0.6 4.38182 7 3.42559 0.375 0 -2.71878 -0.970774 -1.06561 1.57 0
0 4 10 0 0.6 4.38182 8 3.40409 0.375 0 -2.53148 -1.4117 -1.6073 1.57 0
0 4 10 0 0.6 4.38182 9 3.40246 0.375 0 -2.85984 -0.866442 -1.37269 1.57 0
0 4 11 0 0.6 4.7 0 2.84555 0.25 0 -3.09872 -0.673223 -1.21341 1.57 0
0 4 11 0 0.6 4.7 1 2.7793 0.25 0 -3.15001 -0.643527 -2.30291 1.57 0
0 4 11 0 0.6 4.7 2 2.71158 0.25 0 -3.13172 -1.63724 -1.48462 1.57 0
0 4 11 0 0.6 4.7 3 2.38731 0.125 0 -2.86258 -1.42833 -1.05121 1.57 0
0 4 11 0 0.6 4.7 4 2.382 0.125 0 -2.89425 -1.09498 -1.96839 1.57 0
0 4 11 0 0.6 4.7 5 2.38028 0.125 0 -3.0547 -0.91171 -1.52161 1.57 0
0 4 11 0 0.6 4.7 6 2.33477 0.125 0 -2.55071 -1.69249 -1.62366 1.57 0
0 4 11 0 0.6 4.7 7 2.31267 0.125 0 -3.09014 -1.12351 -2.3922 1.57 0
0 4 11 0 0.6 4.7 8 2.30595 0.125 0 -3.18647 -0.662387 -1.81418 1.57 0
0 4 11 0 0.6 4.7 9 2.28114 0.125 0 -3.07426 -1.62272 -1.02676 1.57 0
1 0 0 0.06 0.4 1.2 0 5.89714 1 0 -0.686042 1.61066 -1.61632 1.57 0
1 0 0 0.06 0.4 1.2 1 5.66514 1 0 0.189264 -1.883 -1.58332 1.57 0
1 0 0 0.06 0.4 1.2 2 5.63427 1 0 -0.260714 -1.40621 -2.35204 1.57 0
1 0 0 0.06 0.4 1.2 3 5.61171 1 0 0.360605 -1.93198 -2.24815 1.57 0
1 0 0 0.06 0.4 1.2 4 5.60062 1 0 -1.24284 -1.98289 -2.24507 1.57 0
1 0 0 0.06 0.4 1.2 5 5.43522 0.875 0 -0.238993 1.12595 -2.37458 1.57 0
1 0 0 0.06 0.4 1.2 6 5.40367 0.875 0 -0.102918 0.756256 -1.67442 1.57 0
1 0 0 0.06 0.4 1.2 7 5.398 0.875 0 -0.69795 1.5846 -1.37331 1.57 0
1 0 0 0.06 0.4 1.2 8 5.3903 0.875 0 0.635967 -1.09267 -2.04871 1.57 0
1 0 0 0.06 0.4 1.2 9 5.38799 0.875 0 0.47102 -1.25087 -2.19482 1.57 0
1 0 1 0.06 0.4 1.51818 0 5.94475 1 0 -0.698552 1.28825 -2.0004 1.57 0
1 0 1 0.06 0.4 1.51818 1 5.89517 1 0 -0.404711 0.692124 -1.05016 1.57 0
1 0 1 0.06 0.4 1.51818 2 5.87337 1 0 -0.866934 1.73571 -2.02006 1.57 0
1 0 1 0.06 0.4 1.51818 3 5.87201 1 0 0.555915 -1.40191 -2.06428 1.57 0
1 0 1 0.06 0.4 1.51818 4 5.84089 1 0 0.274077 -0.616187 -2.107 1.57 0
1 0 1 0.06 0.4 1.51818 5 5.77496 1 0 0.0162728 -1.42858 -2.28127 1.57 0
1 0 1 0.06 0.4 1.51818 6 5.68361 1 0 0.598722 -2.04301 -1.21681 1.57 0
1 0 1 0.06 0.4 1.51818 7 5.66945 1 0 0.559932 -2.03888 -1.3731 1.57 0
1 0 1 0.06 0.4 1.51818 8 5.57929 1 0 -0.139128 -1.72466 -1.77944 1.57 0
1 0 1 0.06 0.4 1.51818 9 5.50414 1 0 0.263876 -2.18087 -1.1891 1.57 0
1 0 2 0.06 0.4 1.83636 0 5.43133 0.875 0 -0.810626 0.95016 -1.59428 1.57 0
1 0 2 0.06 0.4 1.83636 1 5.38872 0.875 0 0.019356 -0.812867 -1.18767 1.57 0
1 0 2 0.06 0.4 1.83636 2 5.38082 0.875 0 -1.30967 1.47683 -1.20971 1.57 0
1 0 2 0.06 0.4 1.83636 3 5.37516 0.875 0 -0.701516 0.750593 -2.3566 1.57 0
1 0 2 0.06 0.4 1.83636 4 5.37497 0.875 0 -0.64543 0.743446 -2.4687 1.57 0
1 0 2 0.06 0.4 1.83636 5 5.37447 0.875 0 -1.274 1.58062 -1.26393 1.57 0
1 0 2 0.06 0.4 1.83636 6 5.37069 0.875 0 -0.577326 0.690823 -2.32784 1.57 0
1 0 2 0.06 0.4 1.83636 7 5.37018 0.875 0 -0.851943 1.08996 -1.3695 1.57 0
1 0 2 0.06 0.4 1.83636 8 5.34032 0.875 0 -1.35758 1.72317 -1.56583 1.57 0
1 0 2 0.06 0.4 1.83636 9 5.3264 0.875 0 -0.06683 -0.547529 -1.3909 1.57 0
1 0 3 0.06 0.4 2.15455 0 5.3839 0.875 0 -1.32153 1.29559 -1.44526 1.57 0
1 0 3 0.06 0.4 2.15455 1 5.35843 0.875 0 -1.26939 1.24825 -2.41682 1.57 0
1 0 3 0.06 0.4 2.15455 2 5.34314 0.875 0 -1.70253 -1.56875 -1.66682 1.57 0
1 0 3 0.06 0.4 2.15455 3 5.33799 0.875 0 -2.11872 -1.71865 -1.90085 1.57 0
1 0 3 0.06 0.4 2.15455 4 5.32668 0.875 0 -1.14736 0.873235 -2.18769 1.57 0
1 0 3 0.06 0.4 2.15455 5 5.31863 0.875 0 -1.52114 1.59303 -1.9388 1.57 0
1 0 3 0.06 0.4 2.15455 6 5.31145 0.875 0 -1.5706 -1.61304 -1.54066 1.57 0
1 0 3 0.06 0.4 2.15455 7 5.30653 0.875 0 -1.13334 0.839651 -2.36797 1.57 0
1 0 3 0.06 0.4 2.15455 8 5.28864 0.875 0 -1.57836 -1.51708 -2.32551 1.57 0
1 0 3 0.06 0.4 2.15455 9 5.27174 0.875 0 -1.45603 -1.46332 -1.86639 1.57 0
1 0 4 0.06 0.4 2.47273 0 5.8932 1 0 -2.30509 -1.39374 -2.0619 1.57 0
1 0 4 0.06 0.4 2.47273 1 5.8931 1 0 -2.2508 -1.00555 -2.15065 1.57 0
1 0 4 0.06 0.4 2.47273 2 5.88266 1 0 -2.15273 -1.01777 -2.23584 1.57 0
1 0 4 0.06 0.4 2.47273 3 5.8703 1 0 -2.1088 -1.02828 -2.40507 1.57 0
1 0 4 0.06 0.4 2.47273 4 5.86861 1 0 -2.51405 -0.823206 -2.34688 1.57 0
1 0 4 0.06 0.4 2.47273 5 5.86699 1 0 -2.01247 -1.20183 -2.4734 1.57 0
1 0 4 0.06 0.4 2.47273 6 5.85898 1 0 -1.98346 -1.58301 -2.02777 1.57 0
1 0 4 0.06 0.4 2.47273 7 5.84655 1 0 -2.14582 -1.59591 -2.25698 1.57 0
1 0 4 0.06 0.4 2.47273 8 5.84637 1 0 -2.58987 -1.57446 -1.92364 1.57 0
1 0 4 0.06 0.4 2.47273 9 5.84476 1 0 -1.78175 -1.70796 -1.24652 1.57 0
1 0 5 0.06 0.4 2.79091 0 5.91555 1 0 -2.44476 -1.12092 -1.8944 1.57 0
1 0 5 0.06 0.4 2.79091 1 5.89226 1 0 -2.70182 -0.9801 -2.14542 1.57 0
1 0 5 0.06 0.4 2.79091 2 5.88587 1 0 -1.94238 -1.34602 -1.912 1.57 0
1 0 5 0.06 0.4 2.79091 3 5.86387 1 0 -1.99912 -1.64885 -1.69407 1.57 0
1 0 5 0.06 0.4 2.79091 4 5.86316 1 0 -1.84162 -1.58409 -1.65798 1.57 0
1 0 5 0.06 0.4 2.79091 5 5.81361 1 0 -3.02242 -0.723092 -2.41164 1.57 0
1 0 5 0.06 0.4 2.79091 6 5.81043 1 0 -1.62759 -1.45895 -2.23736 1.57 0
1 0 5 0.06 0.4 2.79091 7 5.77868 1 0 -2.52668 -1.79862 -1.86467 1.57 0
1 0 5 0.06 0.4 2.79091 8 5.73931 1 0 -1.57212 -1.05242 -2.23425 1.57 0
1 0 5 0.06 0.4 2.79091 9 5.73618 1 0 -1.48474 -1.75155 -2.25606 1.57 0
1 0 6 0.06 0.4 3.10909 0 5.64461 1 0 -2.52681 -2.04967 -1.73589 1.57 0
1 0 6 0.06 0.4 3.10909 1 5.5092 1 0 -2.52087 1.35232 -2.31561 1.57 0
1 0 6 0.06 0.4 3.10909 2 5.45768 1 0 -2.81324 1.75394 -2.04963 1.57 0
1 0 6 0.06 0.4 3.10909 3 5.36124 0.875 0 -1.96974 -1.0165 -2.12792 1.57 0
1 0 6 0.06 0.4 3.10909 4 5.33738 0.875 0 -2.60918 -1.73047 -1.2011 1.57 0
1 0 6 0.06 0.4 3.10909 5 5.33062 0.875 0 -1.73825 -1.7467 -1.2357 1.57 0
1 0 6 0.06 0.4 3.10909 6 5.31291 0.875 0 -1.92815 -1.86373 -1.43657 1.57 0
1 0 6 0.06 0.4 3.10909 7 5.31198 0.875 0 -1.77887 -1.85124 -1.17865 1.57 0
1 0 6 0.06 0.4 3.10909 8 5.15795 0.875 0 -2.03302 -2.16738 -1.488 1.57 0
1 0 6 0.06 0.4 3.10909 9 5.15119 0.875 0 -2.10573 -2.1091 -1.92646 1.57 0
1 0 7 0.06 0.4 3.42727 0 5.87294 1 0 -2.52504 -0.900167 -2.48649 1.57 0
1 0 7 0.06 0.4 3.42727 1 5.40846 0.875 0 -2.5573 -1.2474 -1.88446 1.57 0
1 0 7 0.06 0.4 3.42727 2 5.20587 0.875 0 -2.97521 1.59337 -2.46351 1.57 0
1 0 7 0.06 0.4 3.42727 3 5.18101 0.875 0 -2.12475 -2.09392 -1.01476 1.57 0
1 0 7 0.06 0.4 3.42727 4 5.16603 0.875 0 -3.29489 1.79435 -1.6032 1.57 0
1 0 7 0.06 0.4 3.42727 5 5.13895 0.875 0 -2.63655 -1.91231 -2.40858 1.57 0
1 0 7 0.06 0.4 3.42727 6 4.90583 0.75 0 -2.38944 -1.43116 -1.65736 1.57 0
1 0 7 0.06 0.4 3.42727 7 4.89991 0.75 0 -2.35093 -1.07189 -2.21022 1.57 0
1 0 7 0.06 0.4 3.42727 8 4.89056 0.75 0 -2.29606 -1.37627 -2.14845 1.57 0
1 0 7 0.06 0.4 3.42727 9 4.88669 0.75 0 -2.44055 -1.60851 -1.2475 1.57 0
1 0 8 0.06 0.4 3.74545 0 5.81511 1 0 -3.05475 1.12407 -2.43195 1.57 0
1 0 8 0.06 0.4 3.74545 1 5.0539 0.875 0 -2.78732 -2.06109 -1.71256 1.57 0
1 0 8 0.06 0.4 3.74545 2 4.9023 0.875 0 -3.55064 -1.43747 -2.48379 1.57 0
1 0 8 0.06 0.4 3.74545 3 4.8072 0.75 0 -3.1992 -0.827809 -2.19944 1.57 0
1 0 8 0.06 0.4 3.74545 4 4.77232 0.75 0 -3.32517 -1.13272 -1.81348 1.57 0
1 0 8 0.06 0.4 3.74545 5 4.76162 0.75 0 -3.65271 1.66005 -1.14596 1.57 0
1 0 8 0.06 0.4 3.74545 6 4.62726 0.75 0 -3.04137 -1.68028 -2.49377 1.57 0
1 0 8 0.06 0.4 3.74545 7 4.41876 0.75 0 -2.64772 0.192504 -1.44691 1.57 0
1 0 8 0.06 0.4 3.74545 8 4.36831 0.625 0 -2.70292 -1.48972 -1.68332 1.57 0
1 0 8 0.06 0.4 3.74545 9 4.33884 0.625 0 -3.03854 -1.44275 -1.25506 1.57 0
1 0 9 0.06 0.4 4.06364 0 5.17582 0.875 0 -3.4651 -0.954489 -2.46342 1.57 0
1 0 9 0.06 0.4 4.06364 1 4.37731 0.625 0 -3.44483 0.972527 -1.79361 1.57 0
1 0 9 0.06 0.4 4.06364 2 4.36188 0.625 0 -3.10365 -1.1555 -1.55015 1.57 0
1 0 9 0.06 0.4 4.06364 3 4.35299 0.625 0 -3.31616 0.766051 -1.354 1.57 0
1 0 9 0.06 0.4 4.06364 4 4.31141 0.625 0 -3.22456 -0.967793 -2.06541 1.57 0
1 0 9 0.06 0.4 4.06364 5 4.28773 0.625 0 -3.27932 0.56512 -1.06226 1.57 0
1 0 9 0.06 0.4 4.06364 6 4.05918 0.625 0 -3.56046 -1.38856 -1.43838 1.57 0
1 0 9 0.06 0.4 4.06364 7 3.7194 0.5 0 -3.47834 -0.7867 -1.97274 1.57 0
1 0 9 0.06 0.4 4.06364 8 3.65721 0.5 0 -3.58681 -0.770254 -2.03113 1.57 0
1 0 9 0.06 0.4 4.06364 9 3.63487 0.5 0 -3.06173 -1.77209 -1.77238 1.57 0
1 0 10 0.06 0.4 4.38182 0 4.16216 0.625 0 -3.37392 -0.489115 -2.2927 1.57 0
1 0 10 0.06 0.4 4.38182 1 3.2215 0.375 0 -3.35194 -0.623848 -2.2691 1.57 0
1 0 10 0.06 0.4 4.38182 2 3.0334 0.375 0 -3.46927 -1.37254 -2.37889 1.57 0
1 0 10 0.06 0.4 4.38182 3 2.97714 0.375 0 -3.58541 -0.312984 -2.21689 1.57 0
1 0 10 0.06 0.4 4.38182 4 2.8189 0.375 0 -3.63358 -1.62349 -1.30731 1.57 0
1 0 10 0.06 0.4 4.38182 5 2.80548 0.25 0 -3.30097 -1.05719 -1.66581 1.57 0
1 0 10 0.06 0.4 4.38182 6 2.80202 0.375 0 -3.24271 -1.9304 -1.93008 1.57 0
1 0 10 0.06 0.4 4.38182 7 2.69312 0.25 0 -3.24756 -1.24213 -2.27016 1.57 0
1 0 10 0.06 0.4 4.38182 8 2.6288 0.25 0 -3.27579 -1.46854 -2.34672 1.57 0
1 0 10 0.06 0.4 4.38182 9 2.59358 0.25 0 -3.48764 -0.42351 -2.21297 1.57 0
1 0 11 0.06 0.4 4.7 0 2.69162 0.25 0 -3.43724 -1.25701 -1.50245 1.57 0
1 0 11 0.06 0.4 4.7 1 2.57544 0.375 0 -3.63008 -1.82676 -1.53217 1.57 0
1 0 11 0.06 0.4 4.7 2 2.47192 0.25 0 -3.54515 -1.47844 -1.73266 1.57 0
1 0 11 0.06 0.4 4.7 3 2.47132 0.25 0 -3.63404 -1.2439 -2.17263 1.57 0
1 0 11 0.06 0.4 4.7 4 2.42684 0.25 0 -3.48372 -0.28572 -1.91415 1.57 0
1 0 11 0.06 0.4 4.7 5 2.21312 0.25 0 -3.48108 -1.84426 -1.82495 1.57 0
1 0 11 0.06 0.4 4.7 6 2.15803 0.25 0 -3.63427 -1.61386 -2.38142 1.57 0
1 0 11 0.06 0.4 4.7 7 2.1081 0.25 0 -3.57292 -1.77939 -2.17281 1.57 0
1 0 11 0.06 0.4 4.7 8 2.08262 0.125 0 -3.65348 -0.812462 -2.34448 1.57 0
1 0 11 0.06 0.4 4.7 9 1.95002 0.125 0 -3.73458 -1.02189 -2.41069 1.57 0
1 1 0 0.06 0.45 1.2 0 5.85395 1 0 0.72422 -1.48918 -1.81666 1.57 0
1 1 0 0.06 0.45 1.2 1 5.73796 1 0 0.0791519 -1.54473 -2.39238 1.57 0
1 1 0 0.06 0.45 1.2 2 5.73625 1 0 0.0629713 -1.53124 -2.41661 1.57 0
1 1 0 0.06 0.45 1.2 3 5.7129 1 0 -0.11028 -1.42176 -2.38985 1.57 0
1 1 0 0.06 0.45 1.2 4 5.44104 1 0 -0.445696 -1.45666 -2.31997 1.57 0
1 1 0 0.06 0.45 1.2 5 5.42605 0.875 0 -0.317753 1.34491 -1.94929 1.57 0
1 1 0 0.06 0.45 1.2 6 5.41247 0.875 0 -0.311445 1.42614 -2.3654 1.57 0
1 1 0 0.06 0.45 1.2 7 5.38739 0.875 0 0.505914 -0.879792 -2.15385 1.57 0
1 1 0 0.06 0.45 1.2 8 5.38117 0.875 0 -0.712348 1.67876 -1.66662 1.57 0
1 1 0 0.06 0.45 1.2 9 5.3518 0.875 0 0.277274 -0.711993 -2.43547 1.57 0
1 1 1 0.06 0.45 1.51818 0 5.92997 1 0 0.41442 -0.947702 -1.35578 1.57 0
1 1 1 0.06 0.45 1.51818 1 5.92887 1 0 -0.694649 1.36169 -1.00527 1.57 0
1 1 1 0.06 0.45 1.51818 2 5.91787 1 0 0.592865 -1.28823 -1.23242 1.57 0
1 1 1 0.06 0.45 1.51818 3 5.91053 1 0 -0.821149 1.56258 -1.57109 1.57 0
1 1 1 0.06 0.45 1.51818 4 5.91033 1 0 0.343455 -1.18567 -1.90047 1.57 0
1 1 1 0.06 0.45 1.51818 5 5.89499 1 0 0.414039 -1.33223 -1.89182 1.57 0
1 1 1 0.06 0.45 1.51818 6 5.87082 1 0 -1.07015 1.70073 -1.4192 1.57 0
1 1 1 0.06 0.45 1.51818 7 5.85191 1 0 0.106282 -1.30138 -2.12921 1.57 0
1 1 1 0.06 0.45 1.51818 8 5.8451 1 0 0.753784 -1.6479 -1.06284 1.57 0
1 1 1 0.06 0.45 1.51818 9 5.8389 1 0 0.758663 -1.54716 -1.7056 1.57 0
1 1 2 0.06 0.45 1.83636 0 5.92876 1 0 -0.89488 1.01009 -1.0206 1.57 0
1 1 2 0.06 0.45 1.83636 1 5.91623 1 0 -0.684924 0.896342 -2.31681 1.57 0
1 1 2 0.06 0.45 1.83636 2 5.86608 1 0 -1.01379 1.74109 -2.26261 1.57 0
1 1 2 0.06 0.45 1.83636 3 5.85026 1 0 -0.0792167 -0.70235 -1.91974 1.57 0
1 1 2 0.06 0.45 1.83636 4 5.75339 1 0 0.535133 -1.93334 -1.09149 1.57 0
1 1 2 0.06 0.45 1.83636 5 5.73724 1 0 0.673971 -1.931 -1.38035 1.57 0
1 1 2 0.06 0.45 1.83636 6 5.70146 1 0 -0.008826 -0.513833 -1.56236 1.57 0
1 1 2 0.06 0.45 1.83636 7 5.68259 1 0 -1.2561 -1.7358 -1.86573 1.57 0
1 1 2 0.06 0.45 1.83636 8 5.67941 1 0 -1.27985 -1.55007 -2.27239 1.57 0
1 1 2 0.06 0.45 1.83636 9 5.66311 1 0 -0.545194 0.356634 -2.16024 1.57 0
1 1 3 0.06 0.45 2.15455 0 5.35511 0.875 0 -1.43009 1.45566 -1.03178 1.57 0
1 1 3 0.06 0.45 2.15455 1 5.3549 0.875 0 -1.43805 1.34237 -1.02204 1.57 0
1 1 3 0.06 0.45 2.15455 2 5.35064 0.875 0 -1.18736 0.90718 -1.66939 1.57 0
1 1 3 0.06 0.45 2.15455 3 5.34485 0.875 0 -1.45835 1.50673 -1.80146 1.57 0
1 1 3 0.06 0.45 2.15455 4 5.33075 0.875 0 -1.52972 1.39681 -1.43732 1.57 0
1 1 3 0.06 0.45 2.15455 5 5.32319 0.875 0 -1.73741 -1.58742 -2.17521 1.57 0
1 1 3 0.06 0.45 2.15455 6 5.32096 0.875 0 -1.71013 -1.38435 -2.41211 1.57 0
1 1 3 0.06 0.45 2.15455 7 5.25991 0.875 0 -1.4172 -1.65983 -1.48127 1.57 0
1 1 3 0.06 0.45 2.15455 8 5.23034 0.875 0 -2.14959 -1.93375 -2.16383 1.57 0
1 1 3 0.06 0.45 2.15455 9 5.2081 0.875 0 -1.31705 -1.54388 -2.0651 1.57 0
1 1 4 0.06 0.45 2.47273 0 5.89065 1 0 -2.09254 -1.23002 -2.17994 1.57 0
1 1 4 0.06 0.45 2.47273 1 5.88359 1 0 -2.0262 -1.55065 -1.67661 1.57 0
1 1 4 0.06 0.45 2.47273 2 5.87129 1 0 -1.83614 -1.49615 -1.69155 1.57 0
1 1 4 0.06 0.45 2.47273 3 5.87003 1 0 -2.0385 -1.08668 -2.36619 1.57 0
1 1 4 0.06 0.45 2.47273 4 5.85893 1 0 -1.79623 -1.32501 -2.04005 1.57 0
1 1 4 0.06 0.45 2.47273 5 5.85165 1 0 -1.81305 -1.50172 -2.07371 1.57 0
1 1 4 0.06 0.45 2.47273 6 5.85111 1 0 -2.04671 -1.57311 -2.23274 1.57 0
1 1 4 0.06 0.45 2.47273 7 5.84972 1 0 -1.78742 -1.45497 -2.11499 1.57 0
1 1 4 0.06 0.45 2.47273 8 5.82713 1 0 -2.35831 -1.74282 -1.79284 1.57 0
1 1 4 0.06 0.45 2.47273 9 5.82166 1 0 -2.00939 -1.83206 -1.5504 1.57 0
1 1 5 0.06 0.45 2.79091 0 5.90761 1 0 -2.35778 -1.31165 -1.93402 1.57 0
1 1 5 0.06 0.45 2.79091 1 5.83774 1 0 -2.19443 -1.69215 -2.00942 1.57 0
1 1 5 0.06 0.45 2.79091 2 5.80005 1 0 -1.59914 -1.72482 -1.67443 1.57 0
1 1 5 0.06 0.45 2.79091 3 5.7836 1 0 -1.70853 -1.80535 -1.98018 1.57 0
1 1 5 0.06 0.45 2.79091 4 5.76618 1 0 -1.6479 -1.69286 -2.4723 1.57 0
1 1 5 0.06 0.45 2.79091 5 5.65471 1 0 -1.6996 -2.19514 -1.17533 1.57 0
1 1 5 0.06 0.45 2.79091 6 5.6231 1 0 -1.91256 -2.11122 -2.26528 1.57 0
1 1 5 0.06 0.45 2.79091 7 5.5923 1 0 -1.27296 -2.0184 -2.29006 1.57 0
1 1 5 0.06 0.45 2.79091 8 5.49471 1 0 -1.32594 -0.91207 -2.21083 1.57 0
1 1 5 0.06 0.45 2.79091 9 5.38086 0.875 0 -2.7116 -0.934566 -2.29474 1.57 0
1 1 6 0.06 0.45 3.10909 0 5.91098 1 0 -2.4919 -1.11325 -1.99552 1.57 0
1 1 6 0.06 0.45 3.10909 1 5.89561 1 0 -2.48654 -0.975077 -2.2084 1.57 0
1 1 6 0.06 0.45 3.10909 2 5.82484 1 0 -2.8385 -1.39888 -2.30324 1.57 0
1 1 6 0.06 0.45 3.10909 3 5.6038 1 0 -2.44221 -2.192 -1.27572 1.57 0
1 1 6 0.06 0.45 3.10909 4 5.40203 0.875 0 -2.04734 -1.37119 -1.71588 1.57 0
1 1 6 0.06 0.45 3.10909 5 5.37887 0.875 0 -2.74996 -1.39983 -1.71367 1.57 0
1 1 6 0.06 0.45 3.10909 6 5.35756 0.875 0 -1.87115 -1.53012 -2.03252 1.57 0
1 1 6 0.06 0.45 3.10909 7 5.33404 0.875 0 -3.0812 -0.949485 -2.28396 1.57 0
1 1 6 0.06 0.45 3.10909 8 5.3267 0.875 0 -1.86793 -0.984801 -2.27322 1.57 0
1 1 6 0.06 0.45 3.10909 9 5.32659 0.875 0 -2.91841 -1.40355 -2.02897 1.57 0
1 1 7 0.06 0.45 3.42727 0 5.88982 1 0 -2.93042 -1.02629 -1.75863 1.57 0
1 1 7 0.06 0.45 3.42727 1 5.80579 1 0 -2.25696 -0.666036 -2.22074 1.57 0
1 1 7 0.06 0.45 3.42727 2 5.41161 0.875 0 -2.56366 -1.33072 -1.6257 1.57 0
1 1 7 0.06 0.45 3.42727 3 5.38349 0.875 0 -2.11272 -1.5985 -1.55525 1.57 0
1 1 7 0.06 0.45 3.42727 4 5.28949 0.875 0 -2.89098 -1.65466 -1.50387 1.57 0
1 1 7 0.06 0.45 3.42727 5 5.24984 0.875 0 -2.67952 0.882417 -1.88814 1.57 0
1 1 7 0.06 0.45 3.42727 6 5.12098 0.875 0 -3.33994 -1.40194 -2.34031 1.57 0
1 1 7 0.06 0.45 3.42727 7 4.87643 0.75 0 -2.24455 -1.56454 -1.8682 1.57 0
1 1 7 0.06 0.45 3.42727 8 4.87001 0.75 0 -2.72023 -0.828846 -2.26834 1.57 0
1 1 7 0.06 0.45 3.42727 9 4.8689 0.75 0 -2.1127 -1.59798 -1.87974 1.57 0
1 1 8 0.06 0.45 3.74545 0 5.27148 0.875 0 -2.84424 -1.59275 -2.17341 1.57 0
1 1 8 0.06 0.45 3.74545 1 5.18855 0.875 0 -3.30629 1.63636 -2.42816 1.57 0
1 1 8 0.06 0.45 3.74545 2 5.16567 0.875 0 -2.84131 0.40406 -2.09838 1.57 0
1 1 8 0.06 0.45 3.74545 3 4.8604 0.75 0 -2.56695 -1.35196 -2.48029 1.57 0
1 1 8 0.06 0.45 3.74545 4 4.83616 0.75 0 -2.52932 -1.4956 -2.46511 1.57 0
1 1 8 0.06 0.45 3.74545 5 4.83377 0.75 0 -2.59038 -1.72116 -1.38212 1.57 0
1 1 8 0.06 0.45 3.74545 6 4.7992 0.75 0 -2.4838 -0.966184 -1.7576 1.57 0
1 1 8 0.06 0.45 3.74545 7 4.7594 0.75 0 -3.01557 -1.46828 -2.26798 1.57 0
1 1 8 0.06 0.45 3.74545 8 4.53753 0.75 0 -3.20196 -1.76479 -1.91888 1.57 0
1 1 8 0.06 0.45 3.74545 9 4.25539 0.625 0 -3.15612 -1.3072 -2.34914 1.57 0
1 1 9 0.06 0.45 4.06364 0 4.81543 0.75 0 -3.69418 1.54324 -2.42656 1.57 0
1 1 9 0.06 0.45 4.06364 1 4.76141 0.75 0 -2.95982 -0.498978 -1.99088 1.57 0
1 1 9 0.06 0.45 4.06364 2 4.64036 0.75 0 -3.21907 -1.73005 -1.21299 1.57 0
1 1 9 0.06 0.45 4.06364 3 4.51637 0.75 0 -2.99926 -1.99953 -1.62003 1.57 0
1 1 9 0.06 0.45 4.06364 4 4.36417 0.625 0 -3.62562 1.1404 -1.28647 1.57 0
1 1 9 0.06 0.45 4.06364 5 3.98363 0.625 0 -3.58512 -1.35987 -1.92516 1.57 0
1 1 9 0.06 0.45 4.06364 6 3.87633 0.5 0 -3.43913 1.0428 -2.22086 1.57 0
1 1 9 0.06 0.45 4.06364 7 3.86651 0.5 0 -3.03067 -0.903892 -1.88342 1.57 0
1 1 9 0.06 0.45 4.06364 8 3.84434 0.5 0 -3.70292 1.27935 -1.11595 1.57 0
1 1 9 0.06 0.45 4.06364 9 3.73794 0.5 0 -3.44686 -1.06702 -1.67101 1.57 0
1 1 10 0.06 0.45 4.38182 0 3.32735 0.375 0 -3.17255 -1.2158 -1.65312 1.57 0
1 1 10 0.06 0.45 4.38182 1 3.25554 0.375 0 -3.29195 -1.3937 -1.32355 1.57 0
1 1 10 0.06 0.45 4.38182 2 3.21835 0.375 0 -3.38091 -1.10475 -2.18855 1.57 0
1 1 10 0.06 0.45 4.38182 3 3.20539 0.5 0 -3.73949 -1.45069 -1.9324 1.57 0
1 1 10 0.06 0.45 4.38182 4 2.78034 0.25 0 -3.20523 -0.785144 -2.49838 1.57 0
1 1 10 0.06 0.45 4.38182 5 2.74651 0.25 0 -3.19326 -0.588285 -2.39206 1.57 0
1 1 10 0.06 0.45 4.38182 6 2.69345 0.25 0 -3.19529 -1.4171 -2.40754 1.57 0
1 1 10 0.06 0.45 4.38182 7 2.67596 0.25 0 -3.1183 -1.52303 -2.12758 1.57 0
1 1 10 0.06 0.45 4.38182 8 2.62497 0.25 0 -3.5992 -0.891708 -2.20522 1.57 0
1 1 10 0.06 0.45 4.38182 9 2.47706 0.25 0 -3.27201 -0.236219 -2.32025 1.57 0
1 1 11 0.06 0.45 4.7 0 3.24546 0.375 0 -3.12364 -1.60373 -1.34103 1.57 0
1 1 11 0.06 0.45 4.7 1 2.86982 0.375 0 -3.73342 -0.268369 -2.30239 1.57 0
1 1 11 0.06 0.45 4.7 2 2.80107 0.25 0 -2.83958 -1.6293 -1.36238 1.57 0
1 1 11 0.06 0.45 4.7 3 2.76377 0.25 0 -2.94105 -1.75387 -1.05938 1.57 0
1 1 11 0.06 0.45 4.7 4 2.68364 0.25 0 -3.20503 -1.49921 -2.06718 1.57 0
1 1 11 0.06 0.45 4.7 5 2.63161 0.25 0 -3.60108 -0.84141 -2.18373 1.57 0
1 1 11 0.06 0.45 4.7 6 2.61514 0.25 0 -3.61 -0.924961 -2.17213 1.57 0
1 1 11 0.06 0.45 4.7 7 2.52183 0.25 0 -3.59582 -1.3934 -1.43624 1.57 0
1 1 11 0.06 0.45 4.7 8 2.51234 0.25 0 -3.23764 -1.76533 -1.90652 1.57 0
1 1 11 0.06 0.45 4.7 9 2.45502 0.375 0 -3.73102 -1.81082 -1.50506 1.57 0
1 2 0 0.06 0.5 1.2 0 5.93815 1 0 -0.27549 1.19594 -1.88035 1.57 0
1 2 0 0.06 0.5 1.2 1 5.91611 1 0 -0.35304 1.43074 -2.0897 1.57 0
1 2 0 0.06 0.5 1.2 2 5.85102 1 0 -0.580851 1.74106 -1.68647 1.57 0
1 2 0 0.06 0.5 1.2 3 5.8023 1 0 0.787191 -1.39589 -2.4125 1.57 0
1 2 0 0.06 0.5 1.2 4 5.76091 1 0 0.674471 -0.553821 -1.98922 1.57 0
1 2 0 0.06 0.5 1.2 5 5.68303 1 0 -0.162597 -1.4147 -2.44139 1.57 0
1 2 0 0.06 0.5 1.2 6 5.68263 1 0 0.661594 -2.03496 -1.31685 1.57 0
1 2 0 0.06 0.5 1.2 7 5.42872 0.875 0 -0.386627 1.34861 -1.65759 1.57 0
1 2 0 0.06 0.5 1.2 8 5.41753 0.875 0 -0.478523 1.44903 -1.53621 1.57 0
1 2 0 0.06 0.5 1.2 9 5.40153 0.875 0 -0.56609 1.57344 -1.74313 1.57 0
1 2 1 0.06 0.5 1.51818 0 5.92687 1 0 0.538059 -1.20462 -1.28769 1.57 0
1 2 1 0.06 0.5 1.51818 1 5.88795 1 0 0.412282 -1.15964 -2.33788 1.57 0
1 2 1 0.06 0.5 1.51818 2 5.88337 1 0 -0.826313 1.69748 -2.14716 1.57 0
1 2 1 0.06 0.5 1.51818 3 5.84799 1 0 0.296709 -0.681328 -2.36148 1.57 0
1 2 1 0.06 0.5 1.51818 4 5.81422 1 0 0.242633 -0.517191 -1.6737 1.57 0
1 2 1 0.06 0.5 1.51818 5 5.71952 1 0 0.39575 -1.89115 -1.57053 1.57 0
1 2 1 0.06 0.5 1.51818 6 5.67323 1 0 -0.0331105 -0.377705 -2.48202 1.57 0
1 2 1 0.06 0.5 1.51818 7 5.67257 1 0 0.122018 -1.70878 -2.3172 1.57 0
1 2 1 0.06 0.5 1.51818 8 5.62966 1 0 0.27987 -1.85221 -2.3874 1.57 0
1 2 1 0.06 0.5 1.51818 9 5.60073 1 0 0.576703 -2.10229 -1.61016 1.57 0
1 2 2 0.06 0.5 1.83636 0 5.92969 1 0 -0.946089 1.04541 -1.31239 1.57 0
1 2 2 0.06 0.5 1.83636 1 5.89095 1 0 -1.06537 1.6061 -1.34691 1.57 0
1 2 2 0.06 0.5 1.83636 2 5.88949 1 0 0.189558 -1.24341 -1.94422 1.57 0
1 2 2 0.06 0.5 1.83636 3 5.88502 1 0 0.0791325 -0.779094 -1.93858 1.57 0
1 2 2 0.06 0.5 1.83636 4 5.88074 1 0 -1.28959 1.5207 -1.2885 1.57 0
1 2 2 0.06 0.5 1.83636 5 5.87982 1 0 -1.18765 1.63413 -1.70271 1.57 0
1 2 2 0.06 0.5 1.83636 6 5.84951 1 0 -0.0492069 -0.776353 -2.216 1.57 0
1 2 2 0.06 0.5 1.83636 7 5.8327 1 0 0.703845 -1.65417 -1.5489 1.57 0
1 2 2 0.06 0.5 1.83636 8 5.82888 1 0 -1.46659 1.66184 -1.24918 1.57 0
1 2 2 0.06 0.5 1.83636 9 5.79374 1 0 0.612561 -1.84623 -1.13689 1.57 0
1 2 3 0.06 0.5 2.15455 0 5.37526 0.875 0 -1.23265 1.11628 -1.94224 1.57 0
1 2 3 0.06 0.5 2.15455 1 5.34086 0.875 0 -1.89562 -1.54829 -2.30233 1.57 0
1 2 3 0.06 0.5 2.15455 2 5.33382 0.875 0 -1.21585 0.8684 -1.51032 1.57 0
1 2 3 0.06 0.5 2.15455 3 5.32314 0.875 0 -1.73476 -1.4364 -2.41755 1.57 0
1 2 3 0.06 0.5 2.15455 4 5.31483 0.875 0 -1.53787 1.63634 -1.16035 1.57 0
1 2 3 0.06 0.5 2.15455 5 5.29872 0.875 0 -1.6153 -1.47353 -2.36189 1.57 0
1 2 3 0.06 0.5 2.15455 6 5.29678 0.875 0 -1.1596 0.71382 -1.04935 1.57 0
1 2 3 0.06 0.5 2.15455 7 5.28165 0.875 0 -0.230401 -0.903708 -1.76668 1.57 0
1 2 3 0.06 0.5 2.15455 8 5.27328 0.875 0 -0.94227 0.77749 -2.26253 1.57 0
1 2 3 0.06 0.5 2.15455 9 5.24119 0.875 0 -1.74885 1.69546 -1.11099 1.57 0
1 2 4 0.06 0.5 2.47273 0 5.89443 1 0 -2.06639 -1.18588 -2.03784 1.57 0
1 2 4 0.06 0.5 2.47273 1 5.88811 1 0 -2.27456 -1.29819 -2.31881 1.57 0
1 2 4 0.06 0.5 2.47273 2 5.85414 1 0 -1.89625 -1.53253 -2.13168 1.57 0
1 2 4 0.06 0.5 2.47273 3 5.83943 1 0 -1.77812 -1.20556 -2.25917 1.57 0
1 2 4 0.06 0.5 2.47273 4 5.83603 1 0 -1.92903 -1.50962 -2.49731 1.57 0
1 2 4 0.06 0.5 2.47273 5 5.8 1 0 -1.56691 -1.63035 -1.86048 1.57 0
1 2 4 0.06 0.5 2.47273 6 5.77381 1 0 -1.54063 -1.50906 -2.39838 1.57 0
1 2 4 0.06 0.5 2.47273 7 5.76161 1 0 -1.4272 -1.53566 -1.88584 1.57 0
1 2 4 0.06 0.5 2.47273 8 5.75875 1 0 -1.56222 -1.73173 -2.24918 1.57 0
1 2 4 0.06 0.5 2.47273 9 5.73988 1 0 -1.65594 1.34342 -2.08136 1.57 0
1 2 5 0.06 0.5 2.79091 0 5.91819 1 0 -2.25511 -1.31324 -1.63184 1.57 0
1 2 5 0.06 0.5 2.79091 1 5.89037 1 0 -2.13714 -1.34016 -2.16178 1.57 0
1 2 5 0.06 0.5 2.79091 2 5.88585 1 0 -1.94528 -1.3262 -1.93581 1.57 0
1 2 5 0.06 0.5 2.79091 3 5.87662 1 0 -1.92685 -1.60959 -1.34094 1.57 0
1 2 5 0.06 0.5 2.79091 4 5.87334 1 0 -2.15433 -1.02583 -2.43699 1.57 0
1 2 5 0.06 0.5 2.79091 5 5.87236 1 0 -2.18414 -0.953997 -2.33959 1.57 0
1 2 5 0.06 0.5 2.79091 6 5.86988 1 0 -2.16857 -1.68516 -1.45341 1.57 0
1 2 5 0.06 0.5 2.79091 7 5.86792 1 0 -2.15388 -1.54632 -2.09128 1.57 0
1 2 5 0.06 0.5 2.79091 8 5.86492 1 0 -2.00278 -1.14825 -2.45545 1.57 0
1 2 5 0.06 0.5 2.79091 9 5.86189 1 0 -2.49514 -1.55482 -1.93051 1.57 0
1 2 6 0.06 0.5 3.10909 0 5.88408 1 0 -2.17151 -0.999206 -2.19819 1.57 0
1 2 6 0.06 0.5 3.10909 1 5.8647 1 0 -1.81262 -1.55351 -1.60841 1.57 0
1 2 6 0.06 0.5 3.10909 2 5.68328 1 0 -2.74598 -1.81795 -2.23311 1.57 0
1 2 6 0.06 0.5 3.10909 3 5.60466 1 0 -2.38687 -2.12079 -1.90342 1.57 0
1 2 6 0.06 0.5 3.10909 4 5.40295 0.875 0 -2.41603 -1.28098 -2.05335 1.57 0
1 2 6 0.06 0.5 3.10909 5 5.40122 1 0 -2.08931 0.539029 -2.3217 1.57 0
1 2 6 0.06 0.5 3.10909 6 5.38891 0.875 0 -1.99248 -1.55214 -1.42889 1.57 0
1 2 6 0.06 0.5 3.10909 7 5.28397 0.875 0 -1.76772 -1.70136 -2.4462 1.57 0
1 2 6 0.06 0.5 3.10909 8 5.28356 0.875 0 -1.76211 -0.922762 -2.00372 1.57 0
1 2 6 0.06 0.5 3.10909 9 5.2661 0.875 0 -3.09189 -1.34594 -2.36732 1.57 0
1 2 7 0.06 0.5 3.42727 0 5.88019 1 0 -2.48446 -1.2666 -2.43038 1.57 0
1 2 7 0.06 0.5 3.42727 1 5.82813 1 0 -2.18736 -1.66791 -2.24636 1.57 0
1 2 7 0.06 0.5 3.42727 2 5.65207 1 0 -2.80685 1.3837 -2.04876 1.57 0
1 2 7 0.06 0.5 3.42727 3 5.3908 0.875 0 -2.29226 -1.31843 -2.24821 1.57 0
1 2 7 0.06 0.5 3.42727 4 5.37563 0.875 0 -2.74163 -1.31853 -2.03049 1.57 0
1 2 7 0.06 0.5 3.42727 5 5.31069 0.875 0 -3.14395 -0.69528 -2.03011 1.57 0
1 2 7 0.06 0.5 3.42727 6 5.15832 0.875 0 -2.45267 0.698276 -2.493 1.57 0
1 2 7 0.06 0.5 3.42727 7 5.12177 0.875 0 -2.70213 1.22427 -2.37486 1.57 0
1 2 7 0.06 0.5 3.42727 8 5.08935 0.875 0 -2.33451 -2.1767 -1.74095 1.57 0
1 2 7 0.06 0.5 3.42727 9 4.91376 0.75 0 -2.20465 -1.37592 -1.60494 1.57 0
1 2 8 0.06 0.5 3.74545 0 5.28159 0.875 0 -2.64651 -1.64667 -2.33523 1.57 0
1 2 8 0.06 0.5 3.74545 1 5.25107 0.875 0 -3.6427 1.78354 -2.124 1.57 0
1 2 8 0.06 0.5 3.74545 2 4.7648 0.75 0 -2.83103 -1.65819 -1.97564 1.57 0
1 2 8 0.06 0.5 3.74545 3 4.72965 0.75 0 -3.43512 -0.957798 -2.02941 1.57 0
1 2 8 0.06 0.5 3.74545 4 4.38575 0.625 0 -2.61881 -0.820801 -1.96443 1.57 0
1 2 8 0.06 0.5 3.74545 5 4.3002 0.625 0 -2.59499 -1.71935 -1.86972 1.57 0
1 2 8 0.06 0.5 3.74545 6 4.28699 0.625 0 -2.97412 -1.62472 -1.37661 1.57 0
1 2 8 0.06 0.5 3.74545 7 4.28533 0.625 0 -3.56246 1.67697 -2.01308 1.57 0
1 2 8 0.06 0.5 3.74545 8 4.2253 0.625 0 -3.1877 1.37672 -1.94024 1.57 0
1 2 8 0.06 0.5 3.74545 9 4.22414 0.625 0 -3.41266 -0.843582 -2.29815 1.57 0
1 2 9 0.06 0.5 4.06364 0 4.32509 0.625 0 -3.00181 -0.788168 -2.45719 1.57 0
1 2 9 0.06 0.5 4.06364 1 3.9345 0.625 0 -3.38405 -1.70142 -1.9256 1.57 0
1 2 9 0.06 0.5 4.06364 2 3.89863 0.5 0 -2.83383 -1.11557 -1.7753 1.57 0
1 2 9 0.06 0.5 4.06364 3 3.8378 0.5 0 -3.32832 0.714458 -2.22841 1.57 0
1 2 9 0.06 0.5 4.06364 4 3.79799 0.625 0 -3.52288 -1.65606 -2.10369 1.57 0
1 2 9 0.06 0.5 4.06364 5 3.78622 0.5 0 -3.06674 -1.60981 -1.06713 1.57 0
1 2 9 0.06 0.5 4.06364 6 3.77882 0.5 0 -3.37969 -1.02385 -1.64744 1.57 0
1 2 9 0.06 0.5 4.06364 7 3.57231 0.5 0 -3.07388 0.275454 -1.72526 1.57 0
1 2 9 0.06 0.5 4.06364 8 3.37646 0.375 0 -3.48242 0.99025 -1.82841 1.57 0
1 2 9 0.06 0.5 4.06364 9 3.36984 0.375 0 -2.87418 -0.850199 -2.11233 1.57 0
1 2 10 0.06 0.5 4.38182 0 3.77681 0.5 0 -3.02835 -1.45995 -2.0527 1.57 0
1 2 10 0.06 0.5 4.38182 1 3.74959 0.5 0 -3.25182 -0.548113 -1.86788 1.57 0
1 2 10 0.06 0.5 4.38182 2 3.6742 0.5 0 -3.53108 -0.87805 -2.15754 1.57 0
1 2 10 0.06 0.5 4.38182 3 3.37461 0.375 0 -2.91922 -1.34608 -1.47712 1.57 0
1 2 10 0.06 0.5 4.38182 4 3.24988 0.375 0 -2.4647 -1.92454 -1.5822 1.57 0
1 2 10 0.06 0.5 4.38182 5 3.24758 0.375 0 -2.5815 -1.90468 -1.47769 1.57 0
1 2 10 0.06 0.5 4.38182 6 3.09495 0.375 0 -3.64593 -1.15485 -1.47169 1.57 0
1 2 10 0.06 0.5 4.38182 7 2.98975 0.375 0 -3.40036 0.222848 -1.01822 1.57 0
1 2 10 0.06 0.5 4.38182 8 2.98432 0.375 0 -3.1839 -0.205795 -1.06113 1.57 0
1 2 10 0.06 0.5 4.38182 9 2.87126 0.25 0 -3.09901 -1.03342 -1.57129 1.57 0
1 2 11 0.06 0.5 4.7 0 3.37053 0.375 0 -3.20363 -0.99675 -1.0519 1.57 0
1 2 11 0.06 0.5 4.7 1 2.85931 0.25 0 -3.16659 -1.00428 -1.53012 1.57 0
1 2 11 0.06 0.5 4.7 2 2.84316 0.25 0 -2.78847 -1.64471 -1.0751 1.57 0
1 2 11 0.06 0.5 4.7 3 2.81706 0.375 0 -3.67019 0.145166 -1.17424 1.57 0
1 2 11 0.06 0.5 4.7 4 2.78901 0.25 0 -2.77441 -1.61015 -2.08857 1.57 0
1 2 11 0.06 0.5 4.7 5 2.70304 0.25 0 -2.28057 -2.08778 -1.30312 1.57 0
1 2 11 0.06 0.5 4.7 6 2.6414 0.25 0 -3.29152 -1.59594 -1.50446 1.57 0
1 2 11 0.06 0.5 4.7 7 2.61569 0.25 0 -3.77359 0.403411 -1.33954 1.57 0
1 2 11 0.06 0.5 4.7 8 2.51708 0.25 0 -3.33202 -1.81262 -1.08895 1.57 0
1 2 11 0.06 0.5 4.7 9 2.33375 0.125 0 -2.8024 -1.5414 -1.73627 1.57 0
1 3 0 0.06 0.55 1.2 0 5.73175 1 0 0.487812 -1.76254 -2.3362 1.57 0
1 3 0 0.06 0.55 1.2 1 5.38733 0.875 0 0.67405 -1.30533 -1.79188 1.57 0
1 3 0 0.06 0.55 1.2 2 5.37292 0.875 0 -0.494684 1.67162 -2.02254 1.57 0
1 3 0 0.06 0.55 1.2 3 5.35803 0.875 0 -0.00370066 0.703883 -1.49747 1.57 0
1 3 0 0.06 0.55 1.2 4 5.33701 0.875 0 0.67507 -1.62738 -1.65989 1.57 0
1 3 0 0.06 0.55 1.2 5 5.28114 0.875 0 0.653737 -1.74752 -1.9171 1.57 0
1 3 0 0.06 0.55 1.2 6 5.11961 0.875 0 0.217752 -1.84453 -2.32587 1.57 0
1 3 0 0.06 0.55 1.2 7 5.09682 0.875 0 0.0450129 -1.80705 -2.07329 1.57 0
1 3 0 0.06 0.55 1.2 8 4.9237 0.75 0 -0.201979 1.26981 -2.10703 1.57 0
1 3 0 0.06 0.55 1.2 9 4.91432 0.75 0 -0.261895 1.38809 -2.19436 1.57 0
1 3 1 0.06 0.55 1.51818 0 5.94887 1 0 -0.609206 1.24958 -1.92655 1.57 0
1 3 1 0.06 0.55 1.51818 1 5.92792 1 0 -0.752443 1.4155 -2.35085 1.57 0
1 3 1 0.06 0.55 1.51818 2 5.92361 1 0 -0.873441 1.48389 -1.74017 1.57 0
1 3 1 0.06 0.55 1.51818 3 5.89961 1 0 -0.525679 0.715534 -1.05207 1.57 0
1 3 1 0.06 0.55 1.51818 4 5.89658 1 0 0.269802 -0.973089 -2.22791 1.57 0
1 3 1 0.06 0.55 1.51818 5 5.7765 1 0 0.763655 -1.72966 -1.85391 1.57 0
1 3 1 0.06 0.55 1.51818 6 5.74896 1 0 0.493273 -1.8332 -1.7635 1.57 0
1 3 1 0.06 0.55 1.51818 7 5.72419 1 0 -0.234379 0.376129 -1.79792 1.57 0
1 3 1 0.06 0.55 1.51818 8 5.695 1 0 0.126019 -0.341048 -1.17895 1.57 0
1 3 1 0.06 0.55 1.51818 9 5.62703 1 0 0.344308 -1.94372 -1.98809 1.57 0
1 3 2 0.06 0.55 1.83636 0 5.92301 1 0 -1.04269 1.39061 -1.48751 1.57 0
1 3 2 0.06 0.55 1.83636 1 5.89107 1 0 -0.921515 1.37537 -1.32362 1.57 0
1 3 2 0.06 0.55 1.83636 2 5.87862 1 0 0.385711 -1.18111 -2.45067 1.57 0
1 3 2 0.06 0.55 1.83636 3 5.85603 1 0 0.152299 -1.45092 -1.66821 1.57 0
1 3 2 0.06 0.55 1.83636 4 5.84725 1 0 -1.23687 1.70186 -2.41537 1.57 0
1 3 2 0.06 0.55 1.83636 5 5.82214 1 0 -0.17304 -1.03854 -2.12267 1.57 0
1 3 2 0.06 0.55 1.83636 6 5.74384 1 0 0.614376 -1.82617 -1.95069 1.57 0
1 3 2 0.06 0.55 1.83636 7 5.73527 1 0 -0.328485 -0.988676 -2.46124 1.57 0
1 3 2 0.06 0.55 1.83636 8 5.70621 1 0 0.728265 -1.91039 -1.86909 1.57 0
1 3 2 0.06 0.55 1.83636 9 5.6489 1 0 -0.259624 -1.41142 -2.19177 1.57 0
1 3 3 0.06 0.55 2.15455 0 5.34562 0.875 0 -1.15852 1.00475 -2.45247 1.57 0
1 3 3 0.06 0.55 2.15455 1 5.32505 0.875 0 0.0100629 -1.48472 -1.45615 1.57 0
1 3 3 0.06 0.55 2.15455 2 5.31353 0.875 0 -1.79424 -1.56916 -2.47292 1.57 0
1 3 3 0.06 0.55 2.15455 3 5.28486 0.875 0 -1.06157 0.893414 -1.60363 1.57 0
1 3 3 0.06 0.55 2.15455 4 5.2732 0.875 0 0.256714 -1.73778 -1.57396 1.57 0
1 3 3 0.06 0.55 2.15455 5 5.26356 0.875 0 -1.03266 0.646386 -2.12799 1.57 0
1 3 3 0.06 0.55 2.15455 6 5.25103 0.875 0 -0.353611 -0.649425 -2.14812 1.57 0
1 3 3 0.06 0.55 2.15455 7 5.20014 0.875 0 0.126405 -1.88677 -1.02839 1.57 0
1 3 3 0.06 0.55 2.15455 8 5.19586 0.875 0 -0.461114 -0.499526 -1.78042 1.57 0
1 3 3 0.06 0.55 2.15455 9 5.17638 0.875 0 -1.31179 -1.89796 -1.87812 1.57 0
1 3 4 0.06 0.55 2.47273 0 5.83687 1 0 -1.72058 -1.44876 -2.13736 1.57 0
1 3 4 0.06 0.55 2.47273 1 5.80406 1 0 -1.61927 -1.61008 -2.08378 1.57 0
1 3 4 0.06 0.55 2.47273 2 5.79176 1 0 -1.86115 -1.72162 -2.40152 1.57 0
1 3 4 0.06 0.55 2.47273 3 5.79055 1 0 -1.65765 -1.81722 -1.66209 1.57 0
1 3 4 0.06 0.55 2.47273 4 5.77554 1 0 -1.59268 -1.64589 -2.33883 1.57 0
1 3 4 0.06 0.55 2.47273 5 5.73776 1 0 -1.75131 1.41858 -1.43995 1.57 0
1 3 4 0.06 0.55 2.47273 6 5.72517 1 0 -1.47867 1.04023 -2.36801 1.57 0
1 3 4 0.06 0.55 2.47273 7 5.70154 1 0 -1.34641 -1.84182 -1.86656 1.57 0
1 3 4 0.06 0.55 2.47273 8 5.69758 1 0 -1.51718 -2.01006 -1.73188 1.57 0
1 3 4 0.06 0.55 2.47273 9 5.67635 1 0 -1.2606 -1.54687 -2.13062 1.57 0
1 3 5 0.06 0.55 2.79091 0 5.89184 1 0 -2.23143 -1.45418 -1.93895 1.57 0
1 3 5 0.06 0.55 2.79091 1 5.83233 1 0 -1.7259 -1.21478 -2.14494 1.57 0
1 3 5 0.06 0.55 2.79091 2 5.81973 1 0 -2.50003 -1.68128 -1.98981 1.57 0
1 3 5 0.06 0.55 2.79091 3 5.81565 1 0 -2.38555 -1.64557 -2.35694 1.57 0
1 3 5 0.06 0.55 2.79091 4 5.77825 1 0 -1.6511 -1.75662 -2.13528 1.57 0
1 3 5 0.06 0.55 2.79091 5 5.77384 1 0 -1.48159 -1.68647 -1.77436 1.57 0
1 3 5 0.06 0.55 2.79091 6 5.77116 1 0 -1.59092 -1.60116 -2.4768 1.57 0
1 3 5 0.06 0.55 2.79091 7 5.7629 1 0 -2.49419 -1.81908 -2.00012 1.57 0
1 3 5 0.06 0.55 2.79091 8 5.70601 1 0 -1.9522 -1.98498 -2.20432 1.57 0
1 3 5 0.06 0.55 2.79091 9 5.70506 1 0 -1.34435 -1.73707 -2.13395 1.57 0
1 3 6 0.06 0.55 3.10909 0 5.88746 1 0 -2.09594 -1.49308 -1.85226 1.57 0
1 3 6 0.06 0.55 3.10909 1 5.85229 1 0 -1.71566 -1.42949 -1.73124 1.57 0
1 3 6 0.06 0.55 3.10909 2 5.79845 1 0 -1.60484 -1.24487 -2.15479 1.57 0
1 3 6 0.06 0.55 3.10909 3 5.72372 1 0 -3.09609 -1.46718 -2.33912 1.57 0
1 3 6 0.06 0.55 3.10909 4 5.68472 1 0 -1.58217 -1.03198 -2.00859 1.57 0
1 3 6 0.06 0.55 3.10909 5 5.35884 0.875 0 -2.31885 -1.54574 -2.19367 1.57 0
1 3 6 0.06 0.55 3.10909 6 5.3516 0.875 0 -2.72803 -1.46322 -1.98807 1.57 0
1 3 6 0.06 0.55 3.10909 7 5.34692 0.875 0 -2.10805 -1.5779 -2.30057 1.57 0
1 3 6 0.06 0.55 3.10909 8 5.32244 0.875 0 -1.66408 -1.7018 -1.49038 1.57 0
1 3 6 0.06 0.55 3.10909 9 5.24586 0.875 0 -1.98355 -2.0248 -1.46207 1.57 0
1 3 7 0.06 0.55 3.42727 0 5.85505 1 0 -2.49142 -1.62806 -1.73123 1.57 0
1 3 7 0.06 0.55 3.42727 1 5.40822 0.875 0 -2.7309 -1.30626 -1.44328 1.57 0
1 3 7 0.06 0.55 3.42727 2 5.40618 0.875 0 -2.02346 -1.27289 -1.57195 1.57 0
1 3 7 0.06 0.55 3.42727 3 5.40004 0.875 0 -2.57919 -1.08539 -2.16106 1.57 0
1 3 7 0.06 0.55 3.42727 4 5.30017 0.875 0 -2.21154 -0.668029 -2.20354 1.57 0
1 3 7 0.06 0.55 3.42727 5 5.25711 0.875 0 -2.81755 -1.66003 -2.09366 1.57 0
1 3 7 0.06 0.55 3.42727 6 4.91464 0.75 0 -2.64219 -1.29147 -1.51421 1.57 0
1 3 7 0.06 0.55 3.42727 7 4.90282 0.75 0 -2.03149 -1.21416 -1.70629 1.57 0
1 3 7 0.06 0.55 3.42727 8 4.88781 0.75 0 -2.58554 -1.40052 -1.88528 1.57 0
1 3 7 0.06 0.55 3.42727 9 4.82145 0.75 0 -2.02095 -1.84711 -1.42865 1.57 0
1 3 8 0.06 0.55 3.74545 0 5.35278 0.875 0 -3.32604 1.36083 -2.22511 1.57 0
1 3 8 0.06 0.55 3.74545 1 5.30793 0.875 0 -2.48988 -1.8661 -1.06741 1.57 0
1 3 8 0.06 0.55 3.74545 2 4.86927 0.75 0 -3.16901 1.08613 -1.94839 1.57 0
1 3 8 0.06 0.55 3.74545 3 4.8684 0.75 0 -2.50638 -1.46858 -2.11997 1.57 0
1 3 8 0.06 0.55 3.74545 4 4.86365 0.75 0 -2.44401 -1.69772 -1.24748 1.57 0
1 3 8 0.06 0.55 3.74545 5 4.84747 0.75 0 -3.15336 1.00544 -1.03638 1.57 0
1 3 8 0.06 0.55 3.74545 6 4.77401 0.75 0 -2.43216 -1.91892 -1.36026 1.57 0
1 3 8 0.06 0.55 3.74545 7 4.74163 0.75 0 -2.16429 -1.93269 -1.51421 1.57 0
1 3 8 0.06 0.55 3.74545 8 4.69772 0.75 0 -2.7376 0.538808 -1.53315 1.57 0
1 3 8 0.06 0.55 3.74545 9 4.63183 0.75 0 -2.76849 -1.89135 -2.20827 1.57 0
1 3 9 0.06 0.55 4.06364 0 3.87781 0.5 0 -2.43675 -1.60156 -1.51199 1.57 0
1 3 9 0.06 0.55 4.06364 1 3.8458 0.5 0 -3.74264 1.27645 -1.40196 1.57 0
1 3 9 0.06 0.55 4.06364 2 3.83628 0.5 0 -3.21928 0.685565 -1.95986 1.57 0
1 3 9 0.06 0.55 4.06364 3 3.835 0.5 0 -3.6767 1.45285 -1.80789 1.57 0
1 3 9 0.06 0.55 4.06364 4 3.79069 0.5 0 -3.31538 0.573015 -2.12886 1.57 0
1 3 9 0.06 0.55 4.06364 5 3.62719 0.5 0 -3.28275 -1.46161 -2.35431 1.57 0
1 3 9 0.06 0.55 4.06364 6 3.57092 0.5 0 -3.66544 -0.775783 -2.40602 1.57 0
1 3 9 0.06 0.55 4.06364 7 3.36376 0.375 0 -3.56362 1.28575 -1.77397 1.57 0
1 3 9 0.06 0.55 4.06364 8 3.35572 0.375 0 -3.61711 1.33807 -1.91392 1.57 0
1 3 9 0.06 0.55 4.06364 9 3.28436 0.375 0 -3.08616 -0.596945 -2.158 1.57 0
1 3 10 0.06 0.55 4.38182 0 3.71953 0.5 0 -3.37562 -1.31222 -1.55223 1.57 0
1 3 10 0.06 0.55 4.38182 1 3.41723 0.5 0 -3.67793 -1.24964 -2.18121 1.57 0
1 3 10 0.06 0.55 4.38182 2 3.37052 0.375 0 -3.07606 -1.17289 -1.46665 1.57 0
1 3 10 0.06 0.55 4.38182 3 3.32 0.375 0 -2.89402 -1.54797 -1.61633 1.57 0
1 3 10 0.06 0.55 4.38182 4 3.29881 0.375 0 -2.98339 -1.62147 -1.19457 1.57 0
1 3 10 0.06 0.55 4.38182 5 3.29268 0.375 0 -3.64071 0.658123 -1.95239 1.57 0
1 3 10 0.06 0.55 4.38182 6 3.24408 0.5 0 -3.67815 -0.137734 -2.27685 1.57 0
1 3 10 0.06 0.55 4.38182 7 3.2196 0.375 0 -3.40247 -0.99052 -2.28594 1.57 0
1 3 10 0.06 0.55 4.38182 8 3.05804 0.375 0 -3.41273 0.29377 -2.27841 1.57 0
1 3 10 0.06 0.55 4.38182 9 3.00314 0.375 0 -2.98048 -2.05873 -1.42188 1.57 0
1 3 11 0.06 0.55 4.7 0 3.2965 0.375 0 -3.32567 -0.645257 -1.08155 1.57 0
1 3 11 0.06 0.55 4.7 1 3.24127 0.375 0 -3.32425 -1.09876 -2.26212 1.57 0
1 3 11 0.06 0.55 4.7 2 3.18513 0.375 0 -3.46419 -0.53548 -1.79853 1.57 0
1 3 11 0.06 0.55 4.7 3 2.85558 0.25 0 -3.1719 -1.18946 -1.256 1.57 0
1 3 11 0.06 0.55 4.7 4 2.85049 0.25 0 -3.25591 -0.861722 -1.14002 1.57 0
1 3 11 0.06 0.55 4.7 5 2.83073 0.25 0 -2.61905 -1.6797 -1.59601 1.57 0
1 3 11 0.06 0.55 4.7 6 2.82 0.25 0 -3.24464 -0.825341 -1.80084 1.57 0
1 3 11 0.06 0.55 4.7 7 2.79486 0.375 0 -3.76611 -0.2165 -2.46586 1.57 0
1 3 11 0.06 0.55 4.7 8 2.78274 0.25 0 -3.2531 -1.18627 -1.93016 1.57 0
1 3 11 0.06 0.55 4.7 9 2.74671 0.25 0 -2.62629 -1.82889 -1.83678 1.57 0
1 4 0 0.06 0.6 1.2 0 4.84293 0.75 0 0.727556 -0.962278 -1.40892 1.57 0
1 4 0 0.06 0.6 1.2 1 4.79813 0.75 0 0.353239 -1.47636 -1.98502 1.57 0
1 4 0 0.06 0.6 1.2 2 4.78612 0.75 0 -0.692306 1.75002 -1.8756 1.57 0
1 4 0 0.06 0.6 1.2 3 4.74854 0.75 0 0.707076 -1.61701 -2.34319 1.57 0
1 4 0 0.06 0.6 1.2 4 4.67677 0.75 0 0.387429 -0.446598 -2.36664 1.57 0
1 4 0 0.06 0.6 1.2 5 4.35829 0.625 0 -0.408928 1.33377 -2.20227 1.57 0
1 4 0 0.06 0.6 1.2 6 4.34291 0.625 0 -0.12958 0.93064 -1.21279 1.57 0
1 4 0 0.06 0.6 1.2 7 4.33127 0.625 0 -0.234443 0.76134 -1.0951 1.57 0
1 4 0 0.06 0.6 1.2 8 4.32596 0.625 0 0.809455 -0.987317 -1.37403 1.57 0
1 4 0 0.06 0.6 1.2 9 4.30067 0.625 0 0.792848 -0.901669 -2.06401 1.57 0
1 4 1 0.06 0.6 1.51818 0 5.9242 1 0 -0.782133 1.48376 -2.10834 1.57 0
1 4 1 0.06 0.6 1.51818 1 5.91056 1 0 0.523897 -1.32247 -1.55559 1.57 0
1 4 1 0.06 0.6 1.51818 2 5.83806 1 0 0.171196 -0.618779 -2.1703 1.57 0
1 4 1 0.06 0.6 1.51818 3 5.69405 1 0 0.321041 -1.8612 -1.83133 1.57 0
1 4 1 0.06 0.6 1.51818 4 5.52636 1 0 -0.00731559 -1.84974 -2.13275 1.57 0
1 4 1 0.06 0.6 1.51818 5 5.40789 0.875 0 -0.348779 0.740166 -1.12064 1.57 0
1 4 1 0.06 0.6 1.51818 6 5.38878 0.875 0 -0.804248 1.66141 -1.6234 1.57 0
1 4 1 0.06 0.6 1.51818 7 5.37264 0.875 0 -0.474219 1.67358 -2.36042 1.57 0
1 4 1 0.06 0.6 1.51818 8 5.36698 1 0 0.277607 -2.13142 -2.28669 1.57 0
1 4 1 0.06 0.6 1.51818 9 5.35735 0.875 0 0.320743 -1.4635 -1.95964 1.57 0
1 4 2 0.06 0.6 1.83636 0 5.92469 1 0 -1.04727 1.18487 -1.66262 1.57 0
1 4 2 0.06 0.6 1.83636 1 5.91528 1 0 -1.12059 1.15874 -1.30382 1.57 0
1 4 2 0.06 0.6 1.83636 2 5.91269 1 0 -1.12387 1.13536 -1.19075 1.57 0
1 4 2 0.06 0.6 1.83636 3 5.90631 1 0 -1.14892 1.39804 -1.0389 1.57 0
1 4 2 0.06 0.6 1.83636 4 5.88807 1 0 -1.25341 1.5167 -1.54142 1.57 0
1 4 2 0.06 0.6 1.83636 5 5.87998 1 0 0.00468472 -0.699542 -1.5502 1.57 0
1 4 2 0.06 0.6 1.83636 6 5.86414 1 0 0.146671 -0.838058 -2.49424 1.57 0
1 4 2 0.06 0.6 1.83636 7 5.86379 1 0 -1.10085 1.72471 -2.26146 1.57 0
1 4 2 0.06 0.6 1.83636 8 5.86345 1 0 0.618413 -1.47075 -1.92572 1.57 0
1 4 2 0.06 0.6 1.83636 9 5.85882 1 0 0.00299953 -1.05459 -2.28249 1.57 0
1 4 3 0.06 0.6 2.15455 0 5.37687 0.875 0 -0.113427 -1.13413 -1.45776 1.57 0
1 4 3 0.06 0.6 2.15455 1 5.36652 0.875 0 -1.29261 1.39784 -2.32275 1.57 0
1 4 3 0.06 0.6 2.15455 2 5.34212 0.875 0 -1.40025 1.34948 -2.18854 1.57 0
1 4 3 0.06 0.6 2.15455 3 5.34193 0.875 0 0.374947 -1.64609 -1.44398 1.57 0
1 4 3 0.06 0.6 2.15455 4 5.3324 0.875 0 -1.17007 0.80721 -1.19794 1.57 0
1 4 3 0.06 0.6 2.15455 5 5.33009 0.875 0 0.339169 -1.59572 -1.80127 1.57 0
1 4 3 0.06 0.6 2.15455 6 5.32254 0.875 0 -1.55779 1.41221 -1.35535 1.57 0
1 4 3 0.06 0.6 2.15455 7 5.30943 0.875 0 -1.58567 1.58805 -1.49555 1.57 0
1 4 3 0.06 0.6 2.15455 8 5.28816 0.875 0 -0.332457 -0.768777 -1.97376 1.57 0
1 4 3 0.06 0.6 2.15455 9 5.27484 0.875 0 0.490829 -1.79493 -1.68137 1.57 0
1 4 4 0.06 0.6 2.47273 0 5.29893 0.875 0 -1.60584 -1.29108 -2.26347 1.57 0
1 4 4 0.06 0.6 2.47273 1 5.25291 0.875 0 -1.73114 1.53936 -1.6136 1.57 0
1 4 4 0.06 0.6 2.47273 2 5.20387 0.875 0 -1.48416 -1.99494 -1.60749 1.57 0
1 4 4 0.06 0.6 2.47273 3 5.17961 0.875 0 -1.63593 -2.03035 -2.0665 1.57 0
1 4 4 0.06 0.6 2.47273 4 5.17285 0.875 0 -1.82546 1.41403 -1.78045 1.57 0
1 4 4 0.06 0.6 2.47273 5 5.13144 0.875 0 -1.1812 -1.8006 -2.09004 1.57 0
1 4 4 0.06 0.6 2.47273 6 5.10489 0.875 0 -0.734287 -0.599939 -1.61569 1.57 0
1 4 4 0.06 0.6 2.47273 7 5.09387 0.875 0 -1.48247 0.652185 -1.25476 1.57 0
1 4 4 0.06 0.6 2.47273 8 5.08523 0.875 0 -0.545322 -1.28042 -1.44326 1.57 0
1 4 4 0.06 0.6 2.47273 9 5.07918 0.875 0 -1.1776 -2.07266 -1.82991 1.57 0
1 4 5 0.06 0.6 2.79091 0 5.8724 1 0 -2.01079 -1.54226 -1.93789 1.57 0
1 4 5 0.06 0.6 2.79091 1 5.86907 1 0 -2.37926 -0.861309 -2.38951 1.57 0
1 4 5 0.06 0.6 2.79091 2 5.86733 1 0 -1.84868 -1.38388 -2.03157 1.57 0
1 4 5 0.06 0.6 2.79091 3 5.86092 1 0 -2.35296 -1.47616 -2.35761 1.57 0
1 4 5 0.06 0.6 2.79091 4 5.83915 1 0 -2.02662 -1.57852 -2.37758 1.57 0
1 4 5 0.06 0.6 2.79091 5 5.765 1 0 -1.52003 -1.80371 -1.71313 1.57 0
1 4 5 0.06 0.6 2.79091 6 5.74626 1 0 -1.66955 -1.83593 -2.27536 1.57 0
1 4 5 0.06 0.6 2.79091 7 5.72242 1 0 -1.57364 -1.86135 -2.2729 1.57 0
1 4 5 0.06 0.6 2.79091 8 5.71678 1 0 -2.01515 -2.01835 -1.88633 1.57 0
1 4 5 0.06 0.6 2.79091 9 5.69679 1 0 -1.49849 -2.01093 -1.68014 1.57 0
1 4 6 0.06 0.6 3.10909 0 5.9127 1 0 -2.35323 -1.1521 -1.96781 1.57 0
1 4 6 0.06 0.6 3.10909 1 5.84896 1 0 -1.77977 -1.35244 -2.18561 1.57 0
1 4 6 0.06 0.6 3.10909 2 5.8417 1 0 -2.05556 -1.596 -2.3028 1.57 0
1 4 6 0.06 0.6 3.10909 3 5.7665 1 0 -1.4753 -1.76462 -1.53901 1.57 0
1 4 6 0.06 0.6 3.10909 4 5.76172 1 0 -1.72777 -0.94318 -2.47059 1.57 0
1 4 6 0.06 0.6 3.10909 5 5.60508 1 0 -1.69222 -2.16863 -2.05017 1.57 0
1 4 6 0.06 0.6 3.10909 6 5.40727 0.875 0 -2.12428 -1.32206 -1.78981 1.57 0
1 4 6 0.06 0.6 3.10909 7 5.37001 0.875 0 -1.85214 -1.26432 -1.98533 1.57 0
1 4 6 0.06 0.6 3.10909 8 5.33394 0.875 0 -1.71907 -1.567 -1.98354 1.57 0
1 4 6 0.06 0.6 3.10909 9 5.3269 0.875 0 -1.70106 -1.60473 -1.96453 1.57 0
1 4 7 0.06 0.6 3.42727 0 5.80767 1 0 -2.18806 -1.77649 -2.04591 1.57 0
1 4 7 0.06 0.6 3.42727 1 5.75997 1 0 -1.82017 -0.980243 -1.57915 1.57 0
1 4 7 0.06 0.6 3.42727 2 5.73712 1 0 -2.92955 1.35124 -1.59023 1.57 0
1 4 7 0.06 0.6 3.42727 3 5.37982 0.875 0 -2.04768 -1.00337 -1.89973 1.57 0
1 4 7 0.06 0.6 3.42727 4 5.37133 0.875 0 -2.73171 -1.21428 -2.33628 1.57 0
1 4 7 0.06 0.6 3.42727 5 5.3385 0.875 0 -2.08686 -1.55491 -2.47528 1.57 0
1 4 7 0.06 0.6 3.42727 6 5.32824 0.875 0 -1.62243 -1.50766 -1.73126 1.57 0
1 4 7 0.06 0.6 3.42727 7 5.1936 0.875 0 -1.74405 -2.1424 -1.00912 1.57 0
1 4 7 0.06 0.6 3.42727 8 5.16888 0.875 0 -1.42989 -1.59204 -1.38943 1.57 0
1 4 7 0.06 0.6 3.42727 9 5.10053 0.875 0 -2.94299 1.71977 -2.21616 1.57 0
1 4 8 0.06 0.6 3.74545 0 5.38511 0.875 0 -2.89129 -1.23912 -1.68404 1.57 0
1 4 8 0.06 0.6 3.74545 1 5.08823 0.875 0 -2.45233 -0.31436 -1.41293 1.57 0
1 4 8 0.06 0.6 3.74545 2 4.91495 0.75 0 -2.3906 -1.02723 -1.80862 1.57 0
1 4 8 0.06 0.6 3.74545 3 4.87238 0.75 0 -2.75731 -1.144 -2.36653 1.57 0
1 4 8 0.06 0.6 3.74545 4 4.85993 0.75 0 -3.19168 0.954507 -1.20127 1.57 0
1 4 8 0.06 0.6 3.74545 5 4.81818 0.75 0 -2.40377 -0.630996 -1.97299 1.57 0
1 4 8 0.06 0.6 3.74545 6 4.76406 0.75 0 -2.90812 -1.59469 -2.03893 1.57 0
1 4 8 0.06 0.6 3.74545 7 4.70275 0.75 0 -2.42857 -0.444732 -2.13177 1.57 0
1 4 8 0.06 0.6 3.74545 8 4.55118 0.75 0 -2.4517 -0.286099 -1.21139 1.57 0
1 4 8 0.06 0.6 3.74545 9 4.4234 0.625 0 -2.39533 -1.30667 -1.51919 1.57 0
1 4 9 0.06 0.6 4.06364 0 3.84829 0.5 0 -2.60119 -1.51941 -2.09002 1.57 0
1 4 9 0.06 0.6 4.06364 1 3.82073 0.5 0 -3.09737 -0.864199 -2.39067 1.57 0
1 4 9 0.06 0.6 4.06364 2 3.70546 0.5 0 -2.16419 -2.12325 -1.10183 1.57 0
1 4 9 0.06 0.6 4.06364 3 3.52581 0.5 0 -3.56258 -0.395243 -2.49797 1.57 0
1 4 9 0.06 0.6 4.06364 4 3.42988 0.375 0 -2.4995 -1.15204 -1.45648 1.57 0
1 4 9 0.06 0.6 4.06364 5 3.40248 0.375 0 -2.46036 -1.08193 -2.17316 1.57 0
1 4 9 0.06 0.6 4.06364 6 3.39376 0.375 0 -2.60985 -1.29252 -2.01054 1.57 0
1 4 9 0.06 0.6 4.06364 7 3.37894 0.375 0 -2.63999 -1.3751 -2.02135 1.57 0
1 4 9 0.06 0.6 4.06364 8 3.35616 0.375 0 -3.12081 -0.995469 -1.78766 1.57 0
1 4 9 0.06 0.6 4.06364 9 3.33107 0.375 0 -2.80779 -1.4961 -1.94793 1.57 0
1 4 10 0.06 0.6 4.38182 0 3.35679 0.375 0 -2.96266 -0.7091 -1.64784 1.57 0
1 4 10 0.06 0.6 4.38182 1 3.3438 0.375 0 -3.67082 0.905533 -2.15551 1.57 0
1 4 10 0.06 0.6 4.38182 2 3.34018 0.375 0 -3.02476 -0.81054 -2.21498 1.57 0
1 4 10 0.06 0.6 4.38182 3 3.24262 0.375 0 -3.56885 0.511079 -1.31566 1.57 0
1 4 10 0.06 0.6 4.38182 4 3.1465 0.375 0 -3.02382 -0.329862 -1.34561 1.57 0
1 4 10 0.06 0.6 4.38182 5 3.07112 0.375 0 -3.2177 -1.63237 -2.35067 1.57 0
1 4 10 0.06 0.6 4.38182 6 3.00383 0.375 0 -3.24303 -0.238485 -1.93927 1.57 0
1 4 10 0.06 0.6 4.38182 7 2.91524 0.25 0 -2.78971 -1.07109 -1.49063 1.57 0
1 4 10 0.06 0.6 4.38182 8 2.91367 0.25 0 -2.70638 -1.12572 -1.69683 1.57 0
1 4 10 0.06 0.6 4.38182 9 2.90325 0.25 0 -2.85692 -1.2743 -1.29262 1.57 0
1 4 11 0.06 0.6 4.7 0 3.32857 0.375 0 -2.66503 -1.37149 -1.85148 1.57 0
1 4 11 0.06 0.6 4.7 1 3.28129 0.375 0 -3.29854 -0.829746 -2.13338 1.57 0
1 4 11 0.06 0.6 4.7 2 3.21911 0.375 0 -3.01038 -1.59381 -2.14819 1.57 0
1 4 11 0.06 0.6 4.7 3 3.1695 0.375 0 -3.48354 -0.503438 -1.71421 1.57 0
1 4 11 0.06 0.6 4.7 4 3.04864 0.375 0 -3.70735 -1.08084 -1.63221 1.57 0
1 4 11 0.06 0.6 4.7 5 2.90542 0.25 0 -2.80931 -1.31858 -1.23713 1.57 0
1 4 11 0.06 0.6 4.7 6 2.80016 0.25 0 -2.23345 -1.88683 -1.48583 1.57 0
1 4 11 0.06 0.6 4.7 7 2.78812 0.375 0 -3.44126 -1.78592 -2.01546 1.57 0
1 4 11 0.06 0.6 4.7 8 2.78384 0.25 0 -3.07121 -0.776252 -1.1273 1.57 0
1 4 11 0.06 0.6 4.7 9 2.69159 0.25 0 -3.74333 0.53191 -2.28177 1.57 0
2 0 0 0.12 0.4 1.2 0 5.94555 1 0 -0.40736 1.1316 -1.34389 1.57 0
2 0 0 0.12 0.4 1.2 1 5.83104 1 0 0.341146 -1.49851 -2.20716 1.57 0
2 0 0 0.12 0.4 1.2 2 5.81355 1 0 0.0585549 -1.46631 -1.8509 1.57 0
2 0 0 0.12 0.4 1.2 3 5.79056 1 0 0.825336 -1.6171 -1.24875 1.57 0
2 0 0 0.12 0.4 1.2 4 5.77466 1 0 0.588314 -1.81835 -1.61888 1.57 0
2 0 0 0.12 0.4 1.2 5 5.67648 1 0 0.750719 -2.06561 -1.11311 1.57 0
2 0 0 0.12 0.4 1.2 6 5.64082 1 0 0.495347 -2.05847 -1.43008 1.57 0
2 0 0 0.12 0.4 1.2 7 5.49632 1 0 0.238987 -0.192778 -1.06984 1.57 0
2 0 0 0.12 0.4 1.2 8 5.42659 1 0 0.0636474 -2.11687 -1.46527 1.57 0
2 0 0 0.12 0.4 1.2 9 5.40698 0.875 0 0.617843 -1.20874 -1.65427 1.57 0
2 0 1 0.12 0.4 1.51818 0 5.93622 1 0 -0.859592 1.06739 -1.01499 1.57 0
2 0 1 0.12 0.4 1.51818 1 5.8484 1 0 -0.0435602 -0.941466 -2.36873 1.57 0
2 0 1 0.12 0.4 1.51818 2 5.81668 1 0 0.545972 -1.7982 -1.07832 1.57 0
2 0 1 0.12 0.4 1.51818 3 5.78905 1 0 0.325749 -0.801054 -1.94845 1.57 0
2 0 1 0.12 0.4 1.51818 4 5.779 1 0 -0.00878319 -1.41442 -2.19459 1.57 0
2 0 1 0.12 0.4 1.51818 5 5.76964 1 0 -0.019263 -0.506235 -2.28918 1.57 0
2 0 1 0.12 0.4 1.51818 6 5.76778 1 0 0.418534 -1.68509 -2.24754 1.57 0
2 0 1 0.12 0.4 1.51818 7 5.71214 1 0 0.34437 -1.88832 -1.55068 1.57 0
2 0 1 0.12 0.4 1.51818 8 5.57614 1 0 0.453949 -2.05457 -1.94657 1.57 0
2 0 1 0.12 0.4 1.51818 9 5.41178 0.875 0 0.331624 -1.10325 -1.6451 1.57 0
2 0 2 0.12 0.4 1.83636 0 5.42568 0.875 0 -0.947092 1.03672 -1.70786 1.57 0
2 0 2 0.12 0.4 1.83636 1 5.41715 0.875 0 -0.895888 1.07305 -2.34333 1.57 0
2 0 2 0.12 0.4 1.83636 2 5.41142 0.875 0 -1.16615 1.22674 -1.33029 1.57 0
2 0 2 0.12 0.4 1.83636 3 5.34896 0.875 0 -1.45509 1.46877 -1.04414 1.57 0
2 0 2 0.12 0.4 1.83636 4 5.32722 0.875 0 -1.23053 1.79782 -2.43806 1.57 0
2 0 2 0.12 0.4 1.83636 5 5.27827 0.875 0 -1.92238 -1.85076 -2.0743 1.57 0
2 0 2 0.12 0.4 1.83636 6 5.24651 0.875 0 -1.1982 1.7202 -2.07606 1.57 0
2 0 2 0.12 0.4 1.83636 7 5.2403 0.875 0 -1.73667 -1.86123 -2.32479 1.57 0
2 0 2 0.12 0.4 1.83636 8 5.1871 0.875 0 -0.376065 -1.09791 -2.40122 1.57 0
2 0 2 0.12 0.4 1.83636 9 5.14673 0.875 0 -1.25341 -1.4596 -2.43124 1.57 0
2 0 3 0.12 0.4 2.15455 0 5.372 0.875 0 -2.32235 -1.47849 -2.1993 1.57 0
2 0 3 0.12 0.4 2.15455 1 5.34194 0.875 0 -1.83153 -1.41838 -2.40537 1.57 0
2 0 3 0.12 0.4 2.15455 2 5.33975 0.875 0 -1.74272 -1.50603 -2.07514 1.57 0
2 0 3 0.12 0.4 2.15455 3 5.31322 0.875 0 -1.56349 1.30286 -1.19938 1.57 0
2 0 3 0.12 0.4 2.15455 4 5.30346 0.875 0 -1.65745 -1.59884 -2.24462 1.57 0
2 0 3 0.12 0.4 2.15455 5 5.28524 0.875 0 -1.16114 0.806607 -2.32588 1.57 0
2 0 3 0.12 0.4 2.15455 6 5.28207 0.875 0 -1.55795 -1.55786 -2.29437 1.57 0
2 0 3 0.12 0.4 2.15455 7 5.27142 0.875 0 -1.47123 -1.3822 -1.88274 1.57 0
2 0 3 0.12 0.4 2.15455 8 5.24855 0.875 0 -1.45256 -1.34907 -2.22426 1.57 0
2 0 3 0.12 0.4 2.15455 9 5.2397 0.875 0 -1.55861 -1.95546 -1.4132 1.57 0
2 0 4 0.12 0.4 2.47273 0 5.87862 1 0 -2.49523 -1.42697 -2.09592 1.57 0
2 0 4 0.12 0.4 2.47273 1 5.87211 1 0 -2.06432 -1.19837 -2.47292 1.57 0
2 0 4 0.12 0.4 2.47273 2 5.86865 1 0 -2.74195 -1.28651 -2.21736 1.57 0
2 0 4 0.12 0.4 2.47273 3 5.85814 1 0 -2.05484 -0.97569 -2.363 1.57 0
2 0 4 0.12 0.4 2.47273 4 5.85646 1 0 -1.77912 -1.39189 -2.00776 1.57 0
2 0 4 0.12 0.4 2.47273 5 5.83026 1 0 -1.64981 -1.56156 -1.7652 1.57 0
2 0 4 0.12 0.4 2.47273 6 5.81828 1 0 -2.61306 -1.54268 -1.95497 1.57 0
2 0 4 0.12 0.4 2.47273 7 5.81341 1 0 -1.57728 -1.53261 -1.78741 1.57 0
2 0 4 0.12 0.4 2.47273 8 5.79023 1 0 -2.28766 -1.78516 -2.14509 1.57 0
2 0 4 0.12 0.4 2.47273 9 5.77207 1 0 -1.70537 -1.93263 -1.37931 1.57 0
2 0 5 0.12 0.4 2.79091 0 5.91797 1 0 -2.43238 -1.19646 -1.81255 1.57 0
2 0 5 0.12 0.4 2.79091 1 5.91166 1 0 -2.13712 -1.2145 -1.74513 1.57 0
2 0 5 0.12 0.4 2.79091 2 5.89763 1 0 -2.66375 -1.06046 -2.123 1.57 0
2 0 5 0.12 0.4 2.79091 3 5.89518 1 0 -1.94979 -1.42973 -1.49427 1.57 0
2 0 5 0.12 0.4 2.79091 4 5.87566 1 0 -2.00527 -1.06507 -2.09594 1.57 0
2 0 5 0.12 0.4 2.79091 5 5.86636 1 0 -2.22476 -1.63347 -1.78107 1.57 0
2 0 5 0.12 0.4 2.79091 6 5.85439 1 0 -2.79781 -1.2547 -2.37892 1.57 0
2 0 5 0.12 0.4 2.79091 7 5.84047 1 0 -2.01662 -1.66097 -2.08317 1.57 0
2 0 5 0.12 0.4 2.79091 8 5.81445 1 0 -1.97971 -1.71013 -2.24618 1.57 0
2 0 5 0.12 0.4 2.79091 9 5.77147 1 0 -1.69042 -0.984491 -2.2092 1.57 0
2 0 6 0.12 0.4 3.10909 0 5.92214 1 0 -2.6006 -1.35426 -1.13802 1.57 0
2 0 6 0.12 0.4 3.10909 1 5.8821 1 0 -2.60569 -1.48117 -1.67301 1.57 0
2 0 6 0.12 0.4 3.10909 2 5.88068 1 0 -2.3007 -1.51486 -1.94895 1.57 0
2 0 6 0.12 0.4 3.10909 3 5.87742 1 0 -2.34972 -1.51434 -1.98232 1.57 0
2 0 6 0.12 0.4 3.10909 4 5.86467 1 0 -2.135 -1.63715 -1.8077 1.57 0
2 0 6 0.12 0.4 3.10909 5 5.76081 1 0 -2.46383 -1.82467 -2.04636 1.57 0
2 0 6 0.12 0.4 3.10909 6 5.74928 1 0 -2.07409 -0.642184 -2.41225 1.57 0
2 0 6 0.12 0.4 3.10909 7 5.70578 1 0 -1.94769 -2.01874 -2.01582 1.57 0
2 0 6 0.12 0.4 3.10909 8 5.40437 0.875 0 -2.37327 -1.0987 -2.14368 1.57 0
2 0 6 0.12 0.4 3.10909 9 5.38939 0.875 0 -2.34785 -1.48526 -1.86262 1.57 0
2 0 7 0.12 0.4 3.42727 0 5.89189 1 0 -2.46153 -1.02286 -2.33689 1.57 0
2 0 7 0.12 0.4 3.42727 1 5.37205 0.875 0 -2.34483 -1.6833 -1.30209 1.57 0
2 0 7 0.12 0.4 3.42727 2 5.34033 0.875 0 -2.28737 -1.28662 -1.7051 1.57 0
2 0 7 0.12 0.4 3.42727 3 5.30172 0.875 0 -2.92975 -1.66767 -1.10532 1.57 0
2 0 7 0.12 0.4 3.42727 4 5.16621 0.875 0 -3.23805 -1.48588 -2.11812 1.57 0
2 0 7 0.12 0.4 3.42727 5 4.79349 0.75 0 -2.88294 1.19523 -2.13081 1.57 0
2 0 7 0.12 0.4 3.42727 6 4.78046 0.75 0 -2.5396 -1.8684 -1.39268 1.57 0
2 0 7 0.12 0.4 3.42727 7 4.7386 0.75 0 -2.74032 0.768338 -1.14636 1.57 0
2 0 7 0.12 0.4 3.42727 8 4.73061 0.75 0 -2.80968 -1.90087 -1.00763 1.57 0
2 0 7 0.12 0.4 3.42727 9 4.65711 0.75 0 -2.29094 -0.51209 -2.2211 1.57 0
2 0 8 0.12 0.4 3.74545 0 4.73842 0.75 0 -3.06854 -1.51982 -2.05887 1.57 0
2 0 8 0.12 0.4 3.74545 1 4.35211 0.625 0 -2.75556 -0.718483 -2.14505 1.57 0
2 0 8 0.12 0.4 3.74545 2 4.34276 0.625 0 -2.99058 -0.715425 -1.94738 1.57 0
2 0 8 0.12 0.4 3.74545 3 4.15524 0.625 0 -3.09482 0.373966 -2.46165 1.57 0
2 0 8 0.12 0.4 3.74545 4 4.02049 0.625 0 -2.8009 0.255277 -1.43037 1.57 0
2 0 8 0.12 0.4 3.74545 5 3.89248 0.5 0 -2.97893 -1.07803 -1.52012 1.57 0
2 0 8 0.12 0.4 3.74545 6 3.85626 0.5 0 -3.26598 1.21828 -1.43727 1.57 0
2 0 8 0.12 0.4 3.74545 7 3.83016 0.5 0 -3.1554 -1.37132 -1.14926 1.57 0
2 0 8 0.12 0.4 3.74545 8 3.81292 0.5 0 -3.29261 -0.93846 -1.72489 1.57 0
2 0 8 0.12 0.4 3.74545 9 3.79638 0.5 0 -2.73114 -1.67418 -1.81548 1.57 0
2 0 9 0.12 0.4 4.06364 0 4.32212 0.625 0 -3.11244 -0.750098 -2.12208 1.57 0
2 0 9 0.12 0.4 4.06364 1 4.31906 0.625 0 -3.09284 -0.656402 -1.85173 1.57 0
2 0 9 0.12 0.4 4.06364 2 3.85551 0.5 0 -3.10779 -1.26172 -1.36287 1.57 0
2 0 9 0.12 0.4 4.06364 3 3.77205 0.5 0 -3.1718 -1.46606 -1.46566 1.57 0
2 0 9 0.12 0.4 4.06364 4 3.25345 0.375 0 -3.17169 -1.28062 -2.39115 1.57 0
2 0 9 0.12 0.4 4.06364 5 3.14507 0.375 0 -3.5975 -1.01098 -1.7898 1.57 0
2 0 9 0.12 0.4 4.06364 6 2.89422 0.375 0 -3.68281 -1.2906 -2.10039 1.57 0
2 0 9 0.12 0.4 4.06364 7 2.86385 0.25 0 -3.61404 1.1848 -2.22698 1.57 0
2 0 9 0.12 0.4 4.06364 8 2.84218 0.375 0 -3.16487 0.127506 -1.97643 1.57 0
2 0 9 0.12 0.4 4.06364 9 2.83395 0.25 0 -3.62927 0.868443 -2.48167 1.57 0
2 0 10 0.12 0.4 4.38182 0 2.78203 0.375 0 -3.33951 -0.144473 -1.38406 1.57 0
2 0 10 0.12 0.4 4.38182 1 2.71085 0.375 0 -3.35945 0.100583 -1.41629 1.57 0
2 0 10 0.12 0.4 4.38182 2 2.70859 0.25 0 -3.55723 0.455937 -1.21764 1.57 0
2 0 10 0.12 0.4 4.38182 3 2.68308 0.25 0 -3.33224 -0.678042 -1.95856 1.57 0
2 0 10 0.12 0.4 4.38182 4 2.62835 0.25 0 -3.58273 -0.717704 -2.35779 1.57 0
2 0 10 0.12 0.4 4.38182 5 2.58786 0.25 0 -3.71268 -1.06319 -1.32463 1.57 0
2 0 10 0.12 0.4 4.38182 6 2.48567 0.25 0 -3.50464 -1.38938 -2.43546 1.57 0
2 0 10 0.12 0.4 4.38182 7 2.22924 0.25 0 -3.58553 -1.78908 -1.29491 1.57 0
2 0 10 0.12 0.4 4.38182 8 2.14081 0.125 0 -3.60291 -1.04716 -1.70265 1.57 0
2 0 10 0.12 0.4 4.38182 9 2.00182 0.125 0 -3.76519 -0.574408 -2.27366 1.57 0
2 0 11 0.12 0.4 4.7 0 2.43463 0.25 0 -3.54043 -1.41056 -2.45244 1.57 0
2 0 11 0.12 0.4 4.7 1 2.17219 0.125 0 -2.8754 -1.77177 -1.4236 1.57 0
2 0 11 0.12 0.4 4.7 2 2.08569 0.125 0 -3.69398 -0.747006 -2.05679 1.57 0
2 0 11 0.12 0.4 4.7 3 2.05253 0.125 0 -3.40963 -1.38397 -2.20127 1.57 0
2 0 11 0.12 0.4 4.7 4 2.04047 0.125 0 -3.61259 -1.29436 -1.60507 1.57 0
2 0 11 0.12 0.4 4.7 5 2.01881 0.125 0 -3.57577 -0.359387 -1.34859 1.57 0
2 0 11 0.12 0.4 4.7 6 1.95062 0.125 0 -3.78639 -0.490483 -2.46114 1.57 0
2 0 11 0.12 0.4 4.7 7 1.5873 0 0 -2.82072 -2.07024 -1.01281 1.57 0
2 0 11 0.12 0.4 4.7 8 1.58436 0 0 -2.40572 -2.19136 -1.20335 1.57 0
2 0 11 0.12 0.4 4.7 9 1.55965 0 0 -3.35671 -1.52821 -1.43959 1.57 0
2 1 0 0.12 0.45 1.2 0 5.89067 1 0 0.659057 -1.39772 -1.50889 1.57 0
2 1 0 0.12 0.45 1.2 1 5.84487 1 0 0.737281 -1.41194 -2.17469 1.57 0
2 1 0 0.12 0.45 1.2 2 5.84033 1 0 0.533889 -0.624114 -1.05277 1.57 0
2 1 0 0.12 0.45 1.2 3 5.81071 1 0 0.784114 -1.5069 -2.013 1.57 0
2 1 0 0.12 0.45 1.2 4 5.74008 1 0 0.205723 -1.72079 -1.86812 1.57 0
2 1 0 0.12 0.45 1.2 5 5.69042 1 0 0.442799 -1.93447 -1.68168 1.57 0
2 1 0 0.12 0.45 1.2 6 5.64147 1 0 0.226635 -1.95137 -1.48611 1.57 0
2 1 0 0.12 0.45 1.2 7 5.62135 1 0 0.0474044 -1.8655 -1.53797 1.57 0
2 1 0 0.12 0.45 1.2 8 5.43417 0.875 0 -0.245157 1.18083 -2.33689 1.57 0
2 1 0 0.12 0.45 1.2 9 5.42489 0.875 0 -0.425546 1.38081 -1.52117 1.57 0
2 1 1 0.12 0.45 1.51818 0 5.92758 1 0 0.319695 -1.03654 -1.64695 1.57 0
2 1 1 0.12 0.45 1.51818 1 5.89996 1 0 0.429599 -1.17123 -2.12167 1.57 0
2 1 1 0.12 0.45 1.51818 2 5.89806 1 0 0.189164 -0.86395 -2.02494 1.57 0
2 1 1 0.12 0.45 1.51818 3 5.89052 1 0 0.157976 -1.15652 -2.04855 1.57 0
2 1 1 0.12 0.45 1.51818 4 5.8846 1 0 0.52267 -1.23348 -2.25326 1.57 0
2 1 1 0.12 0.45 1.51818 5 5.88103 1 0 -0.815396 1.65236 -1.24315 1.57 0
2 1 1 0.12 0.45 1.51818 6 5.86652 1 0 -0.391963 0.653471 -2.42087 1.57 0
2 1 1 0.12 0.45 1.51818 7 5.84902 1 0 0.689077 -1.64646 -1.27143 1.57 0
2 1 1 0.12 0.45 1.51818 8 5.80455 1 0 0.0607732 -1.44859 -2.03414 1.57 0
2 1 1 0.12 0.45 1.51818 9 5.79429 1 0 0.358236 -1.65737 -1.98128 1.57 0
2 1 2 0.12 0.45 1.83636 0 5.42326 0.875 0 -0.927452 1.19098 -2.3169 1.57 0
2 1 2 0.12 0.45 1.83636 1 5.39596 0.875 0 -1.099 1.34968 -2.48299 1.57 0
2 1 2 0.12 0.45 1.83636 2 5.33078 0.875 0 -1.32871 1.77016 -2.0766 1.57 0
2 1 2 0.12 0.45 1.83636 3 5.28905 0.875 0 -0.14407 -1.18459 -2.30858 1.57 0
2 1 2 0.12 0.45 1.83636 4 5.27453 0.875 0 -1.50449 -1.57391 -2.16078 1.57 0
2 1 2 0.12 0.45 1.83636 5 5.24285 0.875 0 -1.43275 -1.43967 -2.31003 1.57 0
2 1 2 0.12 0.45 1.83636 6 5.19951 0.875 0 -1.38505 -1.3156 -2.43048 1.57 0
2 1 2 0.12 0.45 1.83636 7 5.19702 0.875 0 -1.35058 -1.85015 -1.94242 1.57 0
2 1 2 0.12 0.45 1.83636 8 5.18906 0.875 0 -0.260897 -0.384046 -1.65701 1.57 0
2 1 2 0.12 0.45 1.83636 9 5.16503 0.875 0 0.216801 -1.93409 -1.35971 1.57 0
2 1 3 0.12 0.45 2.15455 0 5.32422 0.875 0 -1.64107 -1.35122 -2.02213 1.57 0
2 1 3 0.12 0.45 2.15455 1 5.32387 0.875 0 -1.32256 0.92704 -1.19689 1.57 0
2 1 3 0.12 0.45 2.15455 2 5.30068 0.875 0 -1.6485 -1.72225 -1.89558 1.57 0
2 1 3 0.12 0.45 2.15455 3 5.29861 0.875 0 -1.55819 1.19072 -1.0945 1.57 0
2 1 3 0.12 0.45 2.15455 4 5.26943 0.875 0 -1.72372 -0.959081 -2.38474 1.57 0
2 1 3 0.12 0.45 2.15455 5 5.26558 0.875 0 -1.59315 1.67799 -2.37677 1.57 0
2 1 3 0.12 0.45 2.15455 6 5.23705 0.875 0 -1.36941 -1.54265 -1.9126 1.57 0
2 1 3 0.12 0.45 2.15455 7 5.21707 0.875 0 -1.40045 -1.62212 -2.4276 1.57 0
2 1 3 0.12 0.45 2.15455 8 5.20046 0.875 0 -1.10952 0.62636 -2.40235 1.57 0
2 1 3 0.12 0.45 2.15455 9 5.19077 0.875 0 -1.4164 -1.86619 -2.22983 1.57 0
2 1 4 0.12 0.45 2.47273 0 5.89554 1 0 -2.07887 -1.15514 -2.00849 1.57 0
2 1 4 0.12 0.45 2.47273 1 5.89216 1 0 -2.11297 -1.08391 -2.06837 1.57 0
2 1 4 0.12 0.45 2.47273 2 5.87472 1 0 -2.09747 -1.25686 -2.46232 1.57 0
2 1 4 0.12 0.45 2.47273 3 5.87205 1 0 -2.08906 -0.983982 -2.19361 1.57 0
2 1 4 0.12 0.45 2.47273 4 5.87162 1 0 -2.10959 -1.33573 -2.45818 1.57 0
2 1 4 0.12 0.45 2.47273 5 5.87124 1 0 -1.88343 -1.17804 -1.96018 1.57 0
2 1 4 0.12 0.45 2.47273 6 5.84775 1 0 -1.86604 -1.58651 -2.04781 1.57 0
2 1 4 0.12 0.45 2.47273 7 5.80642 1 0 -2.06391 -1.84254 -1.75611 1.57 0
2 1 4 0.12 0.45 2.47273 8 5.80355 1 0 -1.56171 -1.38439 -1.95161 1.57 0
2 1 4 0.12 0.45 2.47273 9 5.80263 1 0 -1.76639 -1.85054 -1.4792 1.57 0
2 1 5 0.12 0.45 2.79091 0 5.92264 1 0 -2.41128 -1.18423 -1.7021 1.57 0
2 1 5 0.12 0.45 2.79091 1 5.88763 1 0 -1.94946 -1.39958 -1.82257 1.57 0
2 1 5 0.12 0.45 2.79091 2 5.88168 1 0 -2.03198 -1.44138 -2.04279 1.57 0
2 1 5 0.12 0.45 2.79091 3 5.87744 1 0 -1.84875 -1.45265 -1.65062 1.57 0
2 1 5 0.12 0.45 2.79091 4 5.87494 1 0 -1.87641 -1.5819 -1.36499 1.57 0
2 1 5 0.12 0.45 2.79091 5 5.85441 1 0 -2.52146 -1.53366 -2.08756 1.57 0
2 1 5 0.12 0.45 2.79091 6 5.83806 1 0 -2.18499 -1.63694 -2.22938 1.57 0
2 1 5 0.12 0.45 2.79091 7 5.83501 1 0 -1.90525 -0.961498 -2.15306 1.57 0
2 1 5 0.12 0.45 2.79091 8 5.83165 1 0 -1.75146 -1.33545 -2.3881 1.57 0
2 1 5 0.12 0.45 2.79091 9 5.80979 1 0 -2.16065 -1.8973 -1.28902 1.57 0
2 1 6 0.12 0.45 3.10909 0 5.41013 0.875 0 -2.10058 -1.37169 -1.55812 1.57 0
2 1 6 0.12 0.45 3.10909 1 5.36072 0.875 0 -2.52547 -0.756035 -2.20887 1.57 0
2 1 6 0.12 0.45 3.10909 2 5.3487 0.875 0 -1.90946 -1.65151 -1.87038 1.57 0
2 1 6 0.12 0.45 3.10909 3 5.32746 0.875 0 -2.47793 -1.69012 -1.87706 1.57 0
2 1 6 0.12 0.45 3.10909 4 5.32373 0.875 0 -1.80987 -1.44288 -2.32357 1.57 0
2 1 6 0.12 0.45 3.10909 5 5.2994 0.875 0 -2.39854 -1.81165 -1.75357 1.57 0
2 1 6 0.12 0.45 3.10909 6 4.92731 0.875 0 -2.30291 0.860979 -1.32293 1.57 0
2 1 6 0.12 0.45 3.10909 7 4.92279 0.75 0 -2.39809 -1.16467 -1.70632 1.57 0
2 1 6 0.12 0.45 3.10909 8 4.89831 0.875 0 -2.2344 0.274828 -2.44249 1.57 0
2 1 6 0.12 0.45 3.10909 9 4.87079 0.75 0 -1.97657 -1.17468 -2.31274 1.57 0
2 1 7 0.12 0.45 3.42727 0 5.37936 0.875 0 -2.90815 -1.17035 -1.87877 1.57 0
2 1 7 0.12 0.45 3.42727 1 4.90227 0.75 0 -2.8871 -1.18356 -1.44886 1.57 0
2 1 7 0.12 0.45 3.42727 2 4.88807 0.75 0 -2.32568 -1.18696 -2.43164 1.57 0
2 1 7 0.12 0.45 3.42727 3 4.87958 0.75 0 -2.81332 -1.50508 -1.02031 1.57 0
2 1 7 0.12 0.45 3.42727 4 4.74193 0.75 0 -3.41872 1.7039 -1.55578 1.57 0
2 1 7 0.12 0.45 3.42727 5 4.65175 0.75 0 -2.27018 -2.19432 -1.02942 1.57 0
2 1 7 0.12 0.45 3.42727 6 4.62123 0.75 0 -2.97785 -1.74424 -2.44689 1.57 0
2 1 7 0.12 0.45 3.42727 7 4.40402 0.625 0 -2.55257 -1.29777 -1.88888 1.57 0
2 1 7 0.12 0.45 3.42727 8 4.38323 0.625 0 -2.59777 -0.876114 -2.21849 1.57 0
2 1 7 0.12 0.45 3.42727 9 4.37445 0.625 0 -2.27767 -1.46277 -2.21553 1.57 0
2 1 8 0.12 0.45 3.74545 0 5.27837 0.875 0 -2.76029 -1.68357 -1.9026 1.57 0
2 1 8 0.12 0.45 3.74545 1 4.88888 0.75 0 -2.71735 -0.988524 -2.19518 1.57 0
2 1 8 0.12 0.45 3.74545 2 4.86941 0.75 0 -3.25515 1.0734 -1.43114 1.57 0
2 1 8 0.12 0.45 3.74545 3 4.76486 0.75 0 -2.63908 -1.47381 -2.41921 1.57 0
2 1 8 0.12 0.45 3.74545 4 4.63919 0.75 0 -3.55013 -0.737127 -2.45741 1.57 0
2 1 8 0.12 0.45 3.74545 5 4.42887 0.75 0 -2.86974 -0.183209 -2.3999 1.57 0
2 1 8 0.12 0.45 3.74545 6 4.33246 0.625 0 -2.99968 -1.51853 -1.15772 1.57 0
2 1 8 0.12 0.45 3.74545 7 4.2271 0.625 0 -3.22107 -1.44643 -1.79346 1.57 0
2 1 8 0.12 0.45 3.74545 8 4.20561 0.625 0 -3.29867 -1.34875 -1.99107 1.57 0
2 1 8 0.12 0.45 3.74545 9 4.19386 0.625 0 -2.63386 -0.543788 -2.35828 1.57 0
2 1 9 0.12 0.45 4.06364 0 3.65044 0.5 0 -3.07884 -1.76442 -1.60669 1.57 0
2 1 9 0.12 0.45 4.06364 1 3.51087 0.5 0 -3.15275 -1.86641 -1.77705 1.57 0
2 1 9 0.12 0.45 4.06364 2 3.36714 0.375 0 -3.58853 1.23167 -1.88013 1.57 0
2 1 9 0.12 0.45 4.06364 3 3.33265 0.375 0 -3.1768 -0.872263 -1.94018 1.57 0
2 1 9 0.12 0.45 4.06364 4 3.32398 0.375 0 -3.00575 -0.73442 -2.32127 1.57 0
2 1 9 0.12 0.45 4.06364 5 3.15238 0.375 0 -3.4352 -1.28571 -1.9309 1.57 0
2 1 9 0.12 0.45 4.06364 6 3.14514 0.375 0 -3.24722 -1.68642 -1.25514 1.57 0
2 1 9 0.12 0.45 4.06364 7 3.1253 0.375 0 -3.2839 -1.67934 -1.25677 1.57 0
2 1 9 0.12 0.45 4.06364 8 3.07369 0.375 0 -3.50371 -1.28642 -2.16011 1.57 0
2 1 9 0.12 0.45 4.06364 9 2.99694 0.375 0 -3.15162 0.217366 -1.06688 1.57 0
2 1 10 0.12 0.45 4.38182 0 3.73965 0.5 0 -3.33205 -1.41418 -1.17746 1.57 0
2 1 10 0.12 0.45 4.38182 1 3.61026 0.5 0 -3.10253 -1.74691 -1.52258 1.57 0
2 1 10 0.12 0.45 4.38182 2 3.37752 0.5 0 -3.30988 -1.99815 -1.09249 1.57 0
2 1 10 0.12 0.45 4.38182 3 3.32099 0.375 0 -3.78629 0.99604 -2.4854 1.57 0
2 1 10 0.12 0.45 4.38182 4 3.28982 0.375 0 -3.22605 -1.09055 -2.19236 1.57 0
2 1 10 0.12 0.45 4.38182 5 3.28067 0.375 0 -3.29363 -0.710378 -1.96139 1.57 0
2 1 10 0.12 0.45 4.38182 6 3.27943 0.375 0 -3.72282 0.944812 -1.92579 1.57 0
2 1 10 0.12 0.45 4.38182 7 3.25907 0.375 0 -3.11494 -1.37275 -1.80613 1.57 0
2 1 10 0.12 0.45 4.38182 8 3.25315 0.375 0 -3.35568 -1.38228 -1.0017 1.57 0
2 1 10 0.12 0.45 4.38182 9 3.14667 0.375 0 -3.50718 0.384737 -2.0502 1.57 0
2 1 11 0.12 0.45 4.7 0 2.78162 0.25 0 -3.06694 -1.54575 -1.46429 1.57 0
2 1 11 0.12 0.45 4.7 1 2.68469 0.25 0 -3.46699 -0.901292 -2.41901 1.57 0
2 1 11 0.12 0.45 4.7 2 2.45821 0.25 0 -3.32008 -1.78907 -1.66853 1.57 0
2 1 11 0.12 0.45 4.7 3 2.28297 0.125 0 -2.73515 -1.79427 -1.30191 1.57 0
2 1 11 0.12 0.45 4.7 4 2.2828 0.125 0 -2.8794 -1.70405 -1.36007 1.57 0
2 1 11 0.12 0.45 4.7 5 2.19636 0.125 0 -3.44891 -1.1789 -1.80171 1.57 0
2 1 11 0.12 0.45 4.7 6 2.12777 0.125 0 -3.3266 -1.43456 -2.19872 1.57 0
2 1 11 0.12 0.45 4.7 7 2.10976 0.25 0 -3.50428 -2.01107 -1.33958 1.57 0
2 1 11 0.12 0.45 4.7 8 2.10857 0.125 0 -3.09884 -1.78139 -1.77407 1.57 0
2 1 11 0.12 0.45 4.7 9 2.0783 0.125 0 -3.59622 -0.521562 -2.40255 1.57 0
2 2 0 0.12 0.5 1.2 0 5.81537 1 0 0.190757 -1.45397 -2.2683 1.57 0
2 2 0 0.12 0.5 1.2 1 5.7241 1 0 0.22352 -1.79556 -1.66286 1.57 0
2 2 0 0.12 0.5 1.2 2 5.71764 1 0 0.425022 -1.94165 -1.32178 1.57 0
2 2 0 0.12 0.5 1.2 3 5.43284 0.875 0 -0.614131 1.36311 -1.2286 1.57 0
2 2 0 0.12 0.5 1.2 4 5.41664 0.875 0 -0.792128 1.47093 -1.09396 1.57 0
2 2 0 0.12 0.5 1.2 5 5.31511 0.875 0 0.808273 -1.14829 -2.21211 1.57 0
2 2 0 0.12 0.5 1.2 6 5.27816 0.875 0 0.225525 -1.72232 -1.51944 1.57 0
2 2 0 0.12 0.5 1.2 7 5.20506 0.875 0 0.333029 -1.82838 -1.94919 1.57 0
2 2 0 0.12 0.5 1.2 8 5.16707 1 0 -0.316978 -1.93921 -2.26754 1.57 0
2 2 0 0.12 0.5 1.2 9 5.10301 0.875 0 0.488561 -1.96035 -2.4235 1.57 0
2 2 1 0.12 0.5 1.51818 0 5.94641 1 0 -0.642038 0.999765 -1.26655 1.57 0
2 2 1 0.12 0.5 1.51818 1 5.94522 1 0 -0.725389 1.21849 -1.15711 1.57 0
2 2 1 0.12 0.5 1.51818 2 5.93917 1 0 0.42927 -1.04254 -1.10325 1.57 0
2 2 1 0.12 0.5 1.51818 3 5.9217 1 0 -0.830153 1.50165 -1.6142 1.57 0
2 2 1 0.12 0.5 1.51818 4 5.92031 1 0 0.287962 -1.09415 -1.77932 1.57 0
2 2 1 0.12 0.5 1.51818 5 5.91693 1 0 0.39652 -1.07278 -1.87941 1.57 0
2 2 1 0.12 0.5 1.51818 6 5.89879 1 0 0.1753 -0.948984 -2.08797 1.57 0
2 2 1 0.12 0.5 1.51818 7 5.89385 1 0 -0.505711 1.10195 -2.27271 1.57 0
2 2 1 0.12 0.5 1.51818 8 5.88222 1 0 0.217342 -1.03867 -2.40028 1.57 0
2 2 1 0.12 0.5 1.51818 9 5.87129 1 0 0.312818 -1.48514 -1.65639 1.57 0
2 2 2 0.12 0.5 1.83636 0 5.90282 1 0 -1.09104 1.54429 -1.55714 1.57 0
2 2 2 0.12 0.5 1.83636 1 5.82181 1 0 -1.13695 1.70434 -1.23682 1.57 0
2 2 2 0.12 0.5 1.83636 2 5.82065 1 0 0.578769 -1.78554 -1.09703 1.57 0
2 2 2 0.12 0.5 1.83636 3 5.82019 1 0 -0.663578 0.551716 -1.49777 1.57 0
2 2 2 0.12 0.5 1.83636 4 5.81555 1 0 -0.687914 0.548206 -1.41529 1.57 0
2 2 2 0.12 0.5 1.83636 5 5.78849 1 0 -0.177812 -0.552798 -1.87909 1.57 0
2 2 2 0.12 0.5 1.83636 6 5.7492 1 0 -0.170383 -0.462095 -1.81973 1.57 0
2 2 2 0.12 0.5 1.83636 7 5.71852 1 0 -0.243336 -0.508413 -2.42669 1.57 0
2 2 2 0.12 0.5 1.83636 8 5.7082 1 0 0.358692 -1.95346 -1.20168 1.57 0
2 2 2 0.12 0.5 1.83636 9 5.69425 1 0 -0.397438 -1.02663 -2.40605 1.57 0
2 2 3 0.12 0.5 2.15455 0 5.2972 0.875 0 -1.5741 -1.37434 -2.1966 1.57 0
2 2 3 0.12 0.5 2.15455 1 5.28799 0.875 0 -1.65835 1.46856 -1.3207 1.57 0
2 2 3 0.12 0.5 2.15455 2 5.27932 0.875 0 -1.49666 1.77493 -2.45116 1.57 0
2 2 3 0.12 0.5 2.15455 3 5.25479 0.875 0 -1.04791 0.610458 -1.80986 1.57 0
2 2 3 0.12 0.5 2.15455 4 5.23927 0.875 0 -1.36467 -1.65767 -1.50039 1.57 0
2 2 3 0.12 0.5 2.15455 5 5.23666 0.875 0 -1.64835 1.77385 -2.36481 1.57 0
2 2 3 0.12 0.5 2.15455 6 5.23359 0.875 0 -1.46076 -1.6831 -2.3708 1.57 0
2 2 3 0.12 0.5 2.15455 7 5.20053 0.875 0 -1.39161 -1.91974 -1.74272 1.57 0
2 2 3 0.12 0.5 2.15455 8 5.18681 0.875 0 -1.88159 1.67654 -1.34332 1.57 0
2 2 3 0.12 0.5 2.15455 9 5.17082 0.875 0 -1.57156 -1.9681 -2.36551 1.57 0
2 2 4 0.12 0.5 2.47273 0 5.83749 1 0 -2.00938 -1.71304 -1.91375 1.57 0
2 2 4 0.12 0.5 2.47273 1 5.8305 1 0 -1.76495 -1.29905 -2.44753 1.57 0
2 2 4 0.12 0.5 2.47273 2 5.82764 1 0 -1.78878 -1.1904 -2.49072 1.57 0
2 2 4 0.12 0.5 2.47273 3 5.81072 1 0 -1.5819 -1.66634 -1.20861 1.57 0
2 2 4 0.12 0.5 2.47273 4 5.80327 1 0 -1.55164 -1.5339 -1.88416 1.57 0
2 2 4 0.12 0.5 2.47273 5 5.78481 1 0 -1.57764 -1.28917 -2.34209 1.57 0
2 2 4 0.12 0.5 2.47273 6 5.76385 1 0 -1.61846 -1.92998 -1.20651 1.57 0
2 2 4 0.12 0.5 2.47273 7 5.76125 1 0 -1.55202 -1.82719 -1.81609 1.57 0
2 2 4 0.12 0.5 2.47273 8 5.73798 1 0 -1.3638 -1.57599 -1.78727 1.57 0
2 2 4 0.12 0.5 2.47273 9 5.69355 1 0 -1.64268 -0.858848 -2.41933 1.57 0
2 2 5 0.12 0.5 2.79091 0 5.91531 1 0 -2.19822 -1.28473 -1.71526 1.57 0
2 2 5 0.12 0.5 2.79091 1 5.88926 1 0 -2.33381 -0.995255 -2.31097 1.57 0
2 2 5 0.12 0.5 2.79091 2 5.88609 1 0 -2.56309 -1.26001 -2.27149 1.57 0
2 2 5 0.12 0.5 2.79091 3 5.88591 1 0 -2.69318 -1.01875 -2.29471 1.57 0
2 2 5 0.12 0.5 2.79091 4 5.86986 1 0 -2.36096 -0.833489 -2.24248 1.57 0
2 2 5 0.12 0.5 2.79091 5 5.84418 1 0 -1.83276 -1.21866 -2.40687 1.57 0
2 2 5 0.12 0.5 2.79091 6 5.84197 1 0 -1.73648 -1.34739 -2.1454 1.57 0
2 2 5 0.12 0.5 2.79091 7 5.83969 1 0 -1.77236 -1.55313 -2.07071 1.57 0
2 2 5 0.12 0.5 2.79091 8 5.83922 1 0 -2.18921 -0.821487 -2.46116 1.57 0
2 2 5 0.12 0.5 2.79091 9 5.81598 1 0 -1.95416 -1.77308 -1.94466 1.57 0
2 2 6 0.12 0.5 3.10909 0 5.8832 1 0 -2.46634 -1.18008 -2.48898 1.57 0
2 2 6 0.12 0.5 3.10909 1 5.38611 0.875 0 -2.52594 -0.921383 -2.29419 1.57 0
2 2 6 0.12 0.5 3.10909 2 5.36399 0.875 0 -2.65638 -0.836304 -2.44199 1.57 0
2 2 6 0.12 0.5 3.10909 3 5.34334 0.875 0 -2.3671 -1.53507 -2.41613 1.57 0
2 2 6 0.12 0.5 3.10909 4 5.33206 0.875 0 -2.19294 -0.763 -2.25704 1.57 0
2 2 6 0.12 0.5 3.10909 5 5.09754 0.875 0 -2.56052 1.00652 -1.14695 1.57 0
2 2 6 0.12 0.5 3.10909 6 5.03662 0.875 0 -2.45347 0.989409 -1.4109 1.57 0
2 2 6 0.12 0.5 3.10909 7 4.98046 0.875 0 -2.73315 1.60042 -1.85611 1.57 0
2 2 6 0.12 0.5 3.10909 8 4.92027 0.75 0 -2.52352 -1.12224 -1.75443 1.57 0
2 2 6 0.12 0.5 3.10909 9 4.90553 0.75 0 -2.42885 -1.03233 -2.06776 1.57 0
2 2 7 0.12 0.5 3.42727 0 5.82625 1 0 -2.43267 -1.66832 -2.05855 1.57 0
2 2 7 0.12 0.5 3.42727 1 5.40209 0.875 0 -2.65193 -1.41414 -1.41142 1.57 0
2 2 7 0.12 0.5 3.42727 2 5.40208 0.875 0 -2.90419 -1.13468 -1.48035 1.57 0
2 2 7 0.12 0.5 3.42727 3 5.36488 0.875 0 -2.27262 -0.800608 -1.94676 1.57 0
2 2 7 0.12 0.5 3.42727 4 5.36332 0.875 0 -3.07542 -0.842746 -1.71115 1.57 0
2 2 7 0.12 0.5 3.42727 5 5.34454 0.875 0 -3.12726 -0.935574 -1.96631 1.57 0
2 2 7 0.12 0.5 3.42727 6 5.33838 0.875 0 -3.11389 -0.793096 -1.95094 1.57 0
2 2 7 0.12 0.5 3.42727 7 5.32665 0.875 0 -2.976 -0.756454 -2.4059 1.57 0
2 2 7 0.12 0.5 3.42727 8 5.27782 0.875 0 -2.74404 0.994041 -2.2236 1.57 0
2 2 7 0.12 0.5 3.42727 9 5.20515 0.875 0 -2.66969 -1.87314 -1.90815 1.57 0
2 2 8 0.12 0.5 3.74545 0 4.12895 0.625 0 -3.20495 -1.58263 -2.16314 1.57 0
2 2 8 0.12 0.5 3.74545 1 3.79516 0.5 0 -3.09495 -1.26268 -2.2719 1.57 0
2 2 8 0.12 0.5 3.74545 2 3.79461 0.5 0 -2.57725 -0.655489 -1.97284 1.57 0
2 2 8 0.12 0.5 3.74545 3 3.78398 0.5 0 -2.97978 -1.57444 -1.64482 1.57 0
2 2 8 0.12 0.5 3.74545 4 3.77269 0.5 0 -3.70816 1.69246 -1.69854 1.57 0
2 2 8 0.12 0.5 3.74545 5 3.69524 0.5 0 -3.36478 -0.556795 -2.27678 1.57 0
2 2 8 0.12 0.5 3.74545 6 3.6219 0.5 0 -2.75546 0.366991 -2.1721 1.57 0
2 2 8 0.12 0.5 3.74545 7 3.37639 0.375 0 -2.72556 -1.00307 -2.40821 1.57 0
2 2 8 0.12 0.5 3.74545 8 3.36406 0.375 0 -3.25824 0.973022 -1.13582 1.57 0
2 2 8 0.12 0.5 3.74545 9 3.35607 0.375 0 -3.12521 -1.21509 -1.41182 1.57 0
2 2 9 0.12 0.5 4.06364 0 3.80673 0.5 0 -3.28972 0.597387 -1.39476 1.57 0
2 2 9 0.12 0.5 4.06364 1 3.38387 0.375 0 -3.03734 -1.02588 -1.54866 1.57 0
2 2 9 0.12 0.5 4.06364 2 3.36392 0.375 0 -3.00842 -1.33718 -1.37515 1.57 0
2 2 9 0.12 0.5 4.06364 3 3.3546 0.375 0 -3.54916 0.857248 -2.09127 1.57 0
2 2 9 0.12 0.5 4.06364 4 3.32705 0.375 0 -2.80936 -1.55379 -1.75687 1.57 0
2 2 9 0.12 0.5 4.06364 5 3.32413 0.375 0 -2.96298 -0.712642 -2.32582 1.57 0
2 2 9 0.12 0.5 4.06364 6 3.32412 0.375 0 -3.17382 -1.33775 -1.29084 1.57 0
2 2 9 0.12 0.5 4.06364 7 3.29469 0.375 0 -2.76017 -1.37732 -2.48296 1.57 0
2 2 9 0.12 0.5 4.06364 8 3.18763 0.375 0 -3.55836 -0.777514 -1.86585 1.57 0
2 2 9 0.12 0.5 4.06364 9 2.90469 0.375 0 -3.27429 -0.178013 -2.14278 1.57 0
2 2 10 0.12 0.5 4.38182 0 3.28069 0.375 0 -3.33349 -0.804594 -1.94924 1.57 0
2 2 10 0.12 0.5 4.38182 1 2.75591 0.25 0 -2.61582 -1.88955 -1.38209 1.57 0
2 2 10 0.12 0.5 4.38182 2 2.7156 0.25 0 -3.13379 -1.59375 -1.65349 1.57 0
2 2 10 0.12 0.5 4.38182 3 2.65456 0.25 0 -3.30115 -0.402865 -1.90347 1.57 0
2 2 10 0.12 0.5 4.38182 4 2.60758 0.25 0 -3.68193 -0.723179 -1.91476 1.57 0
2 2 10 0.12 0.5 4.38182 5 2.51758 0.25 0 -2.78674 -2.16281 -1.31759 1.57 0
2 2 10 0.12 0.5 4.38182 6 2.50667 0.25 0 -3.25619 -0.228161 -1.27074 1.57 0
2 2 10 0.12 0.5 4.38182 7 2.45531 0.25 0 -2.95094 -2.12444 -1.46019 1.57 0
2 2 10 0.12 0.5 4.38182 8 2.38348 0.125 0 -2.96494 -1.22092 -1.51226 1.57 0
2 2 10 0.12 0.5 4.38182 9 2.35862 0.125 0 -3.17002 -0.828671 -1.38421 1.57 0
2 2 11 0.12 0.5 4.7 0 2.83937 0.25 0 -3.30117 -0.944817 -1.17718 1.57 0
2 2 11 0.12 0.5 4.7 1 2.79093 0.25 0 -3.3046 -1.22819 -1.42605 1.57 0
2 2 11 0.12 0.5 4.7 2 2.57474 0.25 0 -3.56556 -1.31694 -1.58867 1.57 0
2 2 11 0.12 0.5 4.7 3 2.30529 0.125 0 -2.64885 -1.73115 -1.61576 1.57 0
2 2 11 0.12 0.5 4.7 4 2.30357 0.125 0 -2.70313 -1.76283 -1.30431 1.57 0
2 2 11 0.12 0.5 4.7 5 2.23908 0.125 0 -3.10037 -1.42168 -2.34749 1.57 0
2 2 11 0.12 0.5 4.7 6 2.21481 0.125 0 -3.46674 -0.880138 -2.0916 1.57 0
2 2 11 0.12 0.5 4.7 7 2.1999 0.125 0 -3.41798 -1.01889 -2.36833 1.57 0
2 2 11 0.12 0.5 4.7 8 2.18793 0.125 0 -3.53191 -0.917578 -1.95955 1.57 0
2 2 11 0.12 0.5 4.7 9 2.18653 0.125 0 -3.3269 -1.22661 -2.49486 1.57 0
2 3 1 0.12 0.55 1.51818 0 5.94168 1 0 -0.754332 1.26302 -1.11115 1.57 0
2 3 1 0.12 0.55 1.51818 1 5.91302 1 0 -0.850646 1.55673 -1.95044 1.57 0
2 3 1 0.12 0.55 1.51818 2 5.86653 1 0 -0.938653 1.75044 -1.70593 1.57 0
2 3 1 0.12 0.55 1.51818 3 5.86462 1 0 0.111255 -0.700519 -2.07487 1.57 0
2 3 1 0.12 0.55 1.51818 4 5.86431 1 0 0.743725 -1.24759 -1.33276 1.57 0
2 3 1 0.12 0.55 1.51818 5 5.84588 1 0 0.503608 -1.67066 -1.37667 1.57 0
2 3 1 0.12 0.55 1.51818 6 5.80649 1 0 0.571967 -1.79583 -1.29131 1.57 0
2 3 1 0.12 0.55 1.51818 7 5.79909 1 0 0.0699296 -0.516185 -2.01134 1.57 0
2 3 1 0.12 0.55 1.51818 8 5.79728 1 0 0.302661 -1.58242 -2.19294 1.57 0
2 3 1 0.12 0.55 1.51818 9 5.79616 1 0 0.786397 -1.47344 -2.31731 1.57 0
2 3 2 0.12 0.55 1.83636 0 5.931 1 0 0.132146 -1.16564 -1.18323 1.57 0
2 3 2 0.12 0.55 1.83636 1 5.92579 1 0 -0.966452 1.05105 -1.64444 1.57 0
2 3 2 0.12 0.55 1.83636 2 5.90543 1 0 -1.19558 1.39828 -1.47269 1.57 0
2 3 2 0.12 0.55 1.83636 3 5.893 1 0 0.291547 -1.4893 -1.2041 1.57 0
2 3 2 0.12 0.55 1.83636 4 5.8882 1 0 -0.781241 0.757031 -1.76747 1.57 0
2 3 2 0.12 0.55 1.83636 5 5.87786 1 0 0.112483 -1.16115 -2.13648 1.57 0
2 3 2 0.12 0.55 1.83636 6 5.86559 1 0 -0.830143 0.693838 -1.18938 1.57 0
2 3 2 0.12 0.55 1.83636 7 5.85491 1 0 0.0444169 -1.04717 -2.46312 1.57 0
2 3 2 0.12 0.55 1.83636 8 5.84146 1 0 -0.712426 0.911056 -2.41127 1.57 0
2 3 2 0.12 0.55 1.83636 9 5.82668 1 0 -1.49271 1.65812 -1.51843 1.57 0
2 3 3 0.12 0.55 2.15455 0 5.34817 0.875 0 -0.121357 -1.32946 -1.22729 1.57 0
2 3 3 0.12 0.55 2.15455 1 5.34573 0.875 0 -1.40117 1.1374 -1.36906 1.57 0
2 3 3 0.12 0.55 2.15455 2 5.32968 0.875 0 -1.50573 1.46169 -1.86103 1.57 0
2 3 3 0.12 0.55 2.15455 3 5.32016 0.875 0 -0.266795 -1.04838 -1.70719 1.57 0
2 3 3 0.12 0.55 2.15455 4 5.30926 0.875 0 -1.40915 1.75931 -2.332 1.57 0
2 3 3 0.12 0.55 2.15455 5 5.30051 0.875 0 -1.68291 -1.61787 -2.30963 1.57 0
2 3 3 0.12 0.55 2.15455 6 5.28809 0.875 0 -1.64739 1.59078 -1.58058 1.57 0
2 3 3 0.12 0.55 2.15455 7 5.28651 0.875 0 -1.60813 1.72782 -1.50746 1.57 0
2 3 3 0.12 0.55 2.15455 8 5.27346 0.875 0 -0.326869 -1.07356 -1.87428 1.57 0
2 3 3 0.12 0.55 2.15455 9 5.26535 0.875 0 -0.394127 -1.04673 -1.66055 1.57 0
2 3 4 0.12 0.55 2.47273 0 5.88232 1 0 -2.2162 -1.16276 -2.47906 1.57 0
2 3 4 0.12 0.55 2.47273 1 5.86536 1 0 -1.77741 -1.33645 -1.72305 1.57 0
2 3 4 0.12 0.55 2.47273 2 5.86364 1 0 -1.82372 -1.33671 -2.04874 1.57 0
2 3 4 0.12 0.55 2.47273 3 5.8296 1 0 -1.67409 -1.50269 -2.03045 1.57 0
2 3 4 0.12 0.55 2.47273 4 5.75221 1 0 -1.48857 -1.8682 -1.25485 1.57 0
2 3 4 0.12 0.55 2.47273 5 5.71635 1 0 -1.53631 -1.99077 -1.58631 1.57 0
2 3 4 0.12 0.55 2.47273 6 5.708 1 0 -1.67249 -1.9481 -2.22037 1.57 0
2 3 4 0.12 0.55 2.47273 7 5.70676 1 0 -2.10544 -1.93835 -2.40268 1.57 0
2 3 4 0.12 0.55 2.47273 8 5.69269 1 0 -1.449 -1.83698 -2.3961 1.57 0
2 3 4 0.12 0.55 2.47273 9 5.67031 1 0 -1.75767 1.38148 -2.21538 1.57 0
2 3 5 0.12 0.55 2.79091 0 5.90653 1 0 -2.37766 -0.978129 -1.91859 1.57 0
2 3 5 0.12 0.55 2.79091 1 5.88459 1 0 -2.01397 -1.55655 -1.60539 1.57 0
2 3 5 0.12 0.55 2.79091 2 5.87756 1 0 -2.33603 -0.960233 -2.46279 1.57 0
2 3 5 0.12 0.55 2.79091 3 5.87114 1 0 -1.79328 -1.44853 -1.53837 1.57 0
2 3 5 0.12 0.55 2.79091 4 5.85297 1 0 -1.87649 -1.64638 -1.74958 1.57 0
2 3 5 0.12 0.55 2.79091 5 5.83413 1 0 -1.94621 -1.77422 -1.60861 1.57 0
2 3 5 0.12 0.55 2.79091 6 5.82628 1 0 -1.96062 -1.79353 -1.66876 1.57 0
2 3 5 0.12 0.55 2.79091 7 5.81993 1 0 -1.61597 -1.34373 -1.91178 1.57 0
2 3 5 0.12 0.55 2.79091 8 5.80317 1 0 -1.9626 -1.82267 -1.89723 1.57 0
2 3 5 0.12 0.55 2.79091 9 5.7435 1 0 -1.45145 -1.60149 -2.34331 1.57 0
2 3 6 0.12 0.55 3.10909 0 5.68036 1 0 -3.03357 -1.61005 -2.37523 1.57 0
2 3 6 0.12 0.55 3.10909 1 5.46173 1 0 -2.7218 1.53884 -1.44942 1.57 0
2 3 6 0.12 0.55 3.10909 2 5.4036 0.875 0 -2.68284 -1.05792 -1.98068 1.57 0
2 3 6 0.12 0.55 3.10909 3 5.38211 0.875 0 -2.68216 -0.893211 -2.23362 1.57 0
2 3 6 0.12 0.55 3.10909 4 5.36086 0.875 0 -1.99922 -1.43944 -2.36588 1.57 0
2 3 6 0.12 0.55 3.10909 5 5.35156 0.875 0 -1.88241 -1.73915 -1.1725 1.57 0
2 3 6 0.12 0.55 3.10909 6 5.33261 0.875 0 -2.0229 -0.84906 -2.1385 1.57 0
2 3 6 0.12 0.55 3.10909 7 5.21789 0.875 0 -2.82545 -1.72566 -2.15017 1.57 0
2 3 6 0.12 0.55 3.10909 8 4.87396 0.75 0 -1.9226 -1.27021 -2.14742 1.57 0
2 3 6 0.12 0.55 3.10909 9 4.86925 0.75 0 -2.10542 -0.966759 -2.24695 1.57 0
2 3 7 0.12 0.55 3.42727 0 5.84507 1 0 -2.48357 -1.76649 -1.09848 1.57 0
2 3 7 0.12 0.55 3.42727 1 5.7709 1 0 -2.85831 1.29093 -2.49693 1.57 0
2 3 7 0.12 0.55 3.42727 2 5.37954 0.875 0 -2.25933 -1.03198 -2.47052 1.57 0
2 3 7 0.12 0.55 3.42727 3 5.36603 0.875 0 -2.49786 -1.6633 -1.32321 1.57 0
2 3 7 0.12 0.55 3.42727 4 5.33829 0.875 0 -2.98724 1.11784 -2.39716 1.57 0
2 3 7 0.12 0.55 3.42727 5 5.30179 0.875 0 -2.96339 1.19632 -1.66694 1.57 0
2 3 7 0.12 0.55 3.42727 6 5.26737 0.875 0 -2.31547 -0.58434 -2.40284 1.57 0
2 3 7 0.12 0.55 3.42727 7 5.2277 0.875 0 -2.20169 -1.99477 -1.78652 1.57 0
2 3 7 0.12 0.55 3.42727 8 5.14307 0.875 0 -2.51585 0.605503 -1.51786 1.57 0
2 3 7 0.12 0.55 3.42727 9 4.89049 0.75 0 -2.71823 -1.37478 -1.65799 1.57 0
2 3 8 0.12 0.55 3.74545 0 4.42383 0.625 0 -2.49788 -1.12397 -1.66522 1.57 0
2 3 8 0.12 0.55 3.74545 1 4.34186 0.625 0 -3.55758 1.42064 -1.57628 1.57 0
2 3 8 0.12 0.55 3.74545 2 4.20522 0.625 0 -3.35486 -0.621712 -2.46655 1.57 0
2 3 8 0.12 0.55 3.74545 3 3.87275 0.5 0 -3.07219 -0.946492 -1.65774 1.57 0
2 3 8 0.12 0.55 3.74545 4 3.86985 0.5 0 -3.38785 1.20157 -2.47513 1.57 0
2 3 8 0.12 0.55 3.74545 5 3.86157 0.5 0 -3.11575 -1.10655 -1.59647 1.57 0
2 3 8 0.12 0.55 3.74545 6 3.8484 0.5 0 -1.94628 -1.77122 -1.21817 1.57 0
2 3 8 0.12 0.55 3.74545 7 3.83999 0.5 0 -2.22813 -1.56287 -1.88772 1.57 0
2 3 8 0.12 0.55 3.74545 8 3.80682 0.5 0 -3.0146 -1.3678 -2.08859 1.57 0
2 3 8 0.12 0.55 3.74545 9 3.75507 0.5 0 -3.38242 -0.677582 -1.81661 1.57 0
2 3 9 0.12 0.55 4.06364 0 3.86715 0.5 0 -3.57635 1.11095 -1.21778 1.57 0
2 3 9 0.12 0.55 4.06364 1 3.81305 0.5 0 -3.16817 -1.23242 -1.82501 1.57 0
2 3 9 0.12 0.55 4.06364 2 3.74515 0.5 0 -2.74291 -0.615342 -1.51702 1.57 0
2 3 9 0.12 0.55 4.06364 3 3.73895 0.5 0 -3.13847 0.463735 -1.51325 1.57 0
2 3 9 0.12 0.55 4.06364 4 3.69245 0.5 0 -3.0016 -0.431747 -2.43438 1.57 0
2 3 9 0.12 0.55 4.06364 5 3.61321 0.5 0 -3.54196 -0.517952 -2.2709 1.57 0
2 3 9 0.12 0.55 4.06364 6 3.38382 0.375 0 -3.02409 -1.17357 -1.40145 1.57 0
2 3 9 0.12 0.55 4.06364 7 3.37008 0.375 0 -2.86461 -0.883173 -2.18686 1.57 0
2 3 9 0.12 0.55 4.06364 8 3.35078 0.375 0 -2.95925 -0.799619 -2.15708 1.57 0
2 3 9 0.12 0.55 4.06364 9 3.34672 0.375 0 -2.64725 -1.53317 -1.97296 1.57 0
2 3 10 0.12 0.55 4.38182 0 3.31821 0.375 0 -2.43439 -1.74646 -1.78907 1.57 0
2 3 10 0.12 0.55 4.38182 1 3.15822 0.375 0 -3.41727 -0.453397 -1.85303 1.57 0
2 3 10 0.12 0.55 4.38182 2 3.13348 0.375 0 -3.42333 0.346548 -1.65537 1.57 0
2 3 10 0.12 0.55 4.38182 3 3.07372 0.375 0 -3.43174 -1.56891 -1.34461 1.57 0
2 3 10 0.12 0.55 4.38182 4 2.98761 0.375 0 -3.39748 -1.5851 -2.11587 1.57 0
2 3 10 0.12 0.55 4.38182 5 2.91129 0.375 0 -3.42245 0.188923 -2.2728 1.57 0
2 3 10 0.12 0.55 4.38182 6 2.88934 0.25 0 -2.95931 -1.29376 -1.17704 1.57 0
2 3 10 0.12 0.55 4.38182 7 2.80753 0.25 0 -3.06276 -1.46304 -1.5292 1.57 0
2 3 10 0.12 0.55 4.38182 8 2.779 0.25 0 -2.17408 -1.99437 -1.01134 1.57 0
2 3 10 0.12 0.55 4.38182 9 2.71932 0.25 0 -3.49173 0.474267 -2.0699 1.57 0
2 3 11 0.12 0.55 4.7 0 3.36602 0.375 0 -3.11902 -1.19193 -1.31346 1.57 0
2 3 11 0.12 0.55 4.7 1 2.79158 0.25 0 -3.32236 -0.844148 -1.88041 1.57 0
2 3 11 0.12 0.55 4.7 2 2.59973 0.25 0 -2.98698 -1.89423 -1.6664 1.57 0
2 3 11 0.12 0.55 4.7 3 2.59589 0.25 0 -3.21562 -1.70609 -1.71822 1.57 0
2 3 11 0.12 0.55 4.7 4 2.52142 0.25 0 -3.73192 0.320623 -2.10658 1.57 0
2 3 11 0.12 0.55 4.7 5 2.38033 0.125 0 -2.78605 -1.49449 -1.16411 1.57 0
2 3 11 0.12 0.55 4.7 6 2.37947 0.25 0 -3.65495 -0.204897 -1.45007 1.57 0
2 3 11 0.12 0.55 4.7 7 2.31256 0.125 0 -3.28194 -0.807734 -1.71406 1.57 0
2 3 11 0.12 0.55 4.7 8 2.29307 0.25 0 -3.50426 -0.136525 -2.18329 1.57 0
2 3 11 0.12 0.55 4.7 9 2.28976 0.125 0 -3.36871 -1.23122 -1.01504 1.57 0
2 4 2 0.12 0.6 1.83636 0 5.92527 1 0 -0.985208 1.19865 -2.06201 1.57 0
2 4 2 0.12 0.6 1.83636 1 5.9221 1 0 -0.88172 0.936471 -1.47808 1.57 0
2 4 2 0.12 0.6 1.83636 2 5.91735 1 0 -1.0284 1.41954 -2.05144 1.57 0
2 4 2 0.12 0.6 1.83636 3 5.91079 1 0 0.0475505 -0.916702 -1.61735 1.57 0
2 4 2 0.12 0.6 1.83636 4 5.90714 1 0 -1.09384 1.45141 -1.06871 1.57 0
2 4 2 0.12 0.6 1.83636 5 5.90633 1 0 -0.848148 0.894365 -2.06013 1.57 0
2 4 2 0.12 0.6 1.83636 6 5.88508 1 0 0.338835 -1.31809 -2.04253 1.57 0
2 4 2 0.12 0.6 1.83636 7 5.87859 1 0 -0.786049 0.792314 -2.31459 1.57 0
2 4 2 0.12 0.6 1.83636 8 5.87297 1 0 -1.13792 1.62055 -2.44329 1.57 0
2 4 2 0.12 0.6 1.83636 9 5.85242 1 0 -0.0152427 -0.698526 -2.04772 1.57 0
2 4 3 0.12 0.6 2.15455 0 5.37483 0.875 0 -1.32924 1.18323 -1.19705 1.57 0
2 4 3 0.12 0.6 2.15455 1 5.36319 0.875 0 0.101325 -1.46206 -1.37054 1.57 0
2 4 3 0.12 0.6 2.15455 2 5.35807 0.875 0 -1.23291 0.999341 -1.78139 1.57 0
2 4 3 0.12 0.6 2.15455 3 5.34152 0.875 0 -0.0330093 -1.39156 -1.47338 1.57 0
2 4 3 0.12 0.6 2.15455 4 5.2968 0.875 0 0.0912592 -1.50356 -1.98794 1.57 0
2 4 3 0.12 0.6 2.15455 5 5.28915 0.875 0 -1.20374 0.869528 -2.40295 1.57 0
2 4 3 0.12 0.6 2.15455 6 5.27603 0.875 0 0.343326 -1.73279 -1.77339 1.57 0
2 4 3 0.12 0.6 2.15455 7 5.26126 0.875 0 -0.459951 -0.591424 -1.22504 1.57 0
2 4 3 0.12 0.6 2.15455 8 5.21458 0.875 0 -0.325082 -1.27916 -1.80131 1.57 0
2 4 3 0.12 0.6 2.15455 9 5.20555 0.875 0 -0.94201 0.546317 -2.46827 1.57 0
2 4 4 0.12 0.6 2.47273 0 5.87735 1 0 -2.11387 -1.23384 -2.45037 1.57 0
2 4 4 0.12 0.6 2.47273 1 5.83986 1 0 -1.85199 -1.42902 -2.46483 1.57 0
2 4 4 0.12 0.6 2.47273 2 5.81904 1 0 -1.5829 -1.55839 -1.50148 1.57 0
2 4 4 0.12 0.6 2.47273 3 5.78372 1 0 -1.50774 -1.72165 -1.43604 1.57 0
2 4 4 0.12 0.6 2.47273 4 5.70731 1 0 -1.42829 -1.73826 -2.44266 1.57 0
2 4 4 0.12 0.6 2.47273 5 5.70093 1 0 -1.55263 0.99915 -1.94916 1.57 0
2 4 4 0.12 0.6 2.47273 6 5.69912 1 0 -1.47808 -1.94694 -1.97018 1.57 0
2 4 4 0.12 0.6 2.47273 7 5.67903 1 0 -1.76029 1.42836 -1.95424 1.57 0
2 4 4 0.12 0.6 2.47273 8 5.65934 1 0 -1.63843 -2.00258 -2.40509 1.57 0
2 4 4 0.12 0.6 2.47273 9 5.65777 1 0 -1.74408 1.22842 -1.96178 1.57 0
2 4 5 0.12 0.6 2.79091 0 5.88983 1 0 -2.496 -1.20101 -2.34792 1.57 0
2 4 5 0.12 0.6 2.79091 1 5.84836 1 0 -1.94829 -1.62062 -2.04386 1.57 0
2 4 5 0.12 0.6 2.79091 2 5.81482 1 0 -1.66951 -1.32025 -2.35023 1.57 0
2 4 5 0.12 0.6 2.79091 3 5.77156 1 0 -1.56192 -1.3113 -2.49691 1.57 0
2 4 5 0.12 0.6 2.79091 4 5.76266 1 0 -2.47284 -1.80475 -2.11722 1.57 0
2 4 5 0.12 0.6 2.79091 5 5.73285 1 0 -2.52752 -0.492295 -2.48409 1.57 0
2 4 5 0.12 0.6 2.79091 6 5.72114 1 0 -1.39093 -1.52839 -2.39687 1.57 0
2 4 5 0.12 0.6 2.79091 7 5.70888 1 0 -1.31997 -1.53666 -2.07336 1.57 0
2 4 5 0.12 0.6 2.79091 8 5.64409 1 0 -2.19239 -2.04944 -2.29456 1.57 0
2 4 5 0.12 0.6 2.79091 9 5.61707 1 0 -1.15914 -1.74356 -2.22865 1.57 0
2 4 6 0.12 0.6 3.10909 0 5.85427 1 0 -1.82707 -1.65116 -1.55498 1.57 0
2 4 6 0.12 0.6 3.10909 1 5.61587 1 0 -1.34915 -2.14443 -1.45733 1.57 0
2 4 6 0.12 0.6 3.10909 2 5.45372 1 0 -2.23704 0.361044 -2.3987 1.57 0
2 4 6 0.12 0.6 3.10909 3 5.39389 0.875 0 -2.65096 -1.06508 -2.20664 1.57 0
2 4 6 0.12 0.6 3.10909 4 5.39214 0.875 0 -2.01241 -1.50861 -1.56659 1.57 0
2 4 6 0.12 0.6 3.10909 5 5.38753 0.875 0 -1.90539 -1.48933 -1.38463 1.57 0
2 4 6 0.12 0.6 3.10909 6 5.38019 0.875 0 -2.59746 -1.20181 -2.40708 1.57 0
2 4 6 0.12 0.6 3.10909 7 5.37048 0.875 0 -2.32227 -1.46688 -2.25584 1.57 0
2 4 6 0.12 0.6 3.10909 8 5.36524 0.875 0 -2.15979 -1.44822 -2.39576 1.57 0
2 4 6 0.12 0.6 3.10909 9 5.35589 0.875 0 -2.13549 -1.72495 -1.53944 1.57 0
2 4 7 0.12 0.6 3.42727 0 5.36103 0.875 0 -2.78266 -1.26331 -2.29377 1.57 0
2 4 7 0.12 0.6 3.42727 1 5.25081 0.875 0 -2.21981 -1.9085 -2.02386 1.57 0
2 4 7 0.12 0.6 3.42727 2 5.17666 0.875 0 -2.76072 -1.81589 -2.26524 1.57 0
2 4 7 0.12 0.6 3.42727 3 4.88929 0.75 0 -2.05807 -1.56249 -1.50458 1.57 0
2 4 7 0.12 0.6 3.42727 4 4.87488 0.75 0 -2.50538 -1.54472 -1.73621 1.57 0
2 4 7 0.12 0.6 3.42727 5 4.81282 0.75 0 -2.84768 -0.629086 -2.28911 1.57 0
2 4 7 0.12 0.6 3.42727 6 4.71498 0.75 0 -2.16341 -0.53457 -2.20888 1.57 0
2 4 7 0.12 0.6 3.42727 7 4.71329 0.75 0 -1.37015 -1.85378 -1.01141 1.57 0
2 4 7 0.12 0.6 3.42727 8 4.69088 0.75 0 -2.31679 -2.07001 -1.53577 1.57 0
2 4 7 0.12 0.6 3.42727 9 4.60158 0.75 0 -1.15232 -1.95559 -1.89226 1.57 0
2 4 8 0.12 0.6 3.74545 0 3.89158 0.5 0 -2.87 -1.07703 -1.86395 1.57 0
2 4 8 0.12 0.6 3.74545 1 3.88811 0.5 0 -2.38865 -1.2945 -2.31527 1.57 0
2 4 8 0.12 0.6 3.74545 2 3.86153 0.5 0 -2.14617 -1.72669 -1.39447 1.57 0
2 4 8 0.12 0.6 3.74545 3 3.85017 0.5 0 -3.00077 -0.785575 -2.03981 1.57 0
2 4 8 0.12 0.6 3.74545 4 3.78783 0.5 0 -3.50819 1.60551 -1.45524 1.57 0
2 4 8 0.12 0.6 3.74545 5 3.77014 0.5 0 -2.74925 -0.53204 -2.35763 1.57 0
2 4 8 0.12 0.6 3.74545 6 3.71894 0.5 0 -2.19168 -2.10172 -1.0587 1.57 0
2 4 8 0.12 0.6 3.74545 7 3.41245 0.375 0 -2.35376 -1.09919 -1.95435 1.57 0
2 4 8 0.12 0.6 3.74545 8 3.41047 0.375 0 -2.24452 -1.48884 -1.31741 1.57 0
2 4 8 0.12 0.6 3.74545 9 3.40102 0.375 0 -2.39394 -0.96153 -2.02867 1.57 0
2 4 9 0.12 0.6 4.06364 0 3.42367 0.375 0 -2.62501 -1.33589 -1.09088 1.57 0
2 4 9 0.12 0.6 4.06364 1 3.38925 0.375 0 -2.43035 -1.32283 -2.2199 1.57 0
2 4 9 0.12 0.6 4.06364 2 3.34893 0.375 0 -3.63596 1.37539 -1.73216 1.57 0
2 4 9 0.12 0.6 4.06364 3 3.33921 0.375 0 -3.79826 1.27106 -1.85937 1.57 0
2 4 9 0.12 0.6 4.06364 4 2.92488 0.25 0 -2.52159 -1.34711 -1.23311 1.57 0
2 4 9 0.12 0.6 4.06364 5 2.91867 0.25 0 -2.71287 -1.24191 -1.37297 1.57 0
2 4 9 0.12 0.6 4.06364 6 2.91321 0.25 0 -2.63258 -1.04796 -1.81525 1.57 0
2 4 9 0.12 0.6 4.06364 7 2.86797 0.25 0 -3.61615 1.03057 -1.54798 1.57 0
2 4 9 0.12 0.6 4.06364 8 2.8549 0.25 0 -2.61644 -1.66987 -1.22905 1.57 0
2 4 9 0.12 0.6 4.06364 9 2.84986 0.25 0 -2.59618 -1.59997 -1.7451 1.57 0
2 4 10 0.12 0.6 4.38182 0 3.28228 0.375 0 -3.38392 -0.887307 -1.69661 1.57 0
2 4 10 0.12 0.6 4.38182 1 3.25463 0.375 0 -2.22967 -1.97336 -1.56384 1.57 0
2 4 10 0.12 0.6 4.38182 2 3.17026 0.375 0 -3.15508 -0.410441 -2.24765 1.57 0
2 4 10 0.12 0.6 4.38182 3 2.90638 0.25 0 -2.89284 -1.12717 -1.4171 1.57 0
2 4 10 0.12 0.6 4.38182 4 2.89137 0.25 0 -2.45141 -1.58009 -1.27651 1.57 0
2 4 10 0.12 0.6 4.38182 5 2.88428 0.25 0 -2.9065 -1.35402 -1.29366 1.57 0
2 4 10 0.12 0.6 4.38182 6 2.86768 0.25 0 -2.73365 -1.54552 -1.35637 1.57 0
2 4 10 0.12 0.6 4.38182 7 2.81575 0.25 0 -2.52452 -1.34255 -1.04829 1.57 0
2 4 10 0.12 0.6 4.38182 8 2.78618 0.25 0 -2.95428 -1.68886 -1.09972 1.57 0
2 4 10 0.12 0.6 4.38182 9 2.78383 0.25 0 -3.75847 0.680256 -1.33481 1.57 0
2 4 11 0.12 0.6 4.7 0 3.03431 0.375 0 -3.00217 -1.97772 -1.60945 1.57 0
2 4 11 0.12 0.6 4.7 1 2.85531 0.25 0 -3.06279 -0.950336 -1.57232 1.57 0
2 4 11 0.12 0.6 4.7 2 2.83709 0.25 0 -2.57649 -1.66903 -1.65369 1.57 0
2 4 11 0.12 0.6 4.7 3 2.81237 0.25 0 -2.88338 -1.5846 -1.58441 1.57 0
2 4 11 0.12 0.6 4.7 4 2.79902 0.25 0 -3.26674 -0.745821 -1.89011 1.57 0
2 4 11 0.12 0.6 4.7 5 2.74199 0.25 0 -3.06925 -0.904479 -2.12954 1.57 0
2 4 11 0.12 0.6 4.7 6 2.7407 0.25 0 -3.25269 -1.27725 -2.1393 1.57 0
2 4 11 0.12 0.6 4.7 7 2.62995 0.25 0 -3.3798 -0.45843 -2.49287 1.57 0
2 4 11 0.12 0.6 4.7 8 2.60178 0.25 0 -3.60769 -0.501538 -1.94064 1.57 0
2 4 11 0.12 0.6 4.7 9 2.45919 0.25 0 -3.79886 -0.422367 -1.97268 1.57 0
3 0 0 0.18 0.4 1.2 0 5.92248 1 0 -0.552362 1.44384 -2.46165 1.57 0
3 0 0 0.18 0.4 1.2 1 5.91052 1 0 0.630435 -1.25974 -1.4066 1.57 0
3 0 0 0.18 0.4 1.2 2 5.89458 1 0 0.583551 -1.25515 -1.96386 1.57 0
3 0 0 0.18 0.4 1.2 3 5.86116 1 0 0.357562 -1.40733 -2.15273 1.57 0
3 0 0 0.18 0.4 1.2 4 5.8301 1 0 -0.00230607 -1.2692 -2.16047 1.57 0
3 0 0 0.18 0.4 1.2 5 5.81006 1 0 0.0361271 -1.31185 -2.40296 1.57 0
3 0 0 0.18 0.4 1.2 6 5.75759 1 0 0.386362 -1.87314 -1.23895 1.57 0
3 0 0 0.18 0.4 1.2 7 5.75609 1 0 0.757179 -1.87019 -1.40039 1.57 0
3 0 0 0.18 0.4 1.2 8 5.64867 1 0 0.782283 -1.97202 -1.88441 1.57 0
3 0 0 0.18 0.4 1.2 9 5.64542 1 0 0.185524 -1.78855 -2.32699 1.57 0
3 0 1 0.18 0.4 1.51818 0 5.93688 1 0 -0.919208 1.16648 -1.11264 1.57 0
3 0 1 0.18 0.4 1.51818 1 5.93372 1 0 -0.95626 1.24251 -1.11027 1.57 0
3 0 1 0.18 0.4 1.51818 2 5.92493 1 0 -0.869253 1.41671 -2.25271 1.57 0
3 0 1 0.18 0.4 1.51818 3 5.85495 1 0 0.0902663 -0.604085 -1.6317 1.57 0
3 0 1 0.18 0.4 1.51818 4 5.84879 1 0 -1.372 1.6198 -1.0776 1.57 0
3 0 1 0.18 0.4 1.51818 5 5.81746 1 0 0.163134 -0.746416 -1.23226 1.57 0
3 0 1 0.18 0.4 1.51818 6 5.79272 1 0 -0.394403 0.486269 -2.10851 1.57 0
3 0 1 0.18 0.4 1.51818 7 5.75684 1 0 0.184424 -1.64421 -1.50513 1.57 0
3 0 1 0.18 0.4 1.51818 8 5.75175 1 0 -0.391644 0.416429 -1.75339 1.57 0
3 0 1 0.18 0.4 1.51818 9 5.6332 1 0 0.0554758 -1.76169 -2.08576 1.57 0
3 0 2 0.18 0.4 1.83636 0 5.4143 0.875 0 -1.14839 1.24397 -1.24682 1.57 0
3 0 2 0.18 0.4 1.83636 1 5.3757 0.875 0 -0.841764 0.726624 -1.2941 1.57 0
3 0 2 0.18 0.4 1.83636 2 5.3571 0.875 0 -0.808937 0.68543 -1.77414 1.57 0
3 0 2 0.18 0.4 1.83636 3 5.34662 0.875 0 -0.77956 0.726666 -2.49898 1.57 0
3 0 2 0.18 0.4 1.83636 4 5.33925 0.875 0 -0.807511 0.70895 -2.40759 1.57 0
3 0 2 0.18 0.4 1.83636 5 5.30815 0.875 0 -1.57125 1.59669 -1.05006 1.57 0
3 0 2 0.18 0.4 1.83636 6 5.28924 0.875 0 -1.73228 -1.72053 -2.26577 1.57 0
3 0 2 0.18 0.4 1.83636 7 5.28535 0.875 0 -1.65294 -1.14026 -2.44167 1.57 0
3 0 2 0.18 0.4 1.83636 8 5.23014 0.875 0 -1.40875 -1.83002 -1.69539 1.57 0
3 0 2 0.18 0.4 1.83636 9 5.17522 0.875 0 -1.36805 -2.00239 -1.55774 1.57 0
3 0 3 0.18 0.4 2.15455 0 5.8556 1 0 -1.73251 -1.4093 -1.7489 1.57 0
3 0 3 0.18 0.4 2.15455 1 5.85008 1 0 -1.7129 -1.46631 -1.75143 1.57 0
3 0 3 0.18 0.4 2.15455 2 5.83994 1 0 -1.73199 -1.17212 -1.63035 1.57 0
3 0 3 0.18 0.4 2.15455 3 5.83034 1 0 -1.96638 -1.58726 -2.42784 1.57 0
3 0 3 0.18 0.4 2.15455 4 5.82917 1 0 -1.62669 -1.35152 -1.51812 1.57 0
3 0 3 0.18 0.4 2.15455 5 5.82031 1 0 -1.44212 1.35027 -2.31889 1.57 0
3 0 3 0.18 0.4 2.15455 6 5.81083 1 0 -1.86509 -0.926604 -2.28017 1.57 0
3 0 3 0.18 0.4 2.15455 7 5.81052 1 0 -1.76161 -1.6782 -2.16467 1.57 0
3 0 3 0.18 0.4 2.15455 8 5.79275 1 0 -1.14968 0.814667 -1.75612 1.57 0
3 0 3 0.18 0.4 2.15455 9 5.78455 1 0 -1.58476 1.59117 -2.20294 1.57 0
3 0 4 0.18 0.4 2.47273 0 5.90689 1 0 -2.14337 -1.31259 -1.84411 1.57 0
3 0 4 0.18 0.4 2.47273 1 5.90641 1 0 -2.07522 -1.38164 -1.61162 1.57 0
3 0 4 0.18 0.4 2.47273 2 5.90578 1 0 -2.14234 -1.26113 -1.91691 1.57 0
3 0 4 0.18 0.4 2.47273 3 5.82353 1 0 -1.68047 -1.17948 -1.81064 1.57 0
3 0 4 0.18 0.4 2.47273 4 5.79912 1 0 -2.47614 -1.70464 -2.18196 1.57 0
3 0 4 0.18 0.4 2.47273 5 5.78794 1 0 -2.36608 -0.617106 -2.45563 1.57 0
3 0 4 0.18 0.4 2.47273 6 5.76485 1 0 -1.49918 -1.38459 -2.333 1.57 0
3 0 4 0.18 0.4 2.47273 7 5.74709 1 0 -1.78259 -2.02964 -1.21006 1.57 0
3 0 4 0.18 0.4 2.47273 8 5.68346 1 0 -1.25513 -1.72182 -1.85553 1.57 0
3 0 4 0.18 0.4 2.47273 9 5.66425 1 0 -1.29705 -1.90353 -1.97903 1.57 0
3 0 5 0.18 0.4 2.79091 0 5.92925 1 0 -2.35639 -1.20252 -1.4548 1.57 0
3 0 5 0.18 0.4 2.79091 1 5.91869 1 0 -2.16504 -1.3347 -1.458 1.57 0
3 0 5 0.18 0.4 2.79091 2 5.90191 1 0 -2.26853 -1.56936 -1.16229 1.57 0
3 0 5 0.18 0.4 2.79091 3 5.8988 1 0 -2.22177 -1.51463 -1.5774 1.57 0
3 0 5 0.18 0.4 2.79091 4 5.86795 1 0 -1.90263 -1.64398 -1.37997 1.57 0
3 0 5 0.18 0.4 2.79091 5 5.85458 1 0 -2.43271 -0.72845 -2.05554 1.57 0
3 0 5 0.18 0.4 2.79091 6 5.85402 1 0 -1.81618 -1.69142 -1.04191 1.57 0
3 0 5 0.18 0.4 2.79091 7 5.84108 1 0 -1.84225 -1.09312 -2.26598 1.57 0
3 0 5 0.18 0.4 2.79091 8 5.83078 1 0 -2.25148 -1.6619 -2.20096 1.57 0
3 0 5 0.18 0.4 2.79091 9 5.77501 1 0 -2.16336 -0.643685 -2.3181 1.57 0
3 0 6 0.18 0.4 3.10909 0 5.72647 1 0 -2.0203 -0.696937 -2.38167 1.57 0
3 0 6 0.18 0.4 3.10909 1 5.50985 1 0 -2.25644 0.482464 -2.31035 1.57 0
3 0 6 0.18 0.4 3.10909 2 5.41834 0.875 0 -2.36082 -1.16435 -1.828 1.57 0
3 0 6 0.18 0.4 3.10909 3 5.40611 0.875 0 -2.65271 -1.22973 -1.82866 1.57 0
3 0 6 0.18 0.4 3.10909 4 5.36525 0.875 0 -2.89828 -0.734275 -1.74141 1.57 0
3 0 6 0.18 0.4 3.10909 5 5.35212 0.875 0 -2.36525 -1.55067 -2.24252 1.57 0
3 0 6 0.18 0.4 3.10909 6 5.33976 0.875 0 -2.80765 -0.727938 -2.36461 1.57 0
3 0 6 0.18 0.4 3.10909 7 5.27565 0.875 0 -3.03343 -0.605301 -2.4656 1.57 0
3 0 6 0.18 0.4 3.10909 8 4.91178 0.75 0 -2.58111 -1.00196 -1.85338 1.57 0
3 0 6 0.18 0.4 3.10909 9 4.88897 0.75 0 -2.47238 -1.02897 -2.39499 1.57 0
3 0 7 0.18 0.4 3.42727 0 4.88144 0.75 0 -2.65795 -0.821386 -2.05934 1.57 0
3 0 7 0.18 0.4 3.42727 1 4.87335 0.75 0 -2.96655 -1.37741 -1.1887 1.57 0
3 0 7 0.18 0.4 3.42727 2 4.85916 0.75 0 -2.46431 -0.828372 -1.93605 1.57 0
3 0 7 0.18 0.4 3.42727 3 4.85074 0.75 0 -2.9282 -1.20641 -2.21005 1.57 0
3 0 7 0.18 0.4 3.42727 4 4.60319 0.75 0 -3.51227 -0.450071 -2.1579 1.57 0
3 0 7 0.18 0.4 3.42727 5 4.56463 0.75 0 -3.37387 -0.334896 -2.21216 1.57 0
3 0 7 0.18 0.4 3.42727 6 4.40867 0.625 0 -2.90867 -1.12845 -1.29166 1.57 0
3 0 7 0.18 0.4 3.42727 7 4.3965 0.625 0 -2.73345 -1.18289 -1.95205 1.57 0
3 0 7 0.18 0.4 3.42727 8 4.37222 0.625 0 -2.67727 -1.37625 -2.0621 1.57 0
3 0 7 0.18 0.4 3.42727 9 4.36078 0.625 0 -2.6358 -0.799374 -2.3936 1.57 0
3 0 8 0.18 0.4 3.74545 0 4.91081 0.75 0 -2.87371 -1.0805 -1.39819 1.57 0
3 0 8 0.18 0.4 3.74545 1 4.84131 0.75 0 -3.65756 1.41441 -2.26073 1.57 0
3 0 8 0.18 0.4 3.74545 2 4.3453 0.625 0 -3.18793 -0.874779 -1.67499 1.57 0
3 0 8 0.18 0.4 3.74545 3 4.18483 0.625 0 -3.08458 -0.41679 -2.24415 1.57 0
3 0 8 0.18 0.4 3.74545 4 3.83819 0.5 0 -3.21093 0.699265 -2.09557 1.57 0
3 0 8 0.18 0.4 3.74545 5 3.79816 0.5 0 -3.16635 0.888214 -1.03302 1.57 0
3 0 8 0.18 0.4 3.74545 6 3.74415 0.5 0 -3.24999 -1.40507 -1.63699 1.57 0
3 0 8 0.18 0.4 3.74545 7 3.74381 0.625 0 -3.19576 0.08727 -2.45841 1.57 0
3 0 8 0.18 0.4 3.74545 8 3.73632 0.5 0 -3.36276 -1.14013 -2.00322 1.57 0
3 0 8 0.18 0.4 3.74545 9 3.71952 0.5 0 -2.95807 0.626916 -1.74176 1.57 0
3 0 9 0.18 0.4 4.06364 0 2.9568 0.375 0 -3.69168 -0.350699 -2.2584 1.57 0
3 0 9 0.18 0.4 4.06364 1 2.85624 0.25 0 -3.67569 1.21791 -2.21593 1.57 0
3 0 9 0.18 0.4 4.06364 2 2.64558 0.25 0 -3.26001 0.504183 -1.35684 1.57 0
3 0 9 0.18 0.4 4.06364 3 2.56315 0.375 0 -3.20062 -0.00830836 -2.27735 1.57 0
3 0 9 0.18 0.4 4.06364 4 2.56262 0.25 0 -3.58763 -1.13595 -2.23604 1.57 0
3 0 9 0.18 0.4 4.06364 5 2.55927 0.25 0 -3.69893 -0.651409 -2.26264 1.57 0
3 0 9 0.18 0.4 4.06364 6 2.47831 0.25 0 -3.51005 -0.282253 -2.17205 1.57 0
3 0 9 0.18 0.4 4.06364 7 2.34609 0.125 0 -3.73388 0.971212 -1.16839 1.57 0
3 0 9 0.18 0.4 4.06364 8 2.33114 0.25 0 -3.75984 -1.20461 -2.27663 1.57 0
3 0 9 0.18 0.4 4.06364 9 2.30928 0.125 0 -3.30861 -1.06219 -1.55917 1.57 0
3 0 10 0.18 0.4 4.38182 0 2.64113 0.25 0 -3.42867 -0.438081 -1.89912 1.57 0
3 0 10 0.18 0.4 4.38182 1 2.33019 0.25 0 -3.71819 -1.26416 -2.41249 1.57 0
3 0 10 0.18 0.4 4.38182 2 2.19772 0.125 0 -3.48805 -0.648917 -1.97499 1.57 0
3 0 10 0.18 0.4 4.38182 3 2.16761 0.125 0 -3.60924 0.456971 -2.43778 1.57 0
3 0 10 0.18 0.4 4.38182 4 2.15351 0.125 0 -3.52263 -0.811577 -2.48293 1.57 0
3 0 10 0.18 0.4 4.38182 5 2.13957 0.125 0 -3.56006 -0.889714 -2.3265 1.57 0
3 0 10 0.18 0.4 4.38182 6 2.11077 0.125 0 -3.53131 -0.422026 -1.67686 1.57 0
3 0 10 0.18 0.4 4.38182 7 2.11011 0.125 0 -3.36883 -1.31616 -2.00899 1.57 0
3 0 10 0.18 0.4 4.38182 8 2.09 0.125 0 -3.45897 -1.42982 -1.69636 1.57 0
3 0 10 0.18 0.4 4.38182 9 2.08896 0.125 0 -3.55591 -0.440475 -2.03871 1.57 0
3 0 11 0.18 0.4 4.7 0 2.67629 0.25 0 -3.62648 -0.64281 -1.31867 1.57 0
3 0 11 0.18 0.4 4.7 1 2.18965 0.125 0 -3.61223 -0.911624 -1.39821 1.57 0
3 0 11 0.18 0.4 4.7 2 2.09745 0.125 0 -3.58241 -1.2855 -1.4228 1.57 0
3 0 11 0.18 0.4 4.7 3 2.02447 0.125 0 -3.56227 -1.41039 -1.57482 1.57 0
3 0 11 0.18 0.4 4.7 4 1.70598 0 0 -3.51175 -1.07789 -1.58894 1.57 0
3 0 11 0.18 0.4 4.7 5 1.6964 0 0 -2.77141 -1.87984 -1.11096 1.57 0
3 0 11 0.18 0.4 4.7 6 1.67964 0 0 -2.85784 -1.79491 -1.55743 1.57 0
3 0 11 0.18 0.4 4.7 7 1.63525 0 0 -3.35383 -1.40257 -1.29835 1.57 0
3 0 11 0.18 0.4 4.7 8 1.62963 0 0 -2.89481 -1.88415 -1.36014 1.57 0
3 0 11 0.18 0.4 4.7 9 1.59636 0 0 -3.32932 -1.30801 -1.98897 1.57 0
3 1 0 0.18 0.45 1.2 0 5.88675 1 0 0.271349 -0.771806 -2.03929 1.57 0
3 1 0 0.18 0.45 1.2 1 5.86983 1 0 0.778149 -1.34046 -1.04774 1.57 0
3 1 0 0.18 0.45 1.2 2 5.82892 1 0 0.368717 -1.59993 -1.84586 1.57 0
3 1 0 0.18 0.45 1.2 3 5.81559 1 0 0.619544 -1.60448 -2.14341 1.57 0
3 1 0 0.18 0.45 1.2 4 5.64829 1 0 0.465317 -2.04232 -1.41896 1.57 0
3 1 0 0.18 0.45 1.2 5 5.57308 1 0 0.67845 -2.16163 -1.51889 1.57 0
3 1 0 0.18 0.45 1.2 6 5.50958 1 0 0.0394818 -1.9721 -1.69129 1.57 0
3 1 0 0.18 0.45 1.2 7 5.42736 0.875 0 -0.463939 1.41566 -2.15316 1.57 0
3 1 0 0.18 0.45 1.2 8 5.40035 0.875 0 0.620216 -1.37962 -1.43223 1.57 0
3 1 0 0.18 0.45 1.2 9 5.38961 0.875 0 -0.896097 1.64263 -1.41877 1.57 0
3 1 1 0.18 0.45 1.51818 0 5.94489 1 0 -0.707382 1.01233 -1.30219 1.57 0
3 1 1 0.18 0.45 1.51818 1 5.91921 1 0 -0.937523 1.49448 -1.53117 1.57 0
3 1 1 0.18 0.45 1.51818 2 5.91477 1 0 0.418487 -1.37021 -1.36002 1.57 0
3 1 1 0.18 0.45 1.51818 3 5.88906 1 0 -1.01778 1.65223 -1.70654 1.57 0
3 1 1 0.18 0.45 1.51818 4 5.88556 1 0 0.416688 -1.3458 -2.0151 1.57 0
3 1 1 0.18 0.45 1.51818 5 5.87221 1 0 -0.929719 1.70723 -1.40319 1.57 0
3 1 1 0.18 0.45 1.51818 6 5.86247 1 0 -1.07556 1.7328 -2.32114 1.57 0
3 1 1 0.18 0.45 1.51818 7 5.85246 1 0 -1.15565 1.70785 -1.0461 1.57 0
3 1 1 0.18 0.45 1.51818 8 5.85064 1 0 0.0749418 -0.721965 -2.34021 1.57 0
3 1 1 0.18 0.45 1.51818 9 5.84634 1 0 0.369371 -1.6277 -1.46535 1.57 0
3 1 2 0.18 0.45 1.83636 0 5.29277 0.875 0 -0.262451 -0.690321 -2.09539 1.57 0
3 1 2 0.18 0.45 1.83636 1 5.16301 0.875 0 0.705524 -1.987 -1.86078 1.57 0
3 1 2 0.18 0.45 1.83636 2 5.13992 0.875 0 -0.446566 -0.459156 -2.3566 1.57 0
3 1 2 0.18 0.45 1.83636 3 5.09973 0.875 0 -1.23466 -1.28033 -2.26292 1.57 0
3 1 2 0.18 0.45 1.83636 4 5.0789 0.875 0 -1.09378 -1.59693 -1.81756 1.57 0
3 1 2 0.18 0.45 1.83636 5 5.07341 0.875 0 -0.264176 -0.346247 -1.92112 1.57 0
3 1 2 0.18 0.45 1.83636 6 5.05554 0.875 0 -0.265792 -1.62667 -1.77305 1.57 0
3 1 2 0.18 0.45 1.83636 7 5.05285 0.875 0 0.132354 -2.06707 -1.15201 1.57 0
3 1 2 0.18 0.45 1.83636 8 5.05111 0.875 0 -0.482095 -1.27319 -2.1506 1.57 0
3 1 2 0.18 0.45 1.83636 9 5.02889 0.875 0 0.443911 -2.11063 -1.93084 1.57 0
3 1 3 0.18 0.45 2.15455 0 5.35229 0.875 0 -1.84466 -1.37563 -2.31319 1.57 0
3 1 3 0.18 0.45 2.15455 1 5.34122 0.875 0 -1.85709 -1.18603 -2.49916 1.57 0
3 1 3 0.18 0.45 2.15455 2 5.31358 0.875 0 -1.82651 -0.958809 -2.14532 1.57 0
3 1 3 0.18 0.45 2.15455 3 5.3105 0.875 0 -1.53303 1.34658 -1.27531 1.57 0
3 1 3 0.18 0.45 2.15455 4 5.29679 0.875 0 -1.56837 -1.30272 -2.02568 1.57 0
3 1 3 0.18 0.45 2.15455 5 5.29322 0.875 0 -1.72945 -0.988711 -1.97849 1.57 0
3 1 3 0.18 0.45 2.15455 6 5.27252 0.875 0 -1.55418 -1.29867 -2.42554 1.57 0
3 1 3 0.18 0.45 2.15455 7 5.24981 0.875 0 -1.56961 -1.74108 -2.35073 1.57 0
3 1 3 0.18 0.45 2.15455 8 5.2408 0.875 0 -1.46514 -1.37581 -2.4866 1.57 0
3 1 3 0.18 0.45 2.15455 9 5.23998 0.875 0 -1.58565 -1.05716 -2.4142 1.57 0
3 1 4 0.18 0.45 2.47273 0 5.8806 1 0 -2.1385 -1.01847 -2.24881 1.57 0
3 1 4 0.18 0.45 2.47273 1 5.86964 1 0 -1.99992 -1.00717 -2.00068 1.57 0
3 1 4 0.18 0.45 2.47273 2 5.8677 1 0 -1.80255 -1.27254 -1.74685 1.57 0
3 1 4 0.18 0.45 2.47273 3 5.85505 1 0 -1.80665 -1.19129 -2.01282 1.57 0
3 1 4 0.18 0.45 2.47273 4 5.83794 1 0 -2.23336 -1.69768 -1.96038 1.57 0
3 1 4 0.18 0.45 2.47273 5 5.8325 1 0 -1.66613 -1.65619 -1.26012 1.57 0
3 1 4 0.18 0.45 2.47273 6 5.81944 1 0 -1.8055 -1.06292 -2.41697 1.57 0
3 1 4 0.18 0.45 2.47273 7 5.7985 1 0 -1.62559 -1.79838 -1.36062 1.57 0
3 1 4 0.18 0.45 2.47273 8 5.76647 1 0 -2.33997 -1.77105 -2.43829 1.57 0
3 1 4 0.18 0.45 2.47273 9 5.74731 1 0 -1.52385 -1.86713 -1.76167 1.57 0
3 1 5 0.18 0.45 2.79091 0 5.91516 1 0 -2.19609 -1.14186 -1.70951 1.57 0
3 1 5 0.18 0.45 2.79091 1 5.90331 1 0 -2.1533 -1.31289 -1.94544 1.57 0
3 1 5 0.18 0.45 2.79091 2 5.90044 1 0 -2.60464 -1.11595 -2.11815 1.57 0
3 1 5 0.18 0.45 2.79091 3 5.89944 1 0 -2.20592 -1.57694 -1.21708 1.57 0
3 1 5 0.18 0.45 2.79091 4 5.89025 1 0 -2.59995 -1.17473 -2.26727 1.57 0
3 1 5 0.18 0.45 2.79091 5 5.87459 1 0 -2.50429 -0.779809 -2.00757 1.57 0
3 1 5 0.18 0.45 2.79091 6 5.85991 1 0 -1.91891 -1.69992 -1.32935 1.57 0
3 1 5 0.18 0.45 2.79091 7 5.85382 1 0 -1.8446 -1.144 -2.13699 1.57 0
3 1 5 0.18 0.45 2.79091 8 5.81045 1 0 -2.19348 -1.7669 -2.05189 1.57 0
3 1 5 0.18 0.45 2.79091 9 5.79822 1 0 -2.81578 -0.611871 -2.4592 1.57 0
3 1 6 0.18 0.45 3.10909 0 5.40586 0.875 0 -2.69622 -0.885029 -1.63827 1.57 0
3 1 6 0.18 0.45 3.10909 1 5.39998 0.875 0 -2.26432 -1.32735 -2.05574 1.57 0
3 1 6 0.18 0.45 3.10909 2 5.36124 0.875 0 -2.94792 -1.18684 -2.03096 1.57 0
3 1 6 0.18 0.45 3.10909 3 5.25831 0.875 0 -2.56949 -1.74651 -2.28475 1.57 0
3 1 6 0.18 0.45 3.10909 4 5.21697 0.875 0 -1.93206 -1.76973 -1.88128 1.57 0
3 1 6 0.18 0.45 3.10909 5 5.16244 0.875 0 -2.685 1.28711 -2.09088 1.57 0
3 1 6 0.18 0.45 3.10909 6 4.9083 0.75 0 -2.56724 -1.26187 -1.84976 1.57 0
3 1 6 0.18 0.45 3.10909 7 4.8998 0.75 0 -2.64875 -1.33146 -1.74254 1.57 0
3 1 6 0.18 0.45 3.10909 8 4.88516 0.75 0 -2.31483 -1.4879 -1.9504 1.57 0
3 1 6 0.18 0.45 3.10909 9 4.82046 0.75 0 -2.79026 -1.6035 -1.67215 1.57 0
3 1 7 0.18 0.45 3.42727 0 5.87758 1 0 -2.99794 -0.881789 -1.72172 1.57 0
3 1 7 0.18 0.45 3.42727 1 5.40224 0.875 0 -2.75792 -1.12809 -1.85043 1.57 0
3 1 7 0.18 0.45 3.42727 2 5.38312 0.875 0 -2.38991 -1.12495 -1.96973 1.57 0
3 1 7 0.18 0.45 3.42727 3 5.3443 0.875 0 -2.40507 -1.57998 -2.20805 1.57 0
3 1 7 0.18 0.45 3.42727 4 5.33546 0.875 0 -2.74663 -1.62318 -1.48568 1.57 0
3 1 7 0.18 0.45 3.42727 5 5.31528 0.875 0 -3.16285 1.31824 -1.34308 1.57 0
3 1 7 0.18 0.45 3.42727 6 5.31289 0.875 0 -3.33232 1.41309 -1.15665 1.57 0
3 1 7 0.18 0.45 3.42727 7 5.311 0.875 0 -2.36141 -1.02995 -1.64534 1.57 0
3 1 7 0.18 0.45 3.42727 8 4.84868 0.75 0 -2.82289 -1.44022 -1.86983 1.57 0
3 1 7 0.18 0.45 3.42727 9 4.83123 0.75 0 -2.94089 -1.18358 -2.4962 1.57 0
3 1 8 0.18 0.45 3.74545 0 4.29905 0.625 0 -3.20937 -1.03069 -2.24179 1.57 0
3 1 8 0.18 0.45 3.74545 1 3.78623 0.5 0 -3.44538 0.615609 -2.48822 1.57 0
3 1 8 0.18 0.45 3.74545 2 3.72965 0.5 0 -2.9654 -0.467544 -2.24579 1.57 0
3 1 8 0.18 0.45 3.74545 3 3.64076 0.5 0 -2.94437 -0.342436 -2.09484 1.57 0
3 1 8 0.18 0.45 3.74545 4 3.55318 0.5 0 -2.89817 0.27384 -1.29951 1.57 0
3 1 8 0.18 0.45 3.74545 5 3.35818 0.375 0 -3.09626 0.896771 -1.69666 1.57 0
3 1 8 0.18 0.45 3.74545 6 3.32567 0.375 0 -3.53127 1.51212 -1.74145 1.57 0
3 1 8 0.18 0.45 3.74545 7 3.32216 0.375 0 -3.70992 1.51555 -2.09284 1.57 0
3 1 8 0.18 0.45 3.74545 8 3.27896 0.375 0 -3.09227 -0.584988 -2.15833 1.57 0
3 1 8 0.18 0.45 3.74545 9 3.20583 0.375 0 -3.03725 -1.702 -1.61595 1.57 0
3 1 9 0.18 0.45 4.06364 0 3.36471 0.375 0 -3.62745 0.993901 -1.79292 1.57 0
3 1 9 0.18 0.45 4.06364 1 3.34795 0.375 0 -3.70409 1.22847 -2.40281 1.57 0
3 1 9 0.18 0.45 4.06364 2 3.30923 0.375 0 -3.13699 -0.84081 -2.40694 1.57 0
3 1 9 0.18 0.45 4.06364 3 3.2503 0.375 0 -3.32691 -1.34517 -1.37853 1.57 0
3 1 9 0.18 0.45 4.06364 4 2.87981 0.25 0 -3.07768 -0.88951 -1.40399 1.57 0
3 1 9 0.18 0.45 4.06364 5 2.84247 0.25 0 -3.77397 1.07859 -1.0715 1.57 0
3 1 9 0.18 0.45 4.06364 6 2.84118 0.25 0 -3.15124 -1.2638 -1.39694 1.57 0
3 1 9 0.18 0.45 4.06364 7 2.76531 0.25 0 -3.23184 -0.662543 -2.3043 1.57 0
3 1 9 0.18 0.45 4.06364 8 2.74861 0.25 0 -3.43174 -1.17213 -1.36196 1.57 0
3 1 9 0.18 0.45 4.06364 9 2.63759 0.25 0 -3.66383 -0.688966 -1.67886 1.57 0
3 1 10 0.18 0.45 4.38182 0 2.8328 0.25 0 -3.25705 -0.932897 -1.58714 1.57 0
3 1 10 0.18 0.45 4.38182 1 2.76725 0.25 0 -3.23394 -1.10953 -2.39851 1.57 0
3 1 10 0.18 0.45 4.38182 2 2.76539 0.25 0 -3.63884 0.580121 -1.64709 1.57 0
3 1 10 0.18 0.45 4.38182 3 2.72886 0.25 0 -3.3749 -1.21251 -1.80454 1.57 0
3 1 10 0.18 0.45 4.38182 4 2.53348 0.25 0 -3.77191 -0.776458 -1.9495 1.57 0
3 1 10 0.18 0.45 4.38182 5 2.29954 0.125 0 -3.32906 -1.13938 -1.41659 1.57 0
3 1 10 0.18 0.45 4.38182 6 2.27198 0.125 0 -3.38486 -0.916748 -1.82611 1.57 0
3 1 10 0.18 0.45 4.38182 7 2.23149 0.125 0 -3.40601 -1.27952 -1.36151 1.57 0
3 1 10 0.18 0.45 4.38182 8 2.22451 0.125 0 -3.39242 -0.863783 -2.40114 1.57 0
3 1 10 0.18 0.45 4.38182 9 2.22343 0.125 0 -3.37813 -0.594963 -1.99584 1.57 0
3 1 11 0.18 0.45 4.7 0 2.64318 0.25 0 -3.67895 -0.834387 -1.51672 1.57 0
3 1 11 0.18 0.45 4.7 1 2.32526 0.125 0 -3.32813 -1.12057 -1.02717 1.57 0
3 1 11 0.18 0.45 4.7 2 2.26936 0.125 0 -3.06456 -1.55752 -1.56367 1.57 0
3 1 11 0.18 0.45 4.7 3 2.23087 0.125 0 -3.18875 -1.42261 -2.01683 1.57 0
3 1 11 0.18 0.45 4.7 4 2.17371 0.125 0 -3.25955 -1.63136 -1.22214 1.57 0
3 1 11 0.18 0.45 4.7 5 2.16441 0.125 0 -3.31164 -1.08105 -2.18354 1.57 0
3 1 11 0.18 0.45 4.7 6 2.15152 0.125 0 -3.6485 -0.828635 -1.65492 1.57 0
3 1 11 0.18 0.45 4.7 7 2.08847 0.125 0 -3.61432 -0.41104 -1.33542 1.57 0
3 1 11 0.18 0.45 4.7 8 2.04759 0.125 0 -3.62752 -0.477986 -2.38203 1.57 0
3 1 11 0.18 0.45 4.7 9 2.02474 0.125 0 -3.66723 -1.36903 -1.01072 1.57 0
3 2 0 0.18 0.5 1.2 0 5.38925 0.875 0 0.406783 -1.23184 -2.2101 1.57 0
3 2 0 0.18 0.5 1.2 1 5.38489 0.875 0 0.309723 -1.20142 -2.27441 1.57 0
3 2 0 0.18 0.5 1.2 2 5.37354 0.875 0 0.17068 -1.3389 -1.87472 1.57 0
3 2 0 0.18 0.5 1.2 3 5.37271 0.875 0 -0.735715 1.73022 -2.02431 1.57 0
3 2 0 0.18 0.5 1.2 4 5.36535 0.875 0 0.530416 -1.57596 -1.53103 1.57 0
3 2 0 0.18 0.5 1.2 5 5.2565 0.875 0 -0.290662 -1.07548 -2.24018 1.57 0
3 2 0 0.18 0.5 1.2 6 5.23861 0.875 0 0.145858 -1.80566 -1.21447 1.57 0
3 2 0 0.18 0.5 1.2 7 5.17649 0.875 0 -0.123863 -1.59128 -1.80918 1.57 0
3 2 0 0.18 0.5 1.2 8 4.9429 0.75 0 -0.496845 1.29748 -1.71384 1.57 0
3 2 0 0.18 0.5 1.2 9 4.89167 0.75 0 0.702912 -1.408 -1.21374 1.57 0
3 2 1 0.18 0.5 1.51818 0 5.95099 1 0 -0.669091 1.12254 -1.79997 1.57 0
3 2 1 0.18 0.5 1.51818 1 5.93153 1 0 -0.771522 1.40315 -2.21996 1.57 0
3 2 1 0.18 0.5 1.51818 2 5.91658 1 0 0.412192 -1.39505 -1.20409 1.57 0
3 2 1 0.18 0.5 1.51818 3 5.9096 1 0 0.279718 -0.916782 -1.94516 1.57 0
3 2 1 0.18 0.5 1.51818 4 5.90417 1 0 0.522845 -1.35512 -1.61496 1.57 0
3 2 1 0.18 0.5 1.51818 5 5.89243 1 0 -1.10432 1.60587 -1.80686 1.57 0
3 2 1 0.18 0.5 1.51818 6 5.88644 1 0 -0.92321 1.67125 -2.24022 1.57 0
3 2 1 0.18 0.5 1.51818 7 5.88554 1 0 -0.961354 1.66115 -1.45729 1.57 0
3 2 1 0.18 0.5 1.51818 8 5.87943 1 0 0.236959 -1.19987 -2.27002 1.57 0
3 2 1 0.18 0.5 1.51818 9 5.87778 1 0 0.501631 -1.57517 -1.28113 1.57 0
3 2 2 0.18 0.5 1.83636 0 5.91051 1 0 -1.17841 1.31573 -1.47061 1.57 0
3 2 2 0.18 0.5 1.83636 1 5.88602 1 0 -0.973706 0.847431 -1.64896 1.57 0
3 2 2 0.18 0.5 1.83636 2 5.85965 1 0 -0.12544 -0.83614 -1.89981 1.57 0
3 2 2 0.18 0.5 1.83636 3 5.85713 1 0 -0.164316 -0.650203 -1.08413 1.57 0
3 2 2 0.18 0.5 1.83636 4 5.8148 1 0 -0.251712 -0.978106 -1.95764 1.57 0
3 2 2 0.18 0.5 1.83636 5 5.78641 1 0 0.0592003 -1.20126 -2.27544 1.57 0
3 2 2 0.18 0.5 1.83636 6 5.75132 1 0 -0.381589 -0.91221 -2.12072 1.57 0
3 2 2 0.18 0.5 1.83636 7 5.73311 1 0 -1.5867 -1.86218 -2.17329 1.57 0
3 2 2 0.18 0.5 1.83636 8 5.68478 1 0 -0.704652 0.418931 -2.27102 1.57 0
3 2 2 0.18 0.5 1.83636 9 5.58953 1 0 0.151502 -1.93899 -1.73454 1.57 0
3 2 3 0.18 0.5 2.15455 0 5.32452 0.875 0 -1.51902 1.25441 -1.18443 1.57 0
3 2 3 0.18 0.5 2.15455 1 5.31643 0.875 0 -1.67652 -1.26834 -2.30362 1.57 0
3 2 3 0.18 0.5 2.15455 2 5.29442 0.875 0 -1.56057 1.17503 -1.07094 1.57 0
3 2 3 0.18 0.5 2.15455 3 5.29306 0.875 0 -1.48766 1.28422 -2.3243 1.57 0
3 2 3 0.18 0.5 2.15455 4 5.26955 0.875 0 -1.45102 1.47886 -2.48697 1.57 0
3 2 3 0.18 0.5 2.15455 5 5.24727 0.875 0 -1.80027 -0.826968 -2.46337 1.57 0
3 2 3 0.18 0.5 2.15455 6 5.24024 0.875 0 -1.19065 0.741722 -2.327 1.57 0
3 2 3 0.18 0.5 2.15455 7 5.23198 0.875 0 -1.51135 -1.1092 -1.93856 1.57 0
3 2 3 0.18 0.5 2.15455 8 5.22643 0.875 0 -1.45022 -1.2134 -2.11549 1.57 0
3 2 3 0.18 0.5 2.15455 9 5.22263 0.875 0 -1.34479 -1.74028 -1.73905 1.57 0
3 2 4 0.18 0.5 2.47273 0 5.8884 1 0 -1.93606 -1.21486 -1.75852 1.57 0
3 2 4 0.18 0.5 2.47273 1 5.8854 1 0 -1.94323 -1.30473 -1.94906 1.57 0
3 2 4 0.18 0.5 2.47273 2 5.88281 1 0 -1.84535 -1.37243 -1.48676 1.57 0
3 2 4 0.18 0.5 2.47273 3 5.88152 1 0 -1.92278 -1.19575 -1.88571 1.57 0
3 2 4 0.18 0.5 2.47273 4 5.86899 1 0 -2.04533 -1.31518 -2.45681 1.57 0
3 2 4 0.18 0.5 2.47273 5 5.84683 1 0 -1.71941 -1.61786 -1.35554 1.57 0
3 2 4 0.18 0.5 2.47273 6 5.83432 1 0 -1.64505 -1.58326 -1.42504 1.57 0
3 2 4 0.18 0.5 2.47273 7 5.80157 1 0 -1.92983 -1.69952 -2.41222 1.57 0
3 2 4 0.18 0.5 2.47273 8 5.7931 1 0 -1.62211 -1.74106 -1.87051 1.57 0
3 2 4 0.18 0.5 2.47273 9 5.79067 1 0 -1.5297 -1.34017 -1.87105 1.57 0
3 2 5 0.18 0.5 2.79091 0 5.90163 1 0 -2.33239 -0.934337 -1.83706 1.57 0
3 2 5 0.18 0.5 2.79091 1 5.88842 1 0 -2.39371 -1.02542 -2.39742 1.57 0
3 2 5 0.18 0.5 2.79091 2 5.86577 1 0 -2.66525 -1.28183 -2.41165 1.57 0
3 2 5 0.18 0.5 2.79091 3 5.79953 1 0 -1.57467 -1.34116 -2.10757 1.57 0
3 2 5 0.18 0.5 2.79091 4 5.69984 1 0 -2.36581 -1.83168 -1.81332 1.57 0
3 2 5 0.18 0.5 2.79091 5 5.37002 0.875 0 -2.76054 -0.975795 -2.44762 1.57 0
3 2 5 0.18 0.5 2.79091 6 5.33746 0.875 0 -1.75684 -1.34772 -2.3106 1.57 0
3 2 5 0.18 0.5 2.79091 7 5.29607 0.875 0 -1.6483 -1.16518 -2.28782 1.57 0
3 2 5 0.18 0.5 2.79091 8 5.25643 1 0 -1.56253 -0.339699 -2.03644 1.57 0
3 2 5 0.18 0.5 2.79091 9 5.21863 0.875 0 -1.63772 -2.00283 -1.73707 1.57 0
3 2 6 0.18 0.5 3.10909 0 5.87626 1 0 -2.65013 -1.38566 -2.0186 1.57 0
3 2 6 0.18 0.5 3.10909 1 5.17653 0.875 0 -2.16125 -2.13354 -1.42709 1.57 0
3 2 6 0.18 0.5 3.10909 2 5.12473 0.875 0 -3.06916 1.66283 -1.30607 1.57 0
3 2 6 0.18 0.5 3.10909 3 5.01319 0.875 0 -2.24012 0.539518 -2.34729 1.57 0
3 2 6 0.18 0.5 3.10909 4 4.97681 0.875 0 -2.21822 0.56401 -1.89179 1.57 0
3 2 6 0.18 0.5 3.10909 5 4.92651 0.75 0 -2.49035 -1.18457 -1.56353 1.57 0
3 2 6 0.18 0.5 3.10909 6 4.8903 0.75 0 -2.66801 -1.30703 -1.95352 1.57 0
3 2 6 0.18 0.5 3.10909 7 4.87452 0.75 0 -2.55405 -1.24759 -2.48588 1.57 0
3 2 6 0.18 0.5 3.10909 8 4.849 0.75 0 -1.98385 -0.927349 -2.03116 1.57 0
3 2 6 0.18 0.5 3.10909 9 4.83992 0.75 0 -2.55941 -1.49764 -2.36089 1.57 0
3 2 7 0.18 0.5 3.42727 0 4.86308 0.75 0 -2.53334 -0.752181 -2.13939 1.57 0
3 2 7 0.18 0.5 3.42727 1 4.35887 0.625 0 -2.38897 -1.58823 -1.97911 1.57 0
3 2 7 0.18 0.5 3.42727 2 4.35352 0.625 0 -2.68576 -0.781097 -2.43794 1.57 0
3 2 7 0.18 0.5 3.42727 3 4.26193 0.625 0 -2.30119 -1.48771 -2.22263 1.57 0
3 2 7 0.18 0.5 3.42727 4 4.20215 0.625 0 -2.71515 0.603636 -1.05685 1.57 0
3 2 7 0.18 0.5 3.42727 5 4.17375 0.75 0 -2.38019 0.0539317 -1.15402 1.57 0
3 2 7 0.18 0.5 3.42727 6 4.09103 0.625 0 -2.36209 -0.33903 -2.24247 1.57 0
3 2 7 0.18 0.5 3.42727 7 3.87993 0.5 0 -2.59473 -0.960371 -2.43661 1.57 0
3 2 7 0.18 0.5 3.42727 8 3.81566 0.5 0 -2.9834 -1.2969 -2.30486 1.57 0
3 2 7 0.18 0.5 3.42727 9 3.78347 0.5 0 -2.76695 0.763373 -2.14371 1.57 0
3 2 8 0.18 0.5 3.74545 0 3.65056 0.5 0 -2.73431 -2.04003 -1.17737 1.57 0
3 2 8 0.18 0.5 3.74545 1 3.42704 0.375 0 -2.6894 -1.13889 -1.31424 1.57 0
3 2 8 0.18 0.5 3.74545 2 3.39745 0.375 0 -2.80547 -1.38374 -1.2068 1.57 0
3 2 8 0.18 0.5 3.74545 3 3.37506 0.375 0 -2.6578 -0.995894 -1.69918 1.57 0
3 2 8 0.18 0.5 3.74545 4 3.36191 0.375 0 -3.17207 -1.18572 -1.13004 1.57 0
3 2 8 0.18 0.5 3.74545 5 3.33324 0.375 0 -3.66537 1.37911 -1.10125 1.57 0
3 2 8 0.18 0.5 3.74545 6 3.25976 0.375 0 -2.75744 -1.77867 -1.61841 1.57 0
3 2 8 0.18 0.5 3.74545 7 3.23808 0.375 0 -3.12028 -1.4122 -2.30811 1.57 0
3 2 8 0.18 0.5 3.74545 8 3.04148 0.375 0 -2.6772 -0.291625 -2.1929 1.57 0
3 2 8 0.18 0.5 3.74545 9 2.87685 0.25 0 -3.39428 1.12385 -1.6133 1.57 0
3 2 9 0.18 0.5 4.06364 0 3.28644 0.375 0 -3.07483 -1.32018 -2.27938 1.57 0
3 2 9 0.18 0.5 4.06364 1 3.22134 0.375 0 -3.26697 -1.55851 -1.07802 1.57 0
3 2 9 0.18 0.5 4.06364 2 3.17523 0.375 0 -3.03848 -1.74616 -1.65936 1.57 0
3 2 9 0.18 0.5 4.06364 3 3.15149 0.375 0 -3.62246 -0.815876 -1.84662 1.57 0
3 2 9 0.18 0.5 4.06364 4 2.87815 0.25 0 -2.99371 -0.799449 -1.46849 1.57 0
3 2 9 0.18 0.5 4.06364 5 2.84292 0.25 0 -2.96954 -1.48903 -1.25299 1.57 0
3 2 9 0.18 0.5 4.06364 6 2.81521 0.25 0 -3.34769 0.644762 -2.23188 1.57 0
3 2 9 0.18 0.5 4.06364 7 2.79899 0.25 0 -3.72752 1.36603 -1.36181 1.57 0
3 2 9 0.18 0.5 4.06364 8 2.78681 0.25 0 -2.81208 -1.75051 -1.26521 1.57 0
3 2 9 0.18 0.5 4.06364 9 2.77823 0.25 0 -3.33186 -0.85283 -2.0262 1.57 0
3 2 10 0.18 0.5 4.38182 0 2.8359 0.25 0 -3.03137 -1.50835 -1.00055 1.57 0
3 2 10 0.18 0.5 4.38182 1 2.81425 0.25 0 -3.09305 -1.13124 -2.3464 1.57 0
3 2 10 0.18 0.5 4.38182 2 2.7977 0.25 0 -2.71124 -1.4758 -1.08733 1.57 0
3 2 10 0.18 0.5 4.38182 3 2.47004 0.25 0 -3.7856 -0.610209 -2.4967 1.57 0
3 2 10 0.18 0.5 4.38182 4 2.35758 0.125 0 -3.15821 -0.887564 -1.57769 1.57 0
3 2 10 0.18 0.5 4.38182 5 2.33995 0.125 0 -3.24844 -0.896538 -1.48962 1.57 0
3 2 10 0.18 0.5 4.38182 6 2.31977 0.125 0 -3.28402 -0.928886 -1.66414 1.57 0
3 2 10 0.18 0.5 4.38182 7 2.28718 0.125 0 -2.45592 -1.72515 -1.66563 1.57 0
3 2 10 0.18 0.5 4.38182 8 2.28401 0.125 0 -3.13325 -1.29497 -2.15194 1.57 0
3 2 10 0.18 0.5 4.38182 9 2.28112 0.125 0 -2.45433 -1.72755 -1.49715 1.57 0
3 2 11 0.18 0.5 4.7 0 2.32004 0.125 0 -3.31718 -1.05137 -1.35392 1.57 0
3 2 11 0.18 0.5 4.7 1 2.31539 0.125 0 -3.00088 -1.3817 -1.28913 1.57 0
3 2 11 0.18 0.5 4.7 2 2.27774 0.125 0 -3.13725 -1.54919 -1.16708 1.57 0
3 2 11 0.18 0.5 4.7 3 2.24563 0.125 0 -3.12129 -1.46278 -2.00561 1.57 0
3 2 11 0.18 0.5 4.7 4 2.15234 0.125 0 -3.13834 -1.76978 -1.29007 1.57 0
3 2 11 0.18 0.5 4.7 5 2.1403 0.125 0 -2.89568 -1.98596 -1.09238 1.57 0
3 2 11 0.18 0.5 4.7 6 2.13358 0.125 0 -3.58335 -0.5058 -1.6647 1.57 0
3 2 11 0.18 0.5 4.7 7 2.1306 0.125 0 -3.57214 -0.863532 -2.37121 1.57 0
3 2 11 0.18 0.5 4.7 8 2.12193 0.125 0 -3.55066 -1.2691 -1.50472 1.57 0
3 2 11 0.18 0.5 4.7 9 2.08254 0.125 0 -3.76253 -0.997383 -1.15124 1.57 0
3 3 1 0.18 0.55 1.51818 0 5.94691 1 0 -0.681804 1.01289 -1.5167 1.57 0
3 3 1 0.18 0.55 1.51818 1 5.93569 1 0 -0.738235 1.06849 -2.26158 1.57 0
3 3 1 0.18 0.55 1.51818 2 5.92643 1 0 0.286837 -1.14599 -1.58802 1.57 0
3 3 1 0.18 0.55 1.51818 3 5.91626 1 0 -0.710878 1.34742 -1.26862 1.57 0
3 3 1 0.18 0.55 1.51818 4 5.8812 1 0 0.300631 -1.50289 -1.38943 1.57 0
3 3 1 0.18 0.55 1.51818 5 5.87712 1 0 0.395104 -1.2543 -2.35252 1.57 0
3 3 1 0.18 0.55 1.51818 6 5.82109 1 0 -0.131792 -0.728928 -2.27095 1.57 0
3 3 1 0.18 0.55 1.51818 7 5.8198 1 0 -0.0937438 -0.65336 -2.18085 1.57 0
3 3 1 0.18 0.55 1.51818 8 5.8133 1 0 0.514638 -1.55602 -2.37749 1.57 0
3 3 1 0.18 0.55 1.51818 9 5.79342 1 0 -0.0737449 -1.2154 -2.4851 1.57 0
3 3 2 0.18 0.55 1.83636 0 5.90676 1 0 -1.17847 1.35731 -1.11911 1.57 0
3 3 2 0.18 0.55 1.83636 1 5.89888 1 0 -0.97608 0.970578 -2.12797 1.57 0
3 3 2 0.18 0.55 1.83636 2 5.88723 1 0 -1.3026 1.38251 -1.178 1.57 0
3 3 2 0.18 0.55 1.83636 3 5.85784 1 0 -1.21887 1.70353 -2.15332 1.57 0
3 3 2 0.18 0.55 1.83636 4 5.82215 1 0 -0.74412 0.575091 -1.42557 1.57 0
3 3 2 0.18 0.55 1.83636 5 5.82211 1 0 -0.883009 0.619698 -1.19299 1.57 0
3 3 2 0.18 0.55 1.83636 6 5.82105 1 0 -1.44248 1.74538 -1.52668 1.57 0
3 3 2 0.18 0.55 1.83636 7 5.79167 1 0 -0.216311 -0.543191 -1.59925 1.57 0
3 3 2 0.18 0.55 1.83636 8 5.79048 1 0 -0.651315 0.50703 -1.68482 1.57 0
3 3 2 0.18 0.55 1.83636 9 5.72529 1 0 -0.300413 -0.564363 -2.41664 1.57 0
3 3 3 0.18 0.55 2.15455 0 5.33971 0.875 0 -1.29399 1.18182 -2.45442 1.57 0
3 3 3 0.18 0.55 2.15455 1 5.32567 0.875 0 -1.70063 -1.54868 -2.12148 1.57 0
3 3 3 0.18 0.55 2.15455 2 5.32252 0.875 0 -1.55922 1.45077 -1.41125 1.57 0
3 3 3 0.18 0.55 2.15455 3 5.31346 0.875 0 -1.45077 1.14944 -1.85157 1.57 0
3 3 3 0.18 0.55 2.15455 4 5.30332 0.875 0 -1.4773 1.06152 -1.1541 1.57 0
3 3 3 0.18 0.55 2.15455 5 5.28742 0.875 0 -1.47279 1.18802 -2.23243 1.57 0
3 3 3 0.18 0.55 2.15455 6 5.24203 0.875 0 -1.40091 0.992027 -2.44644 1.57 0
3 3 3 0.18 0.55 2.15455 7 5.23042 0.875 0 -1.08647 0.633801 -2.20671 1.57 0
3 3 3 0.18 0.55 2.15455 8 5.22453 0.875 0 0.223302 -1.76976 -1.49793 1.57 0
3 3 3 0.18 0.55 2.15455 9 5.21792 0.875 0 -1.74325 1.78777 -2.04376 1.57 0
3 3 4 0.18 0.55 2.47273 0 5.85596 1 0 -1.87387 -1.06251 -1.90489 1.57 0
3 3 4 0.18 0.55 2.47273 1 5.80685 1 0 -1.5749 -1.6375 -1.693 1.57 0
3 3 4 0.18 0.55 2.47273 2 5.78101 1 0 -1.54254 -1.45013 -2.33152 1.57 0
3 3 4 0.18 0.55 2.47273 3 5.75006 1 0 -1.45536 -1.33946 -2.19207 1.57 0
3 3 4 0.18 0.55 2.47273 4 5.73647 1 0 -1.54045 -1.7986 -2.26347 1.57 0
3 3 4 0.18 0.55 2.47273 5 5.71388 1 0 -1.44644 -1.16815 -1.91019 1.57 0
3 3 4 0.18 0.55 2.47273 6 5.70008 1 0 -1.80913 -1.93656 -2.46738 1.57 0
3 3 4 0.18 0.55 2.47273 7 5.67153 1 0 -1.31613 -1.78228 -2.33966 1.57 0
3 3 4 0.18 0.55 2.47273 8 5.64855 1 0 -1.25548 -1.84484 -2.1906 1.57 0
3 3 4 0.18 0.55 2.47273 9 5.63935 1 0 -1.23894 -1.94789 -1.84635 1.57 0
3 3 5 0.18 0.55 2.79091 0 5.90925 1 0 -2.30433 -1.2543 -1.97514 1.57 0
3 3 5 0.18 0.55 2.79091 1 5.87285 1 0 -2.00481 -1.26998 -2.36273 1.57 0
3 3 5 0.18 0.55 2.79091 2 5.87262 1 0 -2.12315 -1.3508 -2.43602 1.57 0
3 3 5 0.18 0.55 2.79091 3 5.85995 1 0 -1.94933 -1.72751 -1.17135 1.57 0
3 3 5 0.18 0.55 2.79091 4 5.84799 1 0 -1.76451 -1.17697 -1.81457 1.57 0
3 3 5 0.18 0.55 2.79091 5 5.84689 1 0 -2.04662 -0.884586 -2.14873 1.57 0
3 3 5 0.18 0.55 2.79091 6 5.83453 1 0 -1.64515 -1.34863 -1.59808 1.57 0
3 3 5 0.18 0.55 2.79091 7 5.82544 1 0 -2.28287 -1.59954 -2.48767 1.57 0
3 3 5 0.18 0.55 2.79091 8 5.77037 1 0 -1.59066 -1.75829 -2.08412 1.57 0
3 3 5 0.18 0.55 2.79091 9 5.76529 1 0 -1.49014 -1.62941 -2.15446 1.57 0
3 3 6 0.18 0.55 3.10909 0 5.56296 1 0 -2.41147 0.698203 -1.22809 1.57 0
3 3 6 0.18 0.55 3.10909 1 5.12443 0.875 0 -2.64015 -0.344251 -2.40751 1.57 0
3 3 6 0.18 0.55 3.10909 2 5.11455 0.875 0 -2.6409 1.26132 -1.79797 1.57 0
3 3 6 0.18 0.55 3.10909 3 4.95849 0.875 0 -1.97653 -0.317275 -1.99885 1.57 0
3 3 6 0.18 0.55 3.10909 4 4.90918 0.75 0 -2.4468 -1.40387 -1.60716 1.57 0
3 3 6 0.18 0.55 3.10909 5 4.86372 0.75 0 -1.99211 -1.72795 -1.12947 1.57 0
3 3 6 0.18 0.55 3.10909 6 4.84578 0.75 0 -2.80969 -1.32966 -2.29573 1.57 0
3 3 6 0.18 0.55 3.10909 7 4.83196 0.875 0 -2.09649 0.39824 -1.29919 1.57 0
3 3 6 0.18 0.55 3.10909 8 4.77682 0.75 0 -2.46405 -0.5622 -2.32082 1.57 0
3 3 6 0.18 0.55 3.10909 9 4.54533 0.75 0 -2.28005 0.736751 -2.38673 1.57 0
3 3 7 0.18 0.55 3.42727 0 4.87362 0.75 0 -2.73284 -1.06728 -2.44351 1.57 0
3 3 7 0.18 0.55 3.42727 1 4.83671 0.75 0 -3.20038 1.1743 -1.00036 1.57 0
3 3 7 0.18 0.55 3.42727 2 3.99671 0.625 0 -2.71326 -0.227925 -2.26384 1.57 0
3 3 7 0.18 0.55 3.42727 3 3.91162 0.5 0 -2.43503 -1.45956 -1.33024 1.57 0
3 3 7 0.18 0.55 3.42727 4 3.90615 0.5 0 -2.24579 -1.14355 -2.03759 1.57 0
3 3 7 0.18 0.55 3.42727 5 3.89956 0.5 0 -2.72217 -1.24175 -1.8164 1.57 0
3 3 7 0.18 0.55 3.42727 6 3.89712 0.5 0 -2.30309 -1.61292 -1.00851 1.57 0
3 3 7 0.18 0.55 3.42727 7 3.88597 0.5 0 -2.33159 -1.55175 -1.69318 1.57 0
3 3 7 0.18 0.55 3.42727 8 3.87177 0.5 0 -2.79406 -1.1634 -2.28005 1.57 0
3 3 7 0.18 0.55 3.42727 9 3.87084 0.5 0 -2.94422 -1.0883 -2.03109 1.57 0
3 3 8 0.18 0.55 3.74545 0 3.8302 0.5 0 -3.00894 -0.726018 -2.18282 1.57 0
3 3 8 0.18 0.55 3.74545 1 3.40659 0.375 0 -2.61092 -1.37927 -1.50893 1.57 0
3 3 8 0.18 0.55 3.74545 2 3.40458 0.375 0 -2.57679 -1.33854 -1.7443 1.57 0
3 3 8 0.18 0.55 3.74545 3 3.36935 0.375 0 -2.89436 -1.36935 -1.57848 1.57 0
3 3 8 0.18 0.55 3.74545 4 3.36579 0.375 0 -2.76945 -0.881686 -2.39967 1.57 0
3 3 8 0.18 0.55 3.74545 5 3.34927 0.375 0 -2.57022 -1.64213 -1.60934 1.57 0
3 3 8 0.18 0.55 3.74545 6 3.3469 0.375 0 -3.13347 0.791009 -1.3625 1.57 0
3 3 8 0.18 0.55 3.74545 7 3.32139 0.375 0 -2.92251 -0.606492 -1.83256 1.57 0
3 3 8 0.18 0.55 3.74545 8 3.31612 0.375 0 -3.13376 0.635558 -2.09161 1.57 0
3 3 8 0.18 0.55 3.74545 9 3.31373 0.375 0 -3.62768 1.4887 -1.14907 1.57 0
3 3 9 0.18 0.55 4.06364 0 2.91789 0.25 0 -2.82409 -1.16232 -1.23433 1.57 0
3 3 9 0.18 0.55 4.06364 1 2.8956 0.25 0 -2.48404 -1.55684 -1.24304 1.57 0
3 3 9 0.18 0.55 4.06364 2 2.87239 0.25 0 -2.71813 -1.09758 -2.47215 1.57 0
3 3 9 0.18 0.55 4.06364 3 2.8707 0.25 0 -2.82676 -0.688714 -1.15685 1.57 0
3 3 9 0.18 0.55 4.06364 4 2.85395 0.25 0 -2.9089 -0.90927 -2.4006 1.57 0
3 3 9 0.18 0.55 4.06364 5 2.83341 0.25 0 -2.72093 -1.65536 -1.42298 1.57 0
3 3 9 0.18 0.55 4.06364 6 2.83188 0.25 0 -2.99991 -1.34961 -1.87025 1.57 0
3 3 9 0.18 0.55 4.06364 7 2.7655 0.25 0 -3.32876 -1.29966 -1.36235 1.57 0
3 3 9 0.18 0.55 4.06364 8 2.76209 0.25 0 -3.3745 0.539893 -2.37479 1.57 0
3 3 9 0.18 0.55 4.06364 9 2.71152 0.25 0 -3.72469 1.63163 -2.44355 1.57 0
3 3 10 0.18 0.55 4.38182 0 3.28971 0.375 0 -3.79043 0.786672 -2.26248 1.57 0
3 3 10 0.18 0.55 4.38182 1 3.21556 0.375 0 -3.41229 -0.682658 -2.23492 1.57 0
3 3 10 0.18 0.55 4.38182 2 3.20908 0.375 0 -2.62459 -1.9943 -1.19668 1.57 0
3 3 10 0.18 0.55 4.38182 3 3.10584 0.375 0 -2.99162 -1.97319 -1.11256 1.57 0
3 3 10 0.18 0.55 4.38182 4 2.9191 0.25 0 -2.86958 -1.14421 -1.04079 1.57 0
3 3 10 0.18 0.55 4.38182 5 2.90155 0.25 0 -2.75762 -1.31678 -1.50067 1.57 0
3 3 10 0.18 0.55 4.38182 6 2.85604 0.25 0 -3.19744 -0.803262 -1.20719 1.57 0
3 3 10 0.18 0.55 4.38182 7 2.85243 0.25 0 -3.20286 -1.20012 -1.10649 1.57 0
3 3 10 0.18 0.55 4.38182 8 2.78076 0.25 0 -3.44433 -0.933815 -1.31729 1.57 0
3 3 10 0.18 0.55 4.38182 9 2.75288 0.25 0 -2.32236 -1.97241 -1.47238 1.57 0
3 3 11 0.18 0.55 4.7 0 2.34524 0.125 0 -3.12139 -1.13074 -1.80225 1.57 0
3 3 11 0.18 0.55 4.7 1 2.31416 0.125 0 -2.8751 -1.68425 -1.0249 1.57 0
3 3 11 0.18 0.55 4.7 2 2.30687 0.125 0 -3.3114 -1.16285 -1.35171 1.57 0
3 3 11 0.18 0.55 4.7 3 2.30499 0.125 0 -3.35258 -1.1907 -1.01878 1.57 0
3 3 11 0.18 0.55 4.7 4 2.29746 0.125 0 -3.41252 -0.824083 -1.20815 1.57 0
3 3 11 0.18 0.55 4.7 5 2.22241 0.125 0 -3.37513 -0.964436 -2.44603 1.57 0
3 3 11 0.18 0.55 4.7 6 2.19099 0.125 0 -2.81814 -1.95773 -1.04661 1.57 0
3 3 11 0.18 0.55 4.7 7 2.17517 0.125 0 -3.47012 -1.02589 -2.29935 1.57 0
3 3 11 0.18 0.55 4.7 8 2.11141 0.125 0 -3.66867 -0.6673 -1.92455 1.57 0
3 3 11 0.18 0.55 4.7 9 2.04526 0.125 0 -3.65451 -1.21321 -1.58683 1.57 0
3 4 2 0.18 0.6 1.83636 0 5.91434 1 0 -0.872682 1.01966 -2.3253 1.57 0
3 4 2 0.18 0.6 1.83636 1 5.91412 1 0 -0.904388 0.906591 -1.10462 1.57 0
3 4 2 0.18 0.6 1.83636 2 5.91329 1 0 -1.15625 1.3392 -1.5109 1.57 0
3 4 2 0.18 0.6 1.83636 3 5.90608 1 0 0.192327 -1.22037 -1.72908 1.57 0
3 4 2 0.18 0.6 1.83636 4 5.89888 1 0 0.152399 -1.27273 -1.63824 1.57 0
3 4 2 0.18 0.6 1.83636 5 5.89842 1 0 0.104562 -1.17331 -1.78121 1.57 0
3 4 2 0.18 0.6 1.83636 6 5.89583 1 0 0.0154626 -1.2377 -1.39699 1.57 0
3 4 2 0.18 0.6 1.83636 7 5.873 1 0 -0.916688 1.3347 -2.16689 1.57 0
3 4 2 0.18 0.6 1.83636 8 5.86711 1 0 -0.074809 -1.24571 -1.47135 1.57 0
3 4 2 0.18 0.6 1.83636 9 5.83724 1 0 -1.34744 1.6412 -2.40348 1.57 0
3 4 3 0.18 0.6 2.15455 0 5.28008 0.875 0 0.128518 -1.57037 -1.44648 1.57 0
3 4 3 0.18 0.6 2.15455 1 5.27639 0.875 0 -1.30409 0.816296 -1.59397 1.57 0
3 4 3 0.18 0.6 2.15455 2 5.26238 0.875 0 -1.34023 0.950033 -2.3886 1.57 0
3 4 3 0.18 0.6 2.15455 3 5.24976 0.875 0 -1.53543 1.25507 -2.47894 1.57 0
3 4 3 0.18 0.6 2.15455 4 5.22088 0.875 0 -0.386687 -1.05356 -2.12851 1.57 0
3 4 3 0.18 0.6 2.15455 5 5.21784 0.875 0 -0.347787 -1.04323 -2.41313 1.57 0
3 4 3 0.18 0.6 2.15455 6 5.21265 0.875 0 -0.518254 -0.704678 -1.86895 1.57 0
3 4 3 0.18 0.6 2.15455 7 5.1713 0.875 0 0.212533 -1.90649 -1.46145 1.57 0
3 4 3 0.18 0.6 2.15455 8 5.1243 0.875 0 -0.556837 -0.585083 -2.46842 1.57 0
3 4 3 0.18 0.6 2.15455 9 5.11266 0.875 0 -0.0375862 -1.81208 -1.54529 1.57 0
3 4 4 0.18 0.6 2.47273 0 5.87108 1 0 -1.99646 -1.1339 -2.31359 1.57 0
3 4 4 0.18 0.6 2.47273 1 5.86424 1 0 -1.8506 -1.19136 -2.01725 1.57 0
3 4 4 0.18 0.6 2.47273 2 5.84783 1 0 -1.84255 -1.07342 -2.00511 1.57 0
3 4 4 0.18 0.6 2.47273 3 5.82136 1 0 -2.09203 -0.807991 -2.42354 1.57 0
3 4 4 0.18 0.6 2.47273 4 5.78346 1 0 -1.72117 -1.80698 -1.99727 1.57 0
3 4 4 0.18 0.6 2.47273 5 5.77845 1 0 -1.47048 -1.43482 -1.64168 1.57 0
3 4 4 0.18 0.6 2.47273 6 5.77677 1 0 -1.71735 -0.995931 -2.41126 1.57 0
3 4 4 0.18 0.6 2.47273 7 5.76464 1 0 -1.43849 -1.44297 -1.54447 1.57 0
3 4 4 0.18 0.6 2.47273 8 5.74524 1 0 -1.60793 -1.73782 -2.49849 1.57 0
3 4 4 0.18 0.6 2.47273 9 5.73748 1 0 -1.4387 -1.59165 -2.37772 1.57 0
3 4 5 0.18 0.6 2.79091 0 5.89874 1 0 -2.37449 -1.10028 -2.25686 1.57 0
3 4 5 0.18 0.6 2.79091 1 5.82366 1 0 -1.67654 -1.44447 -2.21897 1.57 0
3 4 5 0.18 0.6 2.79091 2 5.80231 1 0 -1.64794 -1.76983 -1.61912 1.57 0
3 4 5 0.18 0.6 2.79091 3 5.79747 1 0 -1.61354 -1.7761 -1.52114 1.57 0
3 4 5 0.18 0.6 2.79091 4 5.77269 1 0 -1.60327 -1.89274 -1.12607 1.57 0
3 4 5 0.18 0.6 2.79091 5 5.73465 1 0 -1.83764 -1.99098 -1.82414 1.57 0
3 4 5 0.18 0.6 2.79091 6 5.59121 1 0 -1.44056 -2.1769 -1.86877 1.57 0
3 4 5 0.18 0.6 2.79091 7 5.59086 1 0 -1.14512 -2.0328 -1.45258 1.57 0
3 4 5 0.18 0.6 2.79091 8 5.57653 1 0 -1.07944 -1.75265 -2.14284 1.57 0
3 4 5 0.18 0.6 2.79091 9 5.57142 1 0 -1.09789 -1.9214 -2.11302 1.57 0
3 4 6 0.18 0.6 3.10909 0 5.32885 0.875 0 -2.65627 -0.657929 -2.28858 1.57 0
3 4 6 0.18 0.6 3.10909 1 5.25577 0.875 0 -1.50003 -1.76529 -1.98134 1.57 0
3 4 6 0.18 0.6 3.10909 2 4.86062 0.75 0 -2.13914 -0.923348 -2.36447 1.57 0
3 4 6 0.18 0.6 3.10909 3 4.82148 0.75 0 -1.58734 -1.51921 -1.53695 1.57 0
3 4 6 0.18 0.6 3.10909 4 4.8192 0.75 0 -1.58279 -1.42942 -1.42818 1.57 0
3 4 6 0.18 0.6 3.10909 5 4.80675 0.75 0 -2.8011 -1.47833 -2.35303 1.57 0
3 4 6 0.18 0.6 3.10909 6 4.69561 0.75 0 -1.29174 -1.64481 -1.17932 1.57 0
3 4 6 0.18 0.6 3.10909 7 4.69424 0.75 0 -1.29078 -1.82325 -1.42526 1.57 0
3 4 6 0.18 0.6 3.10909 8 4.61708 0.75 0 -1.21046 -2.01916 -1.1055 1.57 0
3 4 6 0.18 0.6 3.10909 9 4.60289 0.75 0 -2.93608 1.60004 -1.50078 1.57 0
3 4 7 0.18 0.6 3.42727 0 3.92317 0.5 0 -2.67173 -1.0625 -1.49317 1.57 0
3 4 7 0.18 0.6 3.42727 1 3.91005 0.5 0 -2.19446 -1.32133 -1.81089 1.57 0
3 4 7 0.18 0.6 3.42727 2 3.82919 0.5 0 -1.77356 -1.74774 -1.52332 1.57 0
3 4 7 0.18 0.6 3.42727 3 3.81281 0.5 0 -3.28959 1.53165 -2.49497 1.57 0
3 4 7 0.18 0.6 3.42727 4 3.81126 0.5 0 -2.23969 -1.76659 -2.00946 1.57 0
3 4 7 0.18 0.6 3.42727 5 3.78603 0.5 0 -2.96372 -0.614568 -2.47859 1.57 0
3 4 7 0.18 0.6 3.42727 6 3.73868 0.5 0 -2.71818 0.697604 -1.42149 1.57 0
3 4 7 0.18 0.6 3.42727 7 3.69997 0.5 0 -3.15266 1.71249 -2.10943 1.57 0
3 4 7 0.18 0.6 3.42727 8 3.4077 0.375 0 -2.57482 -0.974443 -1.91623 1.57 0
3 4 7 0.18 0.6 3.42727 9 3.40417 0.375 0 -2.31326 -1.32196 -1.99219 1.57 0
3 4 8 0.18 0.6 3.74545 0 3.41768 0.375 0 -2.58414 -1.3889 -1.20216 1.57 0
3 4 8 0.18 0.6 3.74545 1 3.39714 0.375 0 -2.37031 -1.33133 -2.10255 1.57 0
3 4 8 0.18 0.6 3.74545 2 3.37842 0.375 0 -3.39356 1.07372 -2.18474 1.57 0
3 4 8 0.18 0.6 3.74545 3 3.31683 0.375 0 -3.00454 -1.29843 -2.21637 1.57 0
3 4 8 0.18 0.6 3.74545 4 3.31481 0.375 0 -2.12708 -1.86305 -1.46939 1.57 0
3 4 8 0.18 0.6 3.74545 5 2.93378 0.25 0 -2.54638 -1.1984 -1.20349 1.57 0
3 4 8 0.18 0.6 3.74545 6 2.9154 0.25 0 -2.47024 -1.43862 -1.26322 1.57 0
3 4 8 0.18 0.6 3.74545 7 2.90124 0.25 0 -2.02964 -1.51135 -1.15434 1.57 0
3 4 8 0.18 0.6 3.74545 8 2.89228 0.25 0 -2.83032 -0.908304 -1.85004 1.57 0
3 4 8 0.18 0.6 3.74545 9 2.87744 0.25 0 -2.04717 -1.51625 -1.95326 1.57 0
3 4 9 0.18 0.6 4.06364 0 3.30433 0.375 0 -3.19589 -1.03567 -2.22324 1.57 0
3 4 9 0.18 0.6 4.06364 1 2.93149 0.25 0 -2.69614 -1.07195 -1.0634 1.57 0
3 4 9 0.18 0.6 4.06364 2 2.9301 0.25 0 -2.57825 -1.04471 -1.28991 1.57 0
3 4 9 0.18 0.6 4.06364 3 2.87952 0.25 0 -2.97721 -1.13538 -1.72186 1.57 0
3 4 9 0.18 0.6 4.06364 4 2.87721 0.25 0 -2.63422 -1.36633 -2.0832 1.57 0
3 4 9 0.18 0.6 4.06364 5 2.86766 0.25 0 -2.85705 -1.16869 -2.20648 1.57 0
3 4 9 0.18 0.6 4.06364 6 2.86404 0.25 0 -3.65647 1.04984 -1.50103 1.57 0
3 4 9 0.18 0.6 4.06364 7 2.85016 0.25 0 -3.75189 1.17805 -1.93764 1.57 0
3 4 9 0.18 0.6 4.06364 8 2.84772 0.25 0 -2.48314 -1.7155 -1.40507 1.57 0
3 4 9 0.18 0.6 4.06364 9 2.84706 0.25 0 -2.30006 -1.65507 -1.96577 1.57 0
3 4 10 0.18 0.6 4.38182 0 3.35293 0.375 0 -3.04139 -0.918408 -2.10159 1.57 0
3 4 10 0.18 0.6 4.38182 1 3.27259 0.375 0 -3.19389 -0.566853 -1.81941 1.57 0
3 4 10 0.18 0.6 4.38182 2 3.26866 0.375 0 -3.5816 0.578568 -1.95772 1.57 0
3 4 10 0.18 0.6 4.38182 3 2.91191 0.25 0 -2.87937 -1.09571 -1.33553 1.57 0
3 4 10 0.18 0.6 4.38182 4 2.8982 0.25 0 -3.04837 -1.07713 -1.06966 1.57 0
3 4 10 0.18 0.6 4.38182 5 2.8847 0.25 0 -2.84932 -0.995833 -1.51904 1.57 0
3 4 10 0.18 0.6 4.38182 6 2.8673 0.25 0 -3.12382 -0.919937 -1.55251 1.57 0
3 4 10 0.18 0.6 4.38182 7 2.78975 0.25 0 -3.16564 -1.36668 -1.68999 1.57 0
3 4 10 0.18 0.6 4.38182 8 2.78092 0.25 0 -3.23702 -1.05408 -2.31524 1.57 0
3 4 10 0.18 0.6 4.38182 9 2.77408 0.25 0 -2.9274 -1.55326 -2.04812 1.57 0
3 4 11 0.18 0.6 4.7 0 2.37907 0.125 0 -3.09749 -1.1606 -1.21022 1.57 0
3 4 11 0.18 0.6 4.7 1 2.31035 0.125 0 -3.35192 -1.09289 -1.21186 1.57 0
3 4 11 0.18 0.6 4.7 2 2.28309 0.125 0 -2.47071 -1.69258 -1.22687 1.57 0
3 4 11 0.18 0.6 4.7 3 2.26431 0.125 0 -3.45917 -0.773123 -1.43074 1.57 0
3 4 11 0.18 0.6 4.7 4 2.23497 0.125 0 -3.56874 -0.765702 -1.07444 1.57 0
3 4 11 0.18 0.6 4.7 5 2.17304 0.125 0 -3.20982 -1.57092 -1.79522 1.57 0
3 4 11 0.18 0.6 4.7 6 2.15357 0.125 0 -3.65259 -0.994536 -1.3456 1.57 0
3 4 11 0.18 0.6 4.7 7 2.0437 0.125 0 -3.69367 -0.482766 -2.0232 1.57 0
3 4 11 0.18 0.6 4.7 8 2.02187 0.125 0 -3.36501 -1.6232 -1.8565 1.57 0
3 4 11 0.18 0.6 4.7 9 1.90525 0.125 0 -3.63752 -0.240373 -1.93368 1.57 0
4 0 0 0.24 0.4 1.2 0 5.93253 1 0 0.433436 -0.985875 -1.30879 1.57 0
4 0 0 0.24 0.4 1.2 1 5.906 1 0 -0.783861 1.55624 -1.30636 1.57 0
4 0 0 0.24 0.4 1.2 2 5.90437 1 0 -0.678676 1.59298 -2.22953 1.57 0
4 0 0 0.24 0.4 1.2 3 5.90117 1 0 0.423464 -1.24485 -1.98556 1.57 0
4 0 0 0.24 0.4 1.2 4 5.89962 1 0 0.313878 -1.31701 -1.77858 1.57 0
4 0 0 0.24 0.4 1.2 5 5.89836 1 0 0.550565 -1.31375 -1.82056 1.57 0
4 0 0 0.24 0.4 1.2 6 5.87527 1 0 -0.230929 0.62982 -1.8787 1.57 0
4 0 0 0.24 0.4 1.2 7 5.86603 1 0 -0.986318 1.74277 -1.58866 1.57 0
4 0 0 0.24 0.4 1.2 8 5.8642 1 0 0.119553 -1.14057 -2.38112 1.57 0
4 0 0 0.24 0.4 1.2 9 5.81386 1 0 0.117499 -0.596819 -2.40752 1.57 0
4 0 1 0.24 0.4 1.51818 0 5.93675 1 0 -0.859641 1.33805 -1.95647 1.57 0
4 0 1 0.24 0.4 1.51818 1 5.93318 1 0 -0.838067 1.23555 -2.3016 1.57 0
4 0 1 0.24 0.4 1.51818 2 5.90053 1 0 -0.512222 0.73335 -2.02443 1.57 0
4 0 1 0.24 0.4 1.51818 3 5.88361 1 0 -1.13551 1.60171 -2.21413 1.57 0
4 0 1 0.24 0.4 1.51818 4 5.88069 1 0 -1.28661 1.52659 -1.30231 1.57 0
4 0 1 0.24 0.4 1.51818 5 5.84962 1 0 -1.2498 1.69599 -1.10143 1.57 0
4 0 1 0.24 0.4 1.51818 6 5.48528 1 0 -1.03721 -1.46538 -2.37876 1.57 0
4 0 1 0.24 0.4 1.51818 7 5.42604 0.875 0 -1.00148 1.39678 -1.72447 1.57 0
4 0 1 0.24 0.4 1.51818 8 5.40929 1 0 -0.1613 -1.87118 -2.00027 1.57 0
4 0 1 0.24 0.4 1.51818 9 5.40728 0.875 0 -0.528676 0.744531 -1.80875 1.57 0
4 0 2 0.24 0.4 1.83636 0 5.38866 0.875 0 -1.05392 0.8994 -1.10087 1.57 0
4 0 2 0.24 0.4 1.83636 1 5.37874 0.875 0 -1.28944 1.30566 -2.00392 1.57 0
4 0 2 0.24 0.4 1.83636 2 5.37874 0.875 0 -1.31472 1.18545 -1.20874 1.57 0
4 0 2 0.24 0.4 1.83636 3 5.37388 0.875 0 -1.36382 1.35847 -1.60325 1.57 0
4 0 2 0.24 0.4 1.83636 4 5.34995 0.875 0 -1.40053 1.52695 -2.05473 1.57 0
4 0 2 0.24 0.4 1.83636 5 5.30516 0.875 0 -0.89488 0.655931 -2.21262 1.57 0
4 0 2 0.24 0.4 1.83636 6 5.20892 0.875 0 -0.47963 -0.937994 -1.96562 1.57 0
4 0 2 0.24 0.4 1.83636 7 5.17277 0.875 0 -1.89719 1.76091 -1.16091 1.57 0
4 0 2 0.24 0.4 1.83636 8 5.16276 0.875 0 -1.22528 -1.55347 -1.90777 1.57 0
4 0 2 0.24 0.4 1.83636 9 5.11811 0.875 0 -1.13517 -1.75659 -1.93799 1.57 0
4 0 3 0.24 0.4 2.15455 0 5.83522 1 0 -1.80814 -1.06848 -2.096 1.57 0
4 0 3 0.24 0.4 2.15455 1 5.82648 1 0 -1.62005 -1.42477 -1.82621 1.57 0
4 0 3 0.24 0.4 2.15455 2 5.77746 1 0 -1.66218 -1.02617 -2.0243 1.57 0
4 0 3 0.24 0.4 2.15455 3 5.75972 1 0 -2.17078 -0.618183 -2.4047 1.57 0
4 0 3 0.24 0.4 2.15455 4 5.74402 1 0 -1.49396 -1.23568 -2.34763 1.57 0
4 0 3 0.24 0.4 2.15455 5 5.74356 1 0 -1.50781 -1.24964 -2.49919 1.57 0
4 0 3 0.24 0.4 2.15455 6 5.73621 1 0 -1.72673 1.32477 -1.41026 1.57 0
4 0 3 0.24 0.4 2.15455 7 5.72951 1 0 -1.79778 1.57519 -1.19064 1.57 0
4 0 3 0.24 0.4 2.15455 8 5.70957 1 0 -1.80131 1.52378 -1.74886 1.57 0
4 0 3 0.24 0.4 2.15455 9 5.69983 1 0 -1.38138 -1.25495 -1.98305 1.57 0
4 0 4 0.24 0.4 2.47273 0 5.8966 1 0 -2.03891 -1.36266 -1.86474 1.57 0
4 0 4 0.24 0.4 2.47273 1 5.87373 1 0 -2.70371 -1.08964 -2.47627 1.57 0
4 0 4 0.24 0.4 2.47273 2 5.84958 1 0 -2.13908 -1.58769 -2.23955 1.57 0
4 0 4 0.24 0.4 2.47273 3 5.84686 1 0 -1.75621 -1.66403 -1.34319 1.57 0
4 0 4 0.24 0.4 2.47273 4 5.84062 1 0 -1.72614 -1.41454 -2.11349 1.57 0
4 0 4 0.24 0.4 2.47273 5 5.83735 1 0 -1.75294 -1.72811 -1.13915 1.57 0
4 0 4 0.24 0.4 2.47273 6 5.83693 1 0 -2.36183 -0.689731 -2.01497 1.57 0
4 0 4 0.24 0.4 2.47273 7 5.82219 1 0 -1.99078 -1.83213 -1.52873 1.57 0
4 0 4 0.24 0.4 2.47273 8 5.81787 1 0 -2.0685 -1.81359 -1.73855 1.57 0
4 0 4 0.24 0.4 2.47273 9 5.79407 1 0 -1.50175 -1.56201 -1.39722 1.57 0
4 0 5 0.24 0.4 2.79091 0 5.91882 1 0 -2.28004 -1.0928 -1.66261 1.57 0
4 0 5 0.24 0.4 2.79091 1 5.41954 0.875 0 -2.45526 -1.05746 -1.7462 1.57 0
4 0 5 0.24 0.4 2.79091 2 5.39782 0.875 0 -2.07378 -1.34826 -1.91255 1.57 0
4 0 5 0.24 0.4 2.79091 3 5.38442 0.875 0 -1.93957 -1.44478 -1.79243 1.57 0
4 0 5 0.24 0.4 2.79091 4 5.18537 0.875 0 -1.97696 -0.572738 -2.18127 1.57 0
4 0 5 0.24 0.4 2.79091 5 4.91669 0.75 0 -2.31788 -1.19965 -1.84314 1.57 0
4 0 5 0.24 0.4 2.79091 6 4.86811 0.75 0 -2.84344 -0.909172 -2.29413 1.57 0
4 0 5 0.24 0.4 2.79091 7 4.84613 0.75 0 -2.08037 -1.602 -2.22656 1.57 0
4 0 5 0.24 0.4 2.79091 8 4.80379 0.875 0 -2.01728 0.613538 -2.14239 1.57 0
4 0 5 0.24 0.4 2.79091 9 4.77904 0.75 0 -2.04636 -0.694987 -2.12468 1.57 0
4 0 6 0.24 0.4 3.10909 0 5.28748 0.875 0 -2.93196 -0.555508 -2.09396 1.57 0
4 0 6 0.24 0.4 3.10909 1 5.20723 0.875 0 -2.81659 1.33668 -1.89697 1.57 0
4 0 6 0.24 0.4 3.10909 2 4.93183 0.75 0 -2.61016 -1.19504 -1.18055 1.57 0
4 0 6 0.24 0.4 3.10909 3 4.91965 0.75 0 -2.18976 -1.21209 -1.58488 1.57 0
4 0 6 0.24 0.4 3.10909 4 4.88817 0.75 0 -2.60841 -1.25082 -2.18951 1.57 0
4 0 6 0.24 0.4 3.10909 5 4.87353 0.75 0 -2.92947 -0.850813 -1.92294 1.57 0
4 0 6 0.24 0.4 3.10909 6 4.86918 0.75 0 -2.40469 -1.4046 -2.38568 1.57 0
4 0 6 0.24 0.4 3.10909 7 4.7816 0.75 0 -2.74159 0.806103 -2.44914 1.57 0
4 0 6 0.24 0.4 3.10909 8 4.68262 0.75 0 -2.94689 1.57515 -2.14217 1.57 0
4 0 6 0.24 0.4 3.10909 9 4.6435 0.75 0 -3.372 1.79812 -1.04902 1.57 0
4 0 7 0.24 0.4 3.42727 0 4.85509 0.75 0 -3.08349 1.12544 -2.08364 1.57 0
4 0 7 0.24 0.4 3.42727 1 4.82095 0.75 0 -2.95192 0.911407 -1.39435 1.57 0
4 0 7 0.24 0.4 3.42727 2 4.22149 0.625 0 -3.15563 -0.455231 -1.84385 1.57 0
4 0 7 0.24 0.4 3.42727 3 4.19733 0.625 0 -2.7504 -0.401286 -2.04115 1.57 0
4 0 7 0.24 0.4 3.42727 4 4.10669 0.625 0 -2.99798 0.322586 -2.35088 1.57 0
4 0 7 0.24 0.4 3.42727 5 3.91346 0.5 0 -2.66603 -1.17412 -1.72404 1.57 0
4 0 7 0.24 0.4 3.42727 6 3.91225 0.5 0 -2.85654 -1.18367 -1.27405 1.57 0
4 0 7 0.24 0.4 3.42727 7 3.8859 0.5 0 -3.0397 -0.902683 -1.41616 1.57 0
4 0 7 0.24 0.4 3.42727 8 3.88524 0.5 0 -2.91614 -1.25207 -1.56979 1.57 0
4 0 7 0.24 0.4 3.42727 9 3.86424 0.5 0 -3.24155 1.23734 -2.29144 1.57 0
4 0 8 0.24 0.4 3.74545 0 3.82774 0.5 0 -3.29962 -1.12298 -1.17883 1.57 0
4 0 8 0.24 0.4 3.74545 1 3.76509 0.5 0 -2.95024 -0.596598 -1.62488 1.57 0
4 0 8 0.24 0.4 3.74545 2 3.36897 0.375 0 -3.54874 1.1494 -1.31728 1.57 0
4 0 8 0.24 0.4 3.74545 3 3.35717 0.375 0 -3.02526 -0.910607 -2.07063 1.57 0
4 0 8 0.24 0.4 3.74545 4 3.3473 0.375 0 -3.70068 1.29371 -2.32002 1.57 0
4 0 8 0.24 0.4 3.74545 5 3.33 0.375 0 -3.03691 -0.672763 -1.87867 1.57 0
4 0 8 0.24 0.4 3.74545 6 3.32303 0.375 0 -3.63227 0.806628 -2.42969 1.57 0
4 0 8 0.24 0.4 3.74545 7 3.27248 0.375 0 -3.28373 0.528852 -2.04899 1.57 0
4 0 8 0.24 0.4 3.74545 8 3.24717 0.375 0 -3.79717 1.74109 -1.60075 1.57 0
4 0 8 0.24 0.4 3.74545 9 2.87871 0.25 0 -3.38107 1.10877 -1.74548 1.57 0
4 0 9 0.24 0.4 4.06364 0 3.04022 0.375 0 -3.61254 -1.09874 -2.38415 1.57 0
4 0 9 0.24 0.4 4.06364 1 2.7658 0.25 0 -3.30875 -1.06733 -2.12017 1.57 0
4 0 9 0.24 0.4 4.06364 2 2.35473 0.25 0 -3.30535 0.141984 -2.0696 1.57 0
4 0 9 0.24 0.4 4.06364 3 2.28156 0.125 0 -3.28002 -0.970381 -2.20292 1.57 0
4 0 9 0.24 0.4 4.06364 4 2.26184 0.125 0 -3.44043 -1.12253 -1.27755 1.57 0
4 0 9 0.24 0.4 4.06364 5 2.2038 0.125 0 -3.22695 -1.44015 -1.22979 1.57 0
4 0 9 0.24 0.4 4.06364 6 2.14696 0.125 0 -3.55053 -0.858651 -2.34562 1.57 0
4 0 9 0.24 0.4 4.06364 7 2.14536 0.125 0 -3.56005 -1.00249 -2.06236 1.57 0
4 0 9 0.24 0.4 4.06364 8 2.07698 0.125 0 -3.2441 -0.363233 -2.29592 1.57 0
4 0 9 0.24 0.4 4.06364 9 2.03619 0.125 0 -3.77996 -0.507935 -1.57136 1.57 0
4 0 10 0.24 0.4 4.38182 0 2.18185 0.125 0 -3.50141 -0.877665 -2.25974 1.57 0
4 0 10 0.24 0.4 4.38182 1 2.152 0.125 0 -3.53792 -0.6153 -2.17888 1.57 0
4 0 10 0.24 0.4 4.38182 2 2.13986 0.125 0 -3.52772 -1.11923 -2.0205 1.57 0
4 0 10 0.24 0.4 4.38182 3 2.10473 0.125 0 -3.7083 -0.983209 -1.42678 1.57 0
4 0 10 0.24 0.4 4.38182 4 2.07039 0.125 0 -3.36332 -1.37048 -2.10745 1.57 0
4 0 10 0.24 0.4 4.38182 5 2.02225 0.125 0 -3.65461 -0.379034 -1.84927 1.57 0
4 0 10 0.24 0.4 4.38182 6 1.87542 0.125 0 -3.65147 -0.243033 -2.38022 1.57 0
4 0 10 0.24 0.4 4.38182 7 1.72987 0 0 -3.73869 0.624263 -1.48788 1.57 0
4 0 10 0.24 0.4 4.38182 8 1.69881 0 0 -3.57356 -0.907698 -1.57378 1.57 0
4 0 10 0.24 0.4 4.38182 9 1.68429 0.125 0 -3.55366 0.117871 -1.70254 1.57 0
4 0 11 0.24 0.4 4.7 0 2.25049 0.125 0 -3.45246 -1.21028 -1.06162 1.57 0
4 0 11 0.24 0.4 4.7 1 2.17227 0.125 0 -3.41052 -1.33065 -1.33313 1.57 0
4 0 11 0.24 0.4 4.7 2 2.1365 0.125 0 -2.93535 -1.95903 -1.15362 1.57 0
4 0 11 0.24 0.4 4.7 3 2.1315 0.125 0 -3.61716 -0.770599 -1.93524 1.57 0
4 0 11 0.24 0.4 4.7 4 2.09652 0.125 0 -3.72469 -0.912016 -1.53214 1.57 0
4 0 11 0.24 0.4 4.7 5 1.67702 0 0 -3.59558 -0.888224 -1.69259 1.57 0
4 0 11 0.24 0.4 4.7 6 1.5614 0 0 -3.36963 -1.52156 -1.45815 1.57 0
4 0 11 0.24 0.4 4.7 7 1.47808 0 0 -3.50057 -1.60402 -1.38925 1.57 0
4 0 11 0.24 0.4 4.7 8 1.47322 0 0 -3.79154 -0.613764 -2.41528 1.57 0
4 1 0 0.24 0.45 1.2 0 5.93146 1 0 -0.333829 0.950591 -2.45695 1.57 0
4 1 0 0.24 0.45 1.2 1 5.92683 1 0 -0.65546 1.38486 -1.06947 1.57 0
4 1 0 0.24 0.45 1.2 2 5.91522 1 0 0.297557 -1.0994 -1.88423 1.57 0
4 1 0 0.24 0.45 1.2 3 5.86206 1 0 0.559017 -1.30745 -2.44822 1.57 0
4 1 0 0.24 0.45 1.2 4 5.73244 1 0 0.221597 -1.70255 -2.09018 1.57 0
4 1 0 0.24 0.45 1.2 5 5.70814 1 0 -0.10959 -1.67295 -1.19603 1.57 0
4 1 0 0.24 0.45 1.2 6 5.40649 0.875 0 0.212234 -0.883808 -1.91729 1.57 0
4 1 0 0.24 0.45 1.2 7 5.38038 0.875 0 -0.891019 1.68026 -2.47502 1.57 0
4 1 0 0.24 0.45 1.2 8 5.34415 0.875 0 -0.0975514 -1.10081 -2.05083 1.57 0
4 1 0 0.24 0.45 1.2 9 5.33564 0.875 0 0.718721 -1.66336 -1.3999 1.57 0
4 1 1 0.24 0.45 1.51818 0 5.90991 1 0 0.226421 -1.30998 -1.47543 1.57 0
4 1 1 0.24 0.45 1.51818 1 5.90698 1 0 -0.541025 0.74429 -1.78607 1.57 0
4 1 1 0.24 0.45 1.51818 2 5.87877 1 0 -1.15999 1.64771 -1.50224 1.57 0
4 1 1 0.24 0.45 1.51818 3 5.87108 1 0 0.137383 -1.4246 -1.5181 1.57 0
4 1 1 0.24 0.45 1.51818 4 5.85604 1 0 0.210293 -1.32074 -2.25715 1.57 0
4 1 1 0.24 0.45 1.51818 5 5.84608 1 0 -1.33717 1.66353 -1.0829 1.57 0
4 1 1 0.24 0.45 1.51818 6 5.78196 1 0 0.596532 -1.6697 -2.29662 1.57 0
4 1 1 0.24 0.45 1.51818 7 5.71737 1 0 0.692664 -1.9694 -1.36423 1.57 0
4 1 1 0.24 0.45 1.51818 8 5.70115 1 0 -0.344879 0.410963 -2.23426 1.57 0
4 1 1 0.24 0.45 1.51818 9 5.67593 1 0 -0.249498 -0.406495 -2.21162 1.57 0
4 1 2 0.24 0.45 1.83636 0 5.41272 0.875 0 -1.03101 1.06797 -1.8917 1.57 0
4 1 2 0.24 0.45 1.83636 1 5.39414 0.875 0 -1.12114 1.13408 -2.17605 1.57 0
4 1 2 0.24 0.45 1.83636 2 5.38188 0.875 0 -1.13335 0.939463 -1.20051 1.57 0
4 1 2 0.24 0.45 1.83636 3 5.3566 0.875 0 -1.32375 1.52582 -2.32134 1.57 0
4 1 2 0.24 0.45 1.83636 4 5.29946 0.875 0 -1.48618 1.7696 -1.15329 1.57 0
4 1 2 0.24 0.45 1.83636 5 5.29006 0.875 0 -1.55928 1.71295 -2.07617 1.57 0
4 1 2 0.24 0.45 1.83636 6 5.28637 0.875 0 -0.866327 0.618876 -2.31144 1.57 0
4 1 2 0.24 0.45 1.83636 7 5.24263 0.875 0 -1.76275 1.57464 -1.017 1.57 0
4 1 2 0.24 0.45 1.83636 8 5.21366 0.875 0 -0.447909 -0.719871 -2.25262 1.57 0
4 1 2 0.24 0.45 1.83636 9 5.20433 0.875 0 -1.35098 -1.3837 -2.20634 1.57 0
4 1 3 0.24 0.45 2.15455 0 5.80146 1 0 -1.71051 -1.08015 -2.2724 1.57 0
4 1 3 0.24 0.45 2.15455 1 5.78062 1 0 -1.79906 -1.76571 -2.31332 1.57 0
4 1 3 0.24 0.45 2.15455 2 5.77694 1 0 -1.69165 -1.67188 -2.48816 1.57 0
4 1 3 0.24 0.45 2.15455 3 5.7562 1 0 -1.45593 -1.32321 -1.90508 1.57 0
4 1 3 0.24 0.45 2.15455 4 5.74827 1 0 -1.59392 -1.06606 -2.37383 1.57 0
4 1 3 0.24 0.45 2.15455 5 5.74247 1 0 -1.5839 -1.95192 -1.50401 1.57 0
4 1 3 0.24 0.45 2.15455 6 5.74054 1 0 -1.54494 -1.7773 -2.2941 1.57 0
4 1 3 0.24 0.45 2.15455 7 5.70664 1 0 -1.19294 0.665449 -2.17135 1.57 0
4 1 3 0.24 0.45 2.15455 8 5.70382 1 0 -1.71506 -1.95762 -2.2617 1.57 0
4 1 3 0.24 0.45 2.15455 9 5.65217 1 0 -1.31352 -2.03513 -1.09382 1.57 0
4 1 4 0.24 0.45 2.47273 0 5.81431 1 0 -1.62613 -1.70935 -1.45248 1.57 0
4 1 4 0.24 0.45 2.47273 1 5.79091 1 0 -1.55535 -1.70788 -1.73855 1.57 0
4 1 4 0.24 0.45 2.47273 2 5.78872 1 0 -2.02335 -0.749263 -2.36488 1.57 0
4 1 4 0.24 0.45 2.47273 3 5.76791 1 0 -1.81484 -1.83605 -2.20139 1.57 0
4 1 4 0.24 0.45 2.47273 4 5.753 1 0 -1.98802 -0.690749 -2.35912 1.57 0
4 1 4 0.24 0.45 2.47273 5 5.73549 1 0 -1.49942 -1.19796 -2.41479 1.57 0
4 1 4 0.24 0.45 2.47273 6 5.70745 1 0 -1.37703 -1.31114 -2.15244 1.57 0
4 1 4 0.24 0.45 2.47273 7 5.70714 1 0 -1.54248 -1.96537 -1.92635 1.57 0
4 1 4 0.24 0.45 2.47273 8 5.70501 1 0 -2.05774 -1.92929 -2.48816 1.57 0
4 1 4 0.24 0.45 2.47273 9 5.65867 1 0 -1.35246 -2.01553 -1.73814 1.57 0
4 1 5 0.24 0.45 2.79091 0 5.42506 0.875 0 -2.266 -1.33915 -1.3075 1.57 0
4 1 5 0.24 0.45 2.79091 1 5.32425 0.875 0 -2.49954 -1.58468 -2.34379 1.57 0
4 1 5 0.24 0.45 2.79091 2 4.90451 0.75 0 -2.03539 -1.42219 -1.4713 1.57 0
4 1 5 0.24 0.45 2.79091 3 4.89109 0.75 0 -2.09766 -1.00965 -1.76888 1.57 0
4 1 5 0.24 0.45 2.79091 4 4.88148 0.75 0 -2.51125 -0.792676 -1.90831 1.57 0
4 1 5 0.24 0.45 2.79091 5 4.87877 0.75 0 -2.17453 -0.920415 -2.0321 1.57 0
4 1 5 0.24 0.45 2.79091 6 4.87773 0.75 0 -2.06548 -1.16605 -2.36698 1.57 0
4 1 5 0.24 0.45 2.79091 7 4.86986 0.75 0 -1.93795 -1.06249 -1.89182 1.57 0
4 1 5 0.24 0.45 2.79091 8 4.85526 0.75 0 -2.0718 -1.75 -1.36389 1.57 0
4 1 5 0.24 0.45 2.79091 9 4.8457 0.75 0 -1.67701 -1.48818 -1.55599 1.57 0
4 1 6 0.24 0.45 3.10909 0 5.21069 0.875 0 -2.94312 -0.419291 -1.9927 1.57 0
4 1 6 0.24 0.45 3.10909 1 5.06585 0.875 0 -3.00506 1.70411 -1.49502 1.57 0
4 1 6 0.24 0.45 3.10909 2 4.92503 0.75 0 -2.3018 -1.40699 -1.04801 1.57 0
4 1 6 0.24 0.45 3.10909 3 4.88759 0.75 0 -2.35368 -1.083 -2.44636 1.57 0
4 1 6 0.24 0.45 3.10909 4 4.86458 0.75 0 -2.43479 -1.53979 -2.01714 1.57 0
4 1 6 0.24 0.45 3.10909 5 4.83361 0.75 0 -2.12538 -1.67148 -2.16612 1.57 0
4 1 6 0.24 0.45 3.10909 6 4.71091 0.75 0 -2.91282 1.29572 -1.05482 1.57 0
4 1 6 0.24 0.45 3.10909 7 4.53367 0.75 0 -2.49669 -0.274406 -2.37717 1.57 0
4 1 6 0.24 0.45 3.10909 8 4.44774 0.75 0 -2.28633 0.321938 -2.01603 1.57 0
4 1 6 0.24 0.45 3.10909 9 4.43132 0.625 0 -2.3894 -1.30699 -1.17888 1.57 0
4 1 7 0.24 0.45 3.42727 0 4.38518 0.625 0 -2.85371 -1.13024 -1.97374 1.57 0
4 1 7 0.24 0.45 3.42727 1 3.76596 0.5 0 -2.72514 0.722925 -2.12528 1.57 0
4 1 7 0.24 0.45 3.42727 2 3.74689 0.5 0 -3.34731 -1.06374 -2.14662 1.57 0
4 1 7 0.24 0.45 3.42727 3 3.43053 0.375 0 -2.62688 -1.1064 -1.28153 1.57 0
4 1 7 0.24 0.45 3.42727 4 3.33199 0.375 0 -3.17083 1.36545 -2.0705 1.57 0
4 1 7 0.24 0.45 3.42727 5 3.32728 0.375 0 -3.19436 -0.805417 -1.87071 1.57 0
4 1 7 0.24 0.45 3.42727 6 3.29052 0.375 0 -2.82063 0.797883 -1.62725 1.57 0
4 1 7 0.24 0.45 3.42727 7 3.28824 0.375 0 -2.53049 -1.88075 -1.20781 1.57 0
4 1 7 0.24 0.45 3.42727 8 3.20892 0.375 0 -2.70064 0.538739 -2.3932 1.57 0
4 1 7 0.24 0.45 3.42727 9 3.15923 0.375 0 -2.72071 0.773582 -2.30177 1.57 0
4 1 8 0.24 0.45 3.74545 0 3.78604 0.5 0 -3.07488 -0.64293 -2.40327 1.57 0
4 1 8 0.24 0.45 3.74545 1 3.75678 0.5 0 -3.07072 -1.64398 -1.24177 1.57 0
4 1 8 0.24 0.45 3.74545 2 3.37192 0.375 0 -2.94868 -1.3598 -1.36573 1.57 0
4 1 8 0.24 0.45 3.74545 3 3.27043 0.375 0 -3.37408 0.559804 -2.42432 1.57 0
4 1 8 0.24 0.45 3.74545 4 3.12419 0.375 0 -2.95955 -0.322017 -1.98627 1.57 0
4 1 8 0.24 0.45 3.74545 5 3.12364 0.375 0 -3.14072 -1.66933 -1.37301 1.57 0
4 1 8 0.24 0.45 3.74545 6 2.98305 0.375 0 -3.09571 -0.213588 -2.03329 1.57 0
4 1 8 0.24 0.45 3.74545 7 2.91165 0.25 0 -2.88418 -1.17345 -1.21257 1.57 0
4 1 8 0.24 0.45 3.74545 8 2.89912 0.375 0 -3.64066 -0.234515 -1.90746 1.57 0
4 1 8 0.24 0.45 3.74545 9 2.87295 0.25 0 -2.88912 -0.798239 -1.87371 1.57 0
4 1 9 0.24 0.45 4.06364 0 3.36299 0.375 0 -3.0784 -1.32789 -1.1125 1.57 0
4 1 9 0.24 0.45 4.06364 1 3.28957 0.375 0 -3.44622 0.607654 -2.31979 1.57 0
4 1 9 0.24 0.45 4.06364 2 3.06652 0.375 0 -3.62882 -0.541202 -2.41673 1.57 0
4 1 9 0.24 0.45 4.06364 3 2.67538 0.25 0 -3.38108 0.405537 -2.25798 1.57 0
4 1 9 0.24 0.45 4.06364 4 2.6616 0.25 0 -3.54618 -0.983622 -2.0339 1.57 0
4 1 9 0.24 0.45 4.06364 5 2.32578 0.125 0 -3.72801 0.898472 -2.35797 1.57 0
4 1 9 0.24 0.45 4.06364 6 2.28258 0.125 0 -3.22336 -1.34002 -1.59539 1.57 0
4 1 9 0.24 0.45 4.06364 7 2.27679 0.125 0 -3.29181 -1.30135 -1.43293 1.57 0
4 1 9 0.24 0.45 4.06364 8 2.21461 0.125 0 -3.37101 -0.614474 -2.23999 1.57 0
4 1 9 0.24 0.45 4.06364 9 2.19401 0.125 0 -3.4858 -1.01062 -2.0325 1.57 0
4 1 10 0.24 0.45 4.38182 0 2.21131 0.125 0 -3.42893 -0.558241 -1.7138 1.57 0
4 1 10 0.24 0.45 4.38182 1 2.18078 0.125 0 -3.49318 -0.798014 -2.35085 1.57 0
4 1 10 0.24 0.45 4.38182 2 2.17654 0.125 0 -3.36138 -0.541467 -2.10326 1.57 0
4 1 10 0.24 0.45 4.38182 3 2.16716 0.125 0 -3.59788 -1.11246 -1.29898 1.57 0
4 1 10 0.24 0.45 4.38182 4 2.14673 0.125 0 -3.65765 0.451553 -2.33691 1.57 0
4 1 10 0.24 0.45 4.38182 5 2.10203 0.125 0 -3.73373 -1.009 -1.17819 1.57 0
4 1 10 0.24 0.45 4.38182 6 2.08974 0.125 0 -3.60205 -0.95882 -2.41532 1.57 0
4 1 10 0.24 0.45 4.38182 7 1.81261 0 0 -3.37613 -1.02283 -1.13502 1.57 0
4 1 10 0.24 0.45 4.38182 8 1.78226 0 0 -3.26813 -0.990076 -2.23269 1.57 0
4 1 10 0.24 0.45 4.38182 9 1.7638 0 0 -2.51401 -1.94801 -1.10911 1.57 0
4 1 11 0.24 0.45 4.7 0 2.27775 0.125 0 -3.35067 -1.30373 -1.04052 1.57 0
4 1 11 0.24 0.45 4.7 1 2.2484 0.125 0 -2.94668 -1.68246 -1.63373 1.57 0
4 1 11 0.24 0.45 4.7 2 2.08823 0.125 0 -3.59548 -1.25064 -1.53921 1.57 0
4 1 11 0.24 0.45 4.7 3 1.7923 0.125 0 -3.69086 -1.55401 -1.35715 1.57 0
4 1 11 0.24 0.45 4.7 4 1.74443 0 0 -3.53887 -0.976877 -1.12491 1.57 0
4 1 11 0.24 0.45 4.7 5 1.71961 0 0 -3.54907 -0.721278 -1.43487 1.57 0
4 1 11 0.24 0.45 4.7 6 1.70692 0 0 -2.79735 -1.81723 -1.31743 1.57 0
4 1 11 0.24 0.45 4.7 7 1.67874 0 0 -3.49376 -0.930992 -2.28275 1.57 0
4 1 11 0.24 0.45 4.7 8 1.58296 0 0 -3.74457 -0.509397 -1.17281 1.57 0
4 1 11 0.24 0.45 4.7 9 1.35538 0 0 -3.72261 -1.5007 -1.05092 1.57 0
4 2 0 0.24 0.5 1.2 0 4.79444 0.75 0 0.0625034 -1.64113 -1.2488 1.57 0
4 2 0 0.24 0.5 1.2 1 4.76954 0.75 0 -0.265385 -1.00824 -2.3725 1.57 0
4 2 0 0.24 0.5 1.2 2 4.69047 0.75 0 0.62448 -1.94496 -1.82907 1.57 0
4 2 0 0.24 0.5 1.2 3 4.57536 0.75 0 0.695981 -2.17583 -1.39833 1.57 0
4 2 0 0.24 0.5 1.2 4 4.44387 0.625 0 -0.374012 0.983123 -2.04019 1.57 0
4 2 0 0.24 0.5 1.2 5 4.43797 0.625 0 -0.48269 1.25508 -1.18479 1.57 0
4 2 0 0.24 0.5 1.2 6 4.42919 0.625 0 -0.546193 1.42687 -2.15088 1.57 0
4 2 0 0.24 0.5 1.2 7 4.40505 0.625 0 0.655354 -1.08707 -1.56885 1.57 0
4 2 0 0.24 0.5 1.2 8 4.39401 0.625 0 0.241866 -1.25427 -1.93829 1.57 0
4 2 0 0.24 0.5 1.2 9 4.39243 0.625 0 0.279207 -1.41786 -1.51642 1.57 0
4 2 1 0.24 0.5 1.51818 0 5.94045 1 0 0.239472 -1.09768 -1.20115 1.57 0
4 2 1 0.24 0.5 1.51818 1 5.93736 1 0 -0.885181 1.06867 -1.31686 1.57 0
4 2 1 0.24 0.5 1.51818 2 5.92568 1 0 -0.780204 1.46872 -2.14304 1.57 0
4 2 1 0.24 0.5 1.51818 3 5.89701 1 0 0.0798932 -0.721222 -1.3905 1.57 0
4 2 1 0.24 0.5 1.51818 4 5.89611 1 0 -0.557177 0.729591 -2.03795 1.57 0
4 2 1 0.24 0.5 1.51818 5 5.88764 1 0 0.197512 -1.00515 -2.30423 1.57 0
4 2 1 0.24 0.5 1.51818 6 5.88088 1 0 0.371474 -1.19446 -2.39092 1.57 0
4 2 1 0.24 0.5 1.51818 7 5.87562 1 0 -0.735761 1.04951 -1.34809 1.57 0
4 2 1 0.24 0.5 1.51818 8 5.87481 1 0 0.0126241 -0.753368 -1.91055 1.57 0
4 2 1 0.24 0.5 1.51818 9 5.86842 1 0 0.0575508 -0.930775 -2.36192 1.57 0
4 2 2 0.24 0.5 1.83636 0 5.81897 1 0 -1.05891 0.82403 -2.44631 1.57 0
4 2 2 0.24 0.5 1.83636 1 5.76337 1 0 -0.827477 0.733584 -2.45439 1.57 0
4 2 2 0.24 0.5 1.83636 2 5.75388 1 0 -1.70051 1.74321 -1.67015 1.57 0
4 2 2 0.24 0.5 1.83636 3 5.70312 1 0 -1.32359 -1.51622 -2.21497 1.57 0
4 2 2 0.24 0.5 1.83636 4 5.54838 1 0 0.238135 -2.07964 -1.4484 1.57 0
4 2 2 0.24 0.5 1.83636 5 5.39015 1 0 0.00110197 -2.07659 -1.68943 1.57 0
4 2 2 0.24 0.5 1.83636 6 5.3876 0.875 0 -1.12762 1.09173 -2.16354 1.57 0
4 2 2 0.24 0.5 1.83636 7 5.37326 0.875 0 -0.865235 0.746281 -1.66752 1.57 0
4 2 2 0.24 0.5 1.83636 8 5.35831 0.875 0 -1.17274 0.885836 -1.05629 1.57 0
4 2 2 0.24 0.5 1.83636 9 5.32365 0.875 0 -1.51417 1.63559 -1.64911 1.57 0
4 2 3 0.24 0.5 2.15455 0 5.33465 0.875 0 -1.84081 -1.07369 -2.33064 1.57 0
4 2 3 0.24 0.5 2.15455 1 5.33245 0.875 0 -1.7955 -1.60306 -2.12313 1.57 0
4 2 3 0.24 0.5 2.15455 2 5.30439 0.875 0 -1.33465 0.916266 -1.60562 1.57 0
4 2 3 0.24 0.5 2.15455 3 5.29323 0.875 0 -1.5741 1.26493 -1.6438 1.57 0
4 2 3 0.24 0.5 2.15455 4 5.2887 0.875 0 -1.39081 0.90384 -1.16778 1.57 0
4 2 3 0.24 0.5 2.15455 5 5.28356 0.875 0 -1.53194 -1.31302 -2.05957 1.57 0
4 2 3 0.24 0.5 2.15455 6 5.26524 0.875 0 -1.49685 -1.78191 -1.68313 1.57 0
4 2 3 0.24 0.5 2.15455 7 5.24453 0.875 0 -1.71432 1.30272 -1.14894 1.57 0
4 2 3 0.24 0.5 2.15455 8 5.24305 0.875 0 -1.44554 -1.66455 -2.22274 1.57 0
4 2 3 0.24 0.5 2.15455 9 5.21888 0.875 0 -1.34549 -1.4742 -2.02711 1.57 0
4 2 4 0.24 0.5 2.47273 0 5.86419 1 0 -2.007 -1.3352 -2.46499 1.57 0
4 2 4 0.24 0.5 2.47273 1 5.86157 1 0 -2.31654 -0.852632 -2.42454 1.57 0
4 2 4 0.24 0.5 2.47273 2 5.855 1 0 -1.77176 -1.5808 -1.61743 1.57 0
4 2 4 0.24 0.5 2.47273 3 5.85293 1 0 -1.9216 -1.02134 -2.10574 1.57 0
4 2 4 0.24 0.5 2.47273 4 5.85001 1 0 -2.00158 -1.55159 -2.28081 1.57 0
4 2 4 0.24 0.5 2.47273 5 5.83551 1 0 -2.12043 -0.798137 -2.14795 1.57 0
4 2 4 0.24 0.5 2.47273 6 5.82008 1 0 -1.66079 -1.20628 -1.88705 1.57 0
4 2 4 0.24 0.5 2.47273 7 5.81066 1 0 -1.56974 -1.56273 -1.75038 1.57 0
4 2 4 0.24 0.5 2.47273 8 5.80011 1 0 -1.60365 -1.54124 -2.21986 1.57 0
4 2 4 0.24 0.5 2.47273 9 5.78801 1 0 -1.94325 -1.72917 -2.47736 1.57 0
4 2 5 0.24 0.5 2.79091 0 5.84245 1 0 -2.18541 -1.70124 -1.90034 1.57 0
4 2 5 0.24 0.5 2.79091 1 5.37602 0.875 0 -2.03682 -1.45641 -2.12232 1.57 0
4 2 5 0.24 0.5 2.79091 2 5.36813 0.875 0 -1.79702 -1.38847 -1.77544 1.57 0
4 2 5 0.24 0.5 2.79091 3 5.32812 0.875 0 -1.66856 -1.46946 -2.07895 1.57 0
4 2 5 0.24 0.5 2.79091 4 5.25667 0.875 0 -2.0248 -2.03383 -1.1688 1.57 0
4 2 5 0.24 0.5 2.79091 5 5.21873 0.875 0 -2.76732 -0.449015 -2.36804 1.57 0
4 2 5 0.24 0.5 2.79091 6 5.10539 0.875 0 -2.13009 -0.410828 -2.25869 1.57 0
4 2 5 0.24 0.5 2.79091 7 4.90061 0.75 0 -2.13963 -1.31235 -1.99067 1.57 0
4 2 5 0.24 0.5 2.79091 8 4.89205 0.75 0 -2.44258 -0.916071 -2.13488 1.57 0
4 2 5 0.24 0.5 2.79091 9 4.8444 0.75 0 -2.44225 -0.685609 -1.95175 1.57 0
4 2 6 0.24 0.5 3.10909 0 4.36158 0.625 0 -2.08127 -0.896331 -1.96983 1.57 0
4 2 6 0.24 0.5 3.10909 1 4.19708 0.625 0 -3.10516 1.65251 -1.86915 1.57 0
4 2 6 0.24 0.5 3.10909 2 4.12908 0.625 0 -2.7343 1.34948 -1.68436 1.57 0
4 2 6 0.24 0.5 3.10909 3 4.04553 0.625 0 -2.33318 0.649875 -1.67188 1.57 0
4 2 6 0.24 0.5 3.10909 4 4.0106 0.625 0 -2.94659 -0.23538 -2.2547 1.57 0
4 2 6 0.24 0.5 3.10909 5 3.9234 0.5 0 -2.35326 -1.1571 -1.67484 1.57 0
4 2 6 0.24 0.5 3.10909 6 3.91886 0.5 0 -2.33026 -1.28368 -1.70784 1.57 0
4 2 6 0.24 0.5 3.10909 7 3.9175 0.5 0 -2.30483 -1.26224 -1.7641 1.57 0
4 2 6 0.24 0.5 3.10909 8 3.91683 0.5 0 -2.33916 -1.44345 -1.3115 1.57 0
4 2 6 0.24 0.5 3.10909 9 3.91196 0.5 0 -2.17926 -1.10018 -1.69536 1.57 0
4 2 7 0.24 0.5 3.42727 0 3.92831 0.5 0 -2.48358 -1.33012 -1.19606 1.57 0
4 2 7 0.24 0.5 3.42727 1 3.89658 0.5 0 -2.45966 -1.39783 -1.89242 1.57 0
4 2 7 0.24 0.5 3.42727 2 3.87581 0.5 0 -3.02118 -0.909755 -1.73316 1.57 0
4 2 7 0.24 0.5 3.42727 3 3.83613 0.5 0 -2.40281 -0.980426 -1.64908 1.57 0
4 2 7 0.24 0.5 3.42727 4 3.75862 0.5 0 -3.11452 -0.546905 -2.1796 1.57 0
4 2 7 0.24 0.5 3.42727 5 3.75536 0.5 0 -3.28549 -1.1355 -2.21805 1.57 0
4 2 7 0.24 0.5 3.42727 6 3.41979 0.375 0 -2.55887 -1.16127 -1.72072 1.57 0
4 2 7 0.24 0.5 3.42727 7 3.40458 0.375 0 -2.42907 -1.10471 -1.8314 1.57 0
4 2 7 0.24 0.5 3.42727 8 3.34367 0.375 0 -3.62534 0.925777 -2.47236 1.57 0
4 2 7 0.24 0.5 3.42727 9 3.33999 0.5 0 -3.5733 0.168732 -2.44023 1.57 0
4 2 8 0.24 0.5 3.74545 0 3.42596 0.375 0 -2.76834 -1.06501 -1.14365 1.57 0
4 2 8 0.24 0.5 3.74545 1 3.38084 0.375 0 -2.97698 -1.29225 -1.31507 1.57 0
4 2 8 0.24 0.5 3.74545 2 3.38034 0.375 0 -2.79865 -1.39379 -1.57386 1.57 0
4 2 8 0.24 0.5 3.74545 3 3.37266 0.375 0 -3.41728 1.20131 -1.67074 1.57 0
4 2 8 0.24 0.5 3.74545 4 3.3482 0.375 0 -3.74492 1.22617 -2.08874 1.57 0
4 2 8 0.24 0.5 3.74545 5 3.34321 0.375 0 -3.23721 -0.959228 -1.50083 1.57 0
4 2 8 0.24 0.5 3.74545 6 3.33769 0.375 0 -3.11511 0.729137 -2.27505 1.57 0
4 2 8 0.24 0.5 3.74545 7 3.2501 0.375 0 -3.12948 -1.40219 -2.17201 1.57 0
4 2 8 0.24 0.5 3.74545 8 3.1915 0.375 0 -3.37172 -0.529922 -2.14731 1.57 0
4 2 8 0.24 0.5 3.74545 9 3.16508 0.375 0 -3.35789 -0.462941 -2.1197 1.57 0
4 2 9 0.24 0.5 4.06364 0 3.26754 0.375 0 -3.72958 0.681931 -2.35707 1.57 0
4 2 9 0.24 0.5 4.06364 1 3.16709 0.375 0 -3.51213 -0.837847 -2.38508 1.57 0
4 2 9 0.24 0.5 4.06364 2 2.89398 0.375 0 -3.70506 -0.268641 -2.14089 1.57 0
4 2 9 0.24 0.5 4.06364 3 2.85363 0.25 0 -2.76805 -1.42031 -1.50537 1.57 0
4 2 9 0.24 0.5 4.06364 4 2.84825 0.25 0 -3.00239 -1.08863 -2.2248 1.57 0
4 2 9 0.24 0.5 4.06364 5 2.84102 0.25 0 -3.13572 -1.35066 -1.15257 1.57 0
4 2 9 0.24 0.5 4.06364 6 2.80241 0.25 0 -3.66372 0.756182 -2.47182 1.57 0
4 2 9 0.24 0.5 4.06364 7 2.77899 0.25 0 -3.25786 -0.61144 -1.72614 1.57 0
4 2 9 0.24 0.5 4.06364 8 2.73446 0.25 0 -3.33025 -0.621371 -2.17552 1.57 0
4 2 9 0.24 0.5 4.06364 9 2.70584 0.25 0 -3.53194 0.452297 -1.76147 1.57 0
4 2 10 0.24 0.5 4.38182 0 2.36535 0.125 0 -2.9703 -1.28428 -1.66085 1.57 0
4 2 10 0.24 0.5 4.38182 1 2.34945 0.125 0 -3.17866 -0.834767 -1.57325 1.57 0
4 2 10 0.24 0.5 4.38182 2 2.33576 0.125 0 -3.089 -1.08559 -2.13666 1.57 0
4 2 10 0.24 0.5 4.38182 3 2.32399 0.125 0 -2.96331 -1.20199 -1.31957 1.57 0
4 2 10 0.24 0.5 4.38182 4 2.26361 0.125 0 -3.74604 0.65023 -2.02483 1.57 0
4 2 10 0.24 0.5 4.38182 5 2.26301 0.125 0 -3.50202 -0.872541 -1.21221 1.57 0
4 2 10 0.24 0.5 4.38182 6 2.25896 0.125 0 -2.31553 -2.00737 -1.0989 1.57 0
4 2 10 0.24 0.5 4.38182 7 2.25038 0.125 0 -2.89875 -1.77066 -1.29941 1.57 0
4 2 10 0.24 0.5 4.38182 8 2.20807 0.125 0 -3.46558 -1.20925 -1.48108 1.57 0
4 2 10 0.24 0.5 4.38182 9 2.20696 0.125 0 -3.49273 -0.866438 -2.03608 1.57 0
4 2 11 0.24 0.5 4.7 0 1.8052 0 0 -3.35759 -1.15199 -1.10475 1.57 0
4 2 11 0.24 0.5 4.7 1 1.79017 0 0 -3.00667 -1.53566 -1.65033 1.57 0
4 2 11 0.24 0.5 4.7 2 1.76207 0 0 -2.95939 -1.68815 -1.39863 1.57 0
4 2 11 0.24 0.5 4.7 3 1.73197 0 0 -3.15407 -1.51698 -1.75884 1.57 0
4 2 11 0.24 0.5 4.7 4 1.71186 0 0 -3.51247 -1.06331 -1.55592 1.57 0
4 2 11 0.24 0.5 4.7 5 1.71047 0 0 -3.44492 -0.955655 -2.19399 1.57 0
4 2 11 0.24 0.5 4.7 6 1.70806 0 0 -2.97128 -1.82498 -1.15329 1.57 0
4 2 11 0.24 0.5 4.7 7 1.70606 0 0 -3.62616 -0.853195 -1.11241 1.57 0
4 2 11 0.24 0.5 4.7 8 1.70248 0 0 -3.47877 -0.793764 -2.1795 1.57 0
4 2 11 0.24 0.5 4.7 9 1.68763 0 0 -3.555 -1.08788 -1.46522 1.57 0
4 3 1 0.24 0.55 1.51818 0 5.44753 0.875 0 -0.688236 1.1778 -2.04053 1.57 0
4 3 1 0.24 0.55 1.51818 1 5.44423 0.875 0 -0.803018 1.21004 -1.17895 1.57 0
4 3 1 0.24 0.55 1.51818 2 5.44174 0.875 0 0.325124 -1.14987 -1.13647 1.57 0
4 3 1 0.24 0.55 1.51818 3 5.43713 0.875 0 0.228625 -0.909468 -1.07003 1.57 0
4 3 1 0.24 0.55 1.51818 4 5.43538 0.875 0 -0.822056 1.32298 -1.08935 1.57 0
4 3 1 0.24 0.55 1.51818 5 5.41739 0.875 0 -0.719619 0.956072 -2.45229 1.57 0
4 3 1 0.24 0.55 1.51818 6 5.39667 0.875 0 0.26675 -1.20056 -2.04412 1.57 0
4 3 1 0.24 0.55 1.51818 7 5.37085 0.875 0 0.598279 -1.34974 -2.17535 1.57 0
4 3 1 0.24 0.55 1.51818 8 5.36957 0.875 0 -1.13584 1.66754 -2.33675 1.57 0
4 3 1 0.24 0.55 1.51818 9 5.35278 0.875 0 0.723013 -1.58638 -1.42442 1.57 0
4 3 2 0.24 0.55 1.83636 0 5.87806 1 0 0.10053 -1.2741 -1.47739 1.57 0
4 3 2 0.24 0.55 1.83636 1 5.8618 1 0 -1.40172 1.2676 -1.07435 1.57 0
4 3 2 0.24 0.55 1.83636 2 5.85592 1 0 -1.42796 1.49544 -1.18294 1.57 0
4 3 2 0.24 0.55 1.83636 3 5.76207 1 0 -0.0279065 -1.54542 -1.70646 1.57 0
4 3 2 0.24 0.55 1.83636 4 5.75302 1 0 -0.731745 0.491291 -1.99647 1.57 0
4 3 2 0.24 0.55 1.83636 5 5.72567 1 0 -0.115354 -0.769723 -2.11136 1.57 0
4 3 2 0.24 0.55 1.83636 6 5.71407 1 0 -0.479547 -0.724817 -2.08197 1.57 0
4 3 2 0.24 0.55 1.83636 7 5.70942 1 0 0.647333 -1.87947 -2.03037 1.57 0
4 3 2 0.24 0.55 1.83636 8 5.7078 1 0 0.240384 -1.92199 -1.09796 1.57 0
4 3 2 0.24 0.55 1.83636 9 5.67619 1 0 -0.687429 0.503465 -2.08392 1.57 0
4 3 3 0.24 0.55 2.15455 0 5.27956 0.875 0 -1.57539 1.5909 -2.32863 1.57 0
4 3 3 0.24 0.55 2.15455 1 5.27639 0.875 0 -1.29662 0.879768 -2.11352 1.57 0
4 3 3 0.24 0.55 2.15455 2 5.25764 0.875 0 -1.1594 0.671589 -1.6738 1.57 0
4 3 3 0.24 0.55 2.15455 3 5.25207 0.875 0 -1.67328 1.27817 -1.52112 1.57 0
4 3 3 0.24 0.55 2.15455 4 5.24531 0.875 0 -1.65156 1.5147 -2.32699 1.57 0
4 3 3 0.24 0.55 2.15455 5 5.23021 0.875 0 -0.542549 -0.979431 -1.28055 1.57 0
4 3 3 0.24 0.55 2.15455 6 5.22136 0.875 0 -1.2003 0.62499 -1.46241 1.57 0
4 3 3 0.24 0.55 2.15455 7 5.21409 0.875 0 -1.43394 -1.19716 -1.74808 1.57 0
4 3 3 0.24 0.55 2.15455 8 5.19775 0.875 0 -0.551476 -0.98066 -1.53923 1.57 0
4 3 3 0.24 0.55 2.15455 9 5.1957 0.875 0 -1.58327 -0.931826 -2.37661 1.57 0
4 3 4 0.24 0.55 2.47273 0 5.8313 1 0 -1.68163 -1.43561 -2.10201 1.57 0
4 3 4 0.24 0.55 2.47273 1 5.81602 1 0 -1.57869 -1.40717 -1.67839 1.57 0
4 3 4 0.24 0.55 2.47273 2 5.81517 1 0 -1.59201 -1.65105 -1.36926 1.57 0
4 3 4 0.24 0.55 2.47273 3 5.81485 1 0 -1.67122 -1.14635 -1.63357 1.57 0
4 3 4 0.24 0.55 2.47273 4 5.80414 1 0 -1.54153 -1.42175 -1.70214 1.57 0
4 3 4 0.24 0.55 2.47273 5 5.78623 1 0 -1.53563 -1.28752 -1.86386 1.57 0
4 3 4 0.24 0.55 2.47273 6 5.77975 1 0 -1.47286 -1.46213 -1.79479 1.57 0
4 3 4 0.24 0.55 2.47273 7 5.77411 1 0 -1.57506 -1.22022 -2.36244 1.57 0
4 3 4 0.24 0.55 2.47273 8 5.73613 1 0 -1.77152 -1.84375 -2.47603 1.57 0
4 3 4 0.24 0.55 2.47273 9 5.72775 1 0 -1.61877 -1.80761 -2.49052 1.57 0
4 3 5 0.24 0.55 2.79091 0 5.87363 1 0 -2.0193 -1.44155 -2.17662 1.57 0
4 3 5 0.24 0.55 2.79091 1 5.82292 1 0 -1.85119 -1.56526 -2.45127 1.57 0
4 3 5 0.24 0.55 2.79091 2 5.76268 1 0 -1.55888 -1.17533 -2.30173 1.57 0
4 3 5 0.24 0.55 2.79091 3 5.74684 1 0 -1.52373 -1.92184 -1.05546 1.57 0
4 3 5 0.24 0.55 2.79091 4 5.46091 1 0 -2.61656 1.52951 -2.1623 1.57 0
4 3 5 0.24 0.55 2.79091 5 5.38809 0.875 0 -2.16898 -1.07954 -2.27041 1.57 0
4 3 5 0.24 0.55 2.79091 6 5.37056 0.875 0 -2.4732 -1.42856 -2.24265 1.57 0
4 3 5 0.24 0.55 2.79091 7 5.35889 0.875 0 -2.16942 -1.46564 -2.45177 1.57 0
4 3 5 0.24 0.55 2.79091 8 5.3555 0.875 0 -1.89923 -1.05052 -2.04367 1.57 0
4 3 5 0.24 0.55 2.79091 9 5.33584 0.875 0 -1.70523 -1.68479 -1.28994 1.57 0
4 3 6 0.24 0.55 3.10909 0 4.35305 0.625 0 -2.77776 -1.35165 -2.20334 1.57 0
4 3 6 0.24 0.55 3.10909 1 4.14285 0.625 0 -2.65539 1.12963 -1.35816 1.57 0
4 3 6 0.24 0.55 3.10909 2 3.88193 0.5 0 -2.28541 -1.05707 -2.48352 1.57 0
4 3 6 0.24 0.55 3.10909 3 3.8707 0.5 0 -2.47494 -0.752733 -1.87782 1.57 0
4 3 6 0.24 0.55 3.10909 4 3.85487 0.5 0 -2.23556 -1.52212 -2.3577 1.57 0
4 3 6 0.24 0.55 3.10909 5 3.68465 0.5 0 -2.86129 1.51288 -2.37873 1.57 0
4 3 6 0.24 0.55 3.10909 6 3.65223 0.5 0 -1.87075 -0.789735 -1.55742 1.57 0
4 3 6 0.24 0.55 3.10909 7 3.52085 0.5 0 -2.62442 0.288158 -2.44532 1.57 0
4 3 6 0.24 0.55 3.10909 8 3.41341 0.375 0 -2.20452 -1.07351 -1.6337 1.57 0
4 3 6 0.24 0.55 3.10909 9 3.40517 0.375 0 -2.20725 -1.55602 -1.09151 1.57 0
4 3 7 0.24 0.55 3.42727 0 3.93035 0.5 0 -2.41446 -1.2499 -1.36202 1.57 0
4 3 7 0.24 0.55 3.42727 1 3.90292 0.5 0 -2.75908 -1.06127 -1.86846 1.57 0
4 3 7 0.24 0.55 3.42727 2 3.76978 0.5 0 -2.86377 0.695824 -1.09182 1.57 0
4 3 7 0.24 0.55 3.42727 3 3.70416 0.5 0 -2.95154 -0.433553 -2.31915 1.57 0
4 3 7 0.24 0.55 3.42727 4 3.68894 0.5 0 -3.02623 -0.394531 -1.93732 1.57 0
4 3 7 0.24 0.55 3.42727 5 3.42965 0.375 0 -2.41547 -1.25013 -1.3915 1.57 0
4 3 7 0.24 0.55 3.42727 6 3.40896 0.375 0 -2.47023 -1.47512 -1.30198 1.57 0
4 3 7 0.24 0.55 3.42727 7 3.3697 0.375 0 -2.30759 -0.810212 -2.00115 1.57 0
4 3 7 0.24 0.55 3.42727 8 3.36727 0.375 0 -2.33515 -1.67571 -1.47449 1.57 0
4 3 7 0.24 0.55 3.42727 9 3.36717 0.375 0 -2.79576 -1.30689 -2.06922 1.57 0
4 3 8 0.24 0.55 3.74545 0 3.40945 0.375 0 -2.65832 -1.387 -1.30729 1.57 0
4 3 8 0.24 0.55 3.74545 1 3.39996 0.375 0 -2.80845 -1.39286 -1.07739 1.57 0
4 3 8 0.24 0.55 3.74545 2 3.38475 0.375 0 -2.66217 -0.929089 -2.2646 1.57 0
4 3 8 0.24 0.55 3.74545 3 3.37552 0.375 0 -2.94659 -1.30038 -1.5116 1.57 0
4 3 8 0.24 0.55 3.74545 4 3.36151 0.375 0 -2.22992 -1.50214 -1.66453 1.57 0
4 3 8 0.24 0.55 3.74545 5 3.32432 0.375 0 -3.04285 -1.32073 -1.91593 1.57 0
4 3 8 0.24 0.55 3.74545 6 3.2991 0.375 0 -3.12549 0.58431 -1.83379 1.57 0
4 3 8 0.24 0.55 3.74545 7 3.19848 0.375 0 -3.44309 -0.539325 -1.72565 1.57 0
4 3 8 0.24 0.55 3.74545 8 2.8855 0.25 0 -2.81728 -1.11874 -2.05854 1.57 0
4 3 8 0.24 0.55 3.74545 9 2.8707 0.25 0 -3.28537 0.945995 -1.34285 1.57 0
4 3 9 0.24 0.55 4.06364 0 3.35678 0.375 0 -2.98761 -0.699518 -1.5124 1.57 0
4 3 9 0.24 0.55 4.06364 1 3.28243 0.375 0 -3.45857 0.595138 -2.32466 1.57 0
4 3 9 0.24 0.55 4.06364 2 3.24705 0.375 0 -3.35126 -0.967764 -2.27563 1.57 0
4 3 9 0.24 0.55 4.06364 3 2.82523 0.25 0 -3.77011 0.915673 -2.17499 1.57 0
4 3 9 0.24 0.55 4.06364 4 2.81745 0.25 0 -3.57013 0.692887 -1.0301 1.57 0
4 3 9 0.24 0.55 4.06364 5 2.74633 0.25 0 -3.4588 0.509121 -2.06535 1.57 0
4 3 9 0.24 0.55 4.06364 6 2.70179 0.25 0 -3.22252 -0.430659 -1.66767 1.57 0
4 3 9 0.24 0.55 4.06364 7 2.66027 0.25 0 -3.64891 -0.675845 -1.47328 1.57 0
4 3 9 0.24 0.55 4.06364 8 2.59543 0.25 0 -3.4709 0.318286 -1.74582 1.57 0
4 3 9 0.24 0.55 4.06364 9 2.58836 0.25 0 -3.64367 -0.590719 -2.21465 1.57 0
4 3 10 0.24 0.55 4.38182 0 2.32425 0.125 0 -3.30407 -1.05408 -1.35787 1.57 0
4 3 10 0.24 0.55 4.38182 1 2.30908 0.125 0 -3.22965 -1.36777 -1.0825 1.57 0
4 3 10 0.24 0.55 4.38182 2 2.29352 0.125 0 -3.09812 -1.29311 -2.18724 1.57 0
4 3 10 0.24 0.55 4.38182 3 2.19407 0.125 0 -2.96589 -1.79061 -1.52218 1.57 0
4 3 10 0.24 0.55 4.38182 4 2.17338 0.125 0 -3.59046 -0.676113 -1.72211 1.57 0
4 3 10 0.24 0.55 4.38182 5 2.16923 0.125 0 -3.59414 -1.01916 -1.5558 1.57 0
4 3 10 0.24 0.55 4.38182 6 2.15694 0.125 0 -3.28234 -1.65602 -1.11656 1.57 0
4 3 10 0.24 0.55 4.38182 7 2.1358 0.125 0 -3.63426 -0.687952 -1.90708 1.57 0
4 3 10 0.24 0.55 4.38182 8 1.8628 0 0 -2.94319 -1.24443 -1.89696 1.57 0
4 3 10 0.24 0.55 4.38182 9 1.85567 0 0 -3.01143 -1.09122 -2.0829 1.57 0
4 3 11 0.24 0.55 4.7 0 1.85834 0 0 -3.12841 -1.28365 -1.12374 1.57 0
4 3 11 0.24 0.55 4.7 1 1.83478 0 0 -2.95677 -1.36757 -1.53089 1.57 0
4 3 11 0.24 0.55 4.7 2 1.81631 0 0 -2.81072 -1.66826 -1.33074 1.57 0
4 3 11 0.24 0.55 4.7 3 1.81502 0 0 -3.26965 -1.20292 -1.36265 1.57 0
4 3 11 0.24 0.55 4.7 4 1.81392 0 0 -3.24782 -1.05529 -1.8266 1.57 0
4 3 11 0.24 0.55 4.7 5 1.79288 0 0 -3.31033 -1.17181 -1.5339 1.57 0
4 3 11 0.24 0.55 4.7 6 1.75615 0 0 -3.30861 -1.00596 -2.33899 1.57 0
4 3 11 0.24 0.55 4.7 7 1.75519 0 0 -2.83346 -1.80526 -1.26575 1.57 0
4 3 11 0.24 0.55 4.7 8 1.75311 0 0 -3.33675 -1.07371 -2.1107 1.57 0
4 3 11 0.24 0.55 4.7 9 1.75268 0 0 -3.26393 -1.45405 -1.25328 1.57 0
4 4 2 0.24 0.6 1.83636 0 5.4173 0.875 0 -1.07961 1.1165 -1.51938 1.57 0
4 4 2 0.24 0.6 1.83636 1 5.4039 0.875 0 -1.19841 1.22339 -1.07976 1.57 0
4 4 2 0.24 0.6 1.83636 2 5.3912 0.875 0 -0.174345 -0.937028 -1.14231 1.57 0
4 4 2 0.24 0.6 1.83636 3 5.38208 0.875 0 0.158109 -1.20902 -1.79169 1.57 0
4 4 2 0.24 0.6 1.83636 4 5.37868 0.875 0 0.00299724 -1.0365 -2.02298 1.57 0
4 4 2 0.24 0.6 1.83636 5 5.37206 0.875 0 0.0875899 -1.15905 -2.16636 1.57 0
4 4 2 0.24 0.6 1.83636 6 5.3423 0.875 0 0.350057 -1.67721 -1.21348 1.57 0
4 4 2 0.24 0.6 1.83636 7 5.332 0.875 0 -0.261925 -0.935121 -1.73644 1.57 0
4 4 2 0.24 0.6 1.83636 8 5.32961 0.875 0 -0.150756 -0.779162 -2.17764 1.57 0
4 4 2 0.24 0.6 1.83636 9 5.31467 0.875 0 -1.35568 1.7929 -1.19279 1.57 0
4 4 3 0.24 0.6 2.15455 0 4.75621 0.75 0 -1.37005 0.870362 -1.84109 1.57 0
4 4 3 0.24 0.6 2.15455 1 4.75046 0.75 0 -1.74661 1.62294 -1.40292 1.57 0
4 4 3 0.24 0.6 2.15455 2 4.74768 0.75 0 -1.15478 0.73427 -1.97747 1.57 0
4 4 3 0.24 0.6 2.15455 3 4.71291 0.75 0 -0.557274 -0.691812 -1.63037 1.57 0
4 4 3 0.24 0.6 2.15455 4 4.70201 0.75 0 -1.27425 0.66609 -1.68898 1.57 0
4 4 3 0.24 0.6 2.15455 5 4.63883 0.75 0 -0.577482 -0.894815 -2.09128 1.57 0
4 4 3 0.24 0.6 2.15455 6 4.60967 0.75 0 -1.16221 -1.49146 -1.96554 1.57 0
4 4 3 0.24 0.6 2.15455 7 4.60687 0.75 0 -1.15743 0.466218 -1.68867 1.57 0
4 4 3 0.24 0.6 2.15455 8 4.6008 0.75 0 -1.19738 -1.9156 -2.28972 1.57 0
4 4 3 0.24 0.6 2.15455 9 4.59404 0.75 0 -0.554563 -1.19063 -1.67683 1.57 0
4 4 4 0.24 0.6 2.47273 0 5.34053 0.875 0 -1.67144 -1.35493 -1.7439 1.57 0
4 4 4 0.24 0.6 2.47273 1 5.32955 0.875 0 -1.66645 -1.51297 -1.98034 1.57 0
4 4 4 0.24 0.6 2.47273 2 5.29374 0.875 0 -1.76044 -0.953823 -1.98313 1.57 0
4 4 4 0.24 0.6 2.47273 3 5.2778 0.875 0 -1.47703 -1.42028 -1.4146 1.57 0
4 4 4 0.24 0.6 2.47273 4 5.25668 0.875 0 -1.48426 -1.33342 -2.29865 1.57 0
4 4 4 0.24 0.6 2.47273 5 5.21511 0.875 0 -1.38413 -1.46103 -2.42642 1.57 0
4 4 4 0.24 0.6 2.47273 6 5.18699 0.875 0 -1.52031 -0.991008 -2.32021 1.57 0
4 4 4 0.24 0.6 2.47273 7 5.1679 0.875 0 -1.28455 -1.55716 -2.46808 1.57 0
4 4 4 0.24 0.6 2.47273 8 5.11475 0.875 0 -1.12921 -1.84299 -1.54005 1.57 0
4 4 4 0.24 0.6 2.47273 9 5.10813 0.875 0 -1.22292 -1.38062 -1.44008 1.57 0
4 4 5 0.24 0.6 2.79091 0 5.40444 0.875 0 -2.04055 -1.18156 -1.61589 1.57 0
4 4 5 0.24 0.6 2.79091 1 5.35243 0.875 0 -1.94343 -1.43506 -2.42432 1.57 0
4 4 5 0.24 0.6 2.79091 2 5.33024 0.875 0 -1.73795 -1.28973 -2.34858 1.57 0
4 4 5 0.24 0.6 2.79091 3 5.31208 0.875 0 -1.66253 -1.18916 -2.10667 1.57 0
4 4 5 0.24 0.6 2.79091 4 5.3095 0.875 0 -1.65974 -1.14129 -1.71137 1.57 0
4 4 5 0.24 0.6 2.79091 5 5.26025 0.875 0 -1.45553 -1.34537 -1.61817 1.57 0
4 4 5 0.24 0.6 2.79091 6 5.22552 0.875 0 -1.62043 -0.936358 -1.91245 1.57 0
4 4 5 0.24 0.6 2.79091 7 5.21035 0.875 0 -1.38216 -1.73528 -2.24329 1.57 0
4 4 5 0.24 0.6 2.79091 8 5.19419 0.875 0 -2.16062 -0.518236 -2.44944 1.57 0
4 4 5 0.24 0.6 2.79091 9 5.185 0.875 0 -1.41692 -1.94639 -1.97501 1.57 0
4 4 6 0.24 0.6 3.10909 0 3.89457 0.5 0 -2.47002 -0.832263 -1.70213 1.57 0
4 4 6 0.24 0.6 3.10909 1 3.85849 0.5 0 -2.12309 -1.72073 -1.50305 1.57 0
4 4 6 0.24 0.6 3.10909 2 3.77835 0.5 0 -1.68019 -1.11301 -1.44374 1.57 0
4 4 6 0.24 0.6 3.10909 3 3.7613 0.5 0 -1.62474 -1.92778 -1.40544 1.57 0
4 4 6 0.24 0.6 3.10909 4 3.40408 0.375 0 -2.23205 -1.56845 -1.05376 1.57 0
4 4 6 0.24 0.6 3.10909 5 3.40335 0.375 0 -2.38226 -1.32221 -1.9941 1.57 0
4 4 6 0.24 0.6 3.10909 6 3.36437 0.375 0 -2.19503 -1.6671 -1.67241 1.57 0
4 4 6 0.24 0.6 3.10909 7 3.35686 0.375 0 -1.7414 -1.46106 -1.71144 1.57 0
4 4 6 0.24 0.6 3.10909 8 3.35425 0.375 0 -2.19989 -0.84456 -2.30607 1.57 0
4 4 6 0.24 0.6 3.10909 9 3.34452 0.375 0 -2.22272 -0.750238 -1.87575 1.57 0
4 4 7 0.24 0.6 3.42727 0 3.4269 0.375 0 -2.66346 -1.26821 -1.11898 1.57 0
4 4 7 0.24 0.6 3.42727 1 3.40486 0.375 0 -2.69451 -1.33655 -1.52444 1.57 0
4 4 7 0.24 0.6 3.42727 2 3.39767 0.375 0 -2.70564 -0.909568 -1.92197 1.57 0
4 4 7 0.24 0.6 3.42727 3 3.3914 0.375 0 -2.50612 -1.07865 -2.36834 1.57 0
4 4 7 0.24 0.6 3.42727 4 3.37819 0.375 0 -2.25271 -0.949066 -2.32345 1.57 0
4 4 7 0.24 0.6 3.42727 5 3.373 0.375 0 -2.73975 -0.749672 -1.85854 1.57 0
4 4 7 0.24 0.6 3.42727 6 3.34685 0.375 0 -2.53794 -1.67913 -1.5245 1.57 0
4 4 7 0.24 0.6 3.42727 7 3.3234 0.375 0 -2.99883 -1.2377 -2.31203 1.57 0
4 4 7 0.24 0.6 3.42727 8 3.30365 0.375 0 -3.68574 1.60044 -2.48986 1.57 0
4 4 7 0.24 0.6 3.42727 9 3.30299 0.375 0 -3.22017 0.618218 -2.46468 1.57 0
4 4 8 0.24 0.6 3.74545 0 3.41764 0.375 0 -2.74094 -0.924415 -1.26549 1.57 0
4 4 8 0.24 0.6 3.74545 1 3.4174 0.375 0 -2.4874 -1.04985 -1.80569 1.57 0
4 4 8 0.24 0.6 3.74545 2 3.35559 0.375 0 -2.64775 -0.681013 -1.84006 1.57 0
4 4 8 0.24 0.6 3.74545 3 3.28458 0.375 0 -2.67992 -1.77817 -1.54371 1.57 0
4 4 8 0.24 0.6 3.74545 4 3.17866 0.375 0 -3.21423 0.39613 -2.32902 1.57 0
4 4 8 0.24 0.6 3.74545 5 3.04106 0.375 0 -2.98783 -0.25417 -2.09242 1.57 0
4 4 8 0.24 0.6 3.74545 6 2.91217 0.25 0 -2.48001 -1.44824 -1.31643 1.57 0
4 4 8 0.24 0.6 3.74545 7 2.8916 0.25 0 -2.11171 -1.61988 -1.09429 1.57 0
4 4 8 0.24 0.6 3.74545 8 2.88415 0.25 0 -2.44475 -0.836489 -1.08364 1.57 0
4 4 8 0.24 0.6 3.74545 9 2.87073 0.25 0 -3.54924 1.12908 -1.368 1.57 0
4 4 9 0.24 0.6 4.06364 0 2.79416 0.25 0 -3.56534 0.613983 -1.4715 1.57 0
4 4 9 0.24 0.6 4.06364 1 2.56541 0.25 0 -3.29695 0.279288 -1.99773 1.57 0
4 4 9 0.24 0.6 4.06364 2 2.47788 0.25 0 -3.69641 -0.356677 -1.99396 1.57 0
4 4 9 0.24 0.6 4.06364 3 2.42612 0.125 0 -2.68538 -1.11665 -1.37103 1.57 0
4 4 9 0.24 0.6 4.06364 4 2.42192 0.125 0 -2.48863 -1.39655 -1.18828 1.57 0
4 4 9 0.24 0.6 4.06364 5 2.4104 0.125 0 -2.92137 -0.991383 -1.21559 1.57 0
4 4 9 0.24 0.6 4.06364 6 2.3597 0.125 0 -3.50775 0.931123 -2.42926 1.57 0
4 4 9 0.24 0.6 4.06364 7 2.35457 0.125 0 -3.0536 -0.832296 -1.93189 1.57 0
4 4 9 0.24 0.6 4.06364 8 2.34982 0.125 0 -3.60784 0.845998 -1.22731 1.57 0
4 4 9 0.24 0.6 4.06364 9 2.34852 0.125 0 -3.04763 -1.44479 -1.0175 1.57 0
4 4 10 0.24 0.6 4.38182 0 2.35035 0.125 0 -2.35079 -1.748 -1.36696 1.57 0
4 4 10 0.24 0.6 4.38182 1 2.34669 0.125 0 -3.05843 -1.07781 -2.08972 1.57 0
4 4 10 0.24 0.6 4.38182 2 2.33645 0.125 0 -2.90733 -1.4566 -1.73134 1.57 0
4 4 10 0.24 0.6 4.38182 3 1.963 0.125 0 -3.42452 -0.235391 -1.94518 1.57 0
4 4 10 0.24 0.6 4.38182 4 1.88742 0 0 -2.85725 -1.42739 -1.07609 1.57 0
4 4 10 0.24 0.6 4.38182 5 1.85623 0 0 -2.47704 -1.66406 -1.55294 1.57 0
4 4 10 0.24 0.6 4.38182 6 1.84347 0 0 -2.62281 -1.66401 -1.4666 1.57 0
4 4 10 0.24 0.6 4.38182 7 1.83753 0 0 -3.31324 -0.894085 -1.10687 1.57 0
4 4 10 0.24 0.6 4.38182 8 1.83461 0 0 -3.10633 -0.715308 -1.79153 1.57 0
4 4 10 0.24 0.6 4.38182 9 1.83402 0 0 -2.37954 -1.81283 -1.19747 1.57 0
4 4 11 0.24 0.6 4.7 0 1.84042 0 0 -3.02221 -1.489 -1.06759 1.57 0
4 4 11 0.24 0.6 4.7 1 1.82775 0 0 -2.93946 -1.56297 -1.25448 1.57 0
4 4 11 0.24 0.6 4.7 2 1.74079 0 0 -3.484 -0.749455 -1.60835 1.57 0
4 4 11 0.24 0.6 4.7 3 1.72281 0 0 -3.26459 -1.31198 -2.14453 1.57 0
4 4 11 0.24 0.6 4.7 4 1.71469 0 0 -3.18937 -1.51234 -1.78369 1.57 0
4 4 11 0.24 0.6 4.7 5 1.71278 0 0 -3.37995 -1.18906 -2.017 1.57 0
4 4 11 0.24 0.6 4.7 6 1.71251 0 0 -3.61968 -0.848722 -1.06741 1.57 0
4 4 11 0.24 0.6 4.7 7 1.69794 0 0 -3.37673 -1.41082 -1.36271 1.57 0
4 4 11 0.24 0.6 4.7 8 1.69682 0 0 -3.47437 -0.548491 -1.62304 1.57 0
4 4 11 0.24 0.6 4.7 9 1.69498 0 0 -3.45125 -0.502327 -1.41695 1.57 0
5 0 0 0.3 0.4 1.2 0 5.4248 0.875 0 -0.882646 1.46787 -1.90228 1.57 0
5 0 0 0.3 0.4 1.2 1 5.372 0.875 0 0.455127 -1.53338 -1.59422 1.57 0
5 0 0 0.3 0.4 1.2 2 5.33257 0.875 0 0.737851 -1.63905 -1.54764 1.57 0
5 0 0 0.3 0.4 1.2 3 5.27736 0.875 0 -0.335646 -0.755026 -2.08169 1.57 0
5 0 0 0.3 0.4 1.2 4 5.25157 0.875 0 0.359851 -1.73764 -2.04677 1.57 0
5 0 0 0.3 0.4 1.2 5 5.22185 0.875 0 0.21935 -1.74945 -1.93075 1.57 0
5 0 0 0.3 0.4 1.2 6 5.19053 0.875 0 -0.194726 -0.41571 -2.24921 1.57 0
5 0 0 0.3 0.4 1.2 7 5.18669 0.875 0 0.0544831 -1.74927 -1.69131 1.57 0
5 0 0 0.3 0.4 1.2 8 5.15308 0.875 0 0.64276 -2.09459 -1.19371 1.57 0
5 0 0 0.3 0.4 1.2 9 5.11887 0.875 0 -0.592352 -0.978485 -1.95528 1.57 0
5 0 1 0.3 0.4 1.51818 0 5.7472 1 0 0.0859496 -1.5575 -1.21726 1.57 0
5 0 1 0.3 0.4 1.51818 1 5.73763 1 0 0.459637 -1.90789 -1.38221 1.57 0
5 0 1 0.3 0.4 1.51818 2 5.71288 1 0 -0.255529 -1.42685 -1.59551 1.57 0
5 0 1 0.3 0.4 1.51818 3 5.68001 1 0 0.396263 -1.8832 -2.00451 1.57 0
5 0 1 0.3 0.4 1.51818 4 5.66865 1 0 -0.424544 -1.14727 -2.0983 1.57 0
5 0 1 0.3 0.4 1.51818 5 5.66512 1 0 -0.277206 -1.54718 -1.31733 1.57 0
5 0 1 0.3 0.4 1.51818 6 5.61916 1 0 -0.184816 -1.6626 -1.578 1.57 0
5 0 1 0.3 0.4 1.51818 7 5.55776 1 0 -0.129538 -1.72766 -1.94635 1.57 0
5 0 1 0.3 0.4 1.51818 8 5.48235 1 0 -0.478928 -1.39912 -2.04587 1.57 0
5 0 1 0.3 0.4 1.51818 9 5.47811 1 0 -1.02675 -1.46251 -2.27772 1.57 0
5 0 2 0.3 0.4 1.83636 0 5.3323 0.875 0 -1.01508 0.814344 -2.38954 1.57 0
5 0 2 0.3 0.4 1.83636 1 5.31497 0.875 0 -1.34993 1.1653 -2.47759 1.57 0
5 0 2 0.3 0.4 1.83636 2 5.2336 0.875 0 -1.67731 1.67658 -2.359 1.57 0
5 0 2 0.3 0.4 1.83636 3 5.21939 0.875 0 -1.40271 -1.59696 -2.43639 1.57 0
5 0 2 0.3 0.4 1.83636 4 5.17428 0.875 0 -0.575112 -0.800534 -1.9238 1.57 0
5 0 2 0.3 0.4 1.83636 5 5.14563 0.875 0 -1.20072 -1.86107 -1.77293 1.57 0
5 0 2 0.3 0.4 1.83636 6 5.13357 0.875 0 -0.646673 -0.723775 -1.92422 1.57 0
5 0 2 0.3 0.4 1.83636 7 5.13094 0.875 0 -1.84729 1.77789 -2.48373 1.57 0
5 0 2 0.3 0.4 1.83636 8 5.1135 0.875 0 -1.49391 -0.872075 -2.06454 1.57 0
5 0 2 0.3 0.4 1.83636 9 5.02221 0.875 0 -0.638404 -0.353152 -2.1886 1.57 0
5 0 3 0.3 0.4 2.15455 0 5.82556 1 0 -1.90122 -0.915625 -2.03415 1.57 0
5 0 3 0.3 0.4 2.15455 1 5.81769 1 0 -1.59995 -1.40477 -1.09989 1.57 0
5 0 3 0.3 0.4 2.15455 2 5.79911 1 0 -2.07967 -0.735649 -2.29103 1.57 0
5 0 3 0.3 0.4 2.15455 3 5.79277 1 0 -1.66741 -1.61194 -2.38893 1.57 0
5 0 3 0.3 0.4 2.15455 4 5.78836 1 0 -1.50228 -1.65853 -1.22683 1.57 0
5 0 3 0.3 0.4 2.15455 5 5.77625 1 0 -1.51388 -1.38479 -2.22443 1.57 0
5 0 3 0.3 0.4 2.15455 6 5.76956 1 0 -1.64517 -1.03855 -2.20189 1.57 0
5 0 3 0.3 0.4 2.15455 7 5.75834 1 0 -1.68003 1.2848 -1.23398 1.57 0
5 0 3 0.3 0.4 2.15455 8 5.73826 1 0 -1.37598 -1.6863 -1.20594 1.57 0
5 0 3 0.3 0.4 2.15455 9 5.73352 1 0 -1.42894 0.921342 -2.03779 1.57 0
5 0 4 0.3 0.4 2.47273 0 5.88735 1 0 -2.11245 -1.52139 -1.78023 1.57 0
5 0 4 0.3 0.4 2.47273 1 5.86191 1 0 -2.06507 -0.882817 -1.54815 1.57 0
5 0 4 0.3 0.4 2.47273 2 5.82949 1 0 -1.9345 -1.6071 -2.35184 1.57 0
5 0 4 0.3 0.4 2.47273 3 5.82856 1 0 -1.80879 -1.06213 -2.24394 1.57 0
5 0 4 0.3 0.4 2.47273 4 5.8116 1 0 -1.81367 -1.85077 -1.36709 1.57 0
5 0 4 0.3 0.4 2.47273 5 5.81149 1 0 -1.72621 -1.64969 -2.16538 1.57 0
5 0 4 0.3 0.4 2.47273 6 5.78823 1 0 -1.76252 -0.943025 -2.11483 1.57 0
5 0 4 0.3 0.4 2.47273 7 5.77129 1 0 -2.06491 -0.695695 -2.45785 1.57 0
5 0 4 0.3 0.4 2.47273 8 5.75502 1 0 -1.84186 -0.787629 -2.22127 1.57 0
5 0 4 0.3 0.4 2.47273 9 5.71953 1 0 -2.30441 -0.511879 -2.45227 1.57 0
5 0 5 0.3 0.4 2.79091 0 5.84006 1 0 -2.1562 -1.8216 -1.21793 1.57 0
5 0 5 0.3 0.4 2.79091 1 5.13205 0.875 0 -2.78208 1.537 -2.49544 1.57 0
5 0 5 0.3 0.4 2.79091 2 4.87391 0.75 0 -3.34758 1.16774 -2.33553 1.57 0
5 0 5 0.3 0.4 2.79091 3 4.86134 0.75 0 -2.11568 -1.67585 -1.68734 1.57 0
5 0 5 0.3 0.4 2.79091 4 4.84769 0.75 0 -3.48376 1.41764 -2.37123 1.57 0
5 0 5 0.3 0.4 2.79091 5 4.75893 0.75 0 -1.84452 -1.13352 -2.43517 1.57 0
5 0 5 0.3 0.4 2.79091 6 4.44671 0.75 0 -2.6726 1.43626 -1.08902 1.57 0
5 0 5 0.3 0.4 2.79091 7 4.39387 0.625 0 -1.91124 -1.39627 -1.01828 1.57 0
5 0 5 0.3 0.4 2.79091 8 4.38479 0.625 0 -1.92733 -1.38781 -1.84441 1.57 0
5 0 5 0.3 0.4 2.79091 9 4.38059 0.625 0 -2.23619 -1.04307 -2.44673 1.57 0
5 0 6 0.3 0.4 3.10909 0 4.86093 0.75 0 -2.44313 -1.71497 -1.19105 1.57 0
5 0 6 0.3 0.4 3.10909 1 4.70211 0.75 0 -2.86494 -0.396494 -1.81241 1.57 0
5 0 6 0.3 0.4 3.10909 2 4.40585 0.625 0 -2.39591 -0.89606 -1.5712 1.57 0
5 0 6 0.3 0.4 3.10909 3 4.36415 0.625 0 -2.98005 -0.789561 -1.82292 1.57 0
5 0 6 0.3 0.4 3.10909 4 4.30175 0.625 0 -3.05017 1.40539 -2.49995 1.57 0
5 0 6 0.3 0.4 3.10909 5 4.27004 0.625 0 -3.4669 1.71778 -2.27697 1.57 0
5 0 6 0.3 0.4 3.10909 6 4.26193 0.625 0 -3.19012 1.58614 -1.92991 1.57 0
5 0 6 0.3 0.4 3.10909 7 4.11961 0.75 0 -2.92686 -0.0264111 -2.21675 1.57 0
5 0 6 0.3 0.4 3.10909 8 3.92737 0.5 0 -2.47956 -1.30007 -1.34077 1.57 0
5 0 6 0.3 0.4 3.10909 9 3.89466 0.5 0 -2.49773 -1.48991 -1.57711 1.57 0
5 0 7 0.3 0.4 3.42727 0 3.87522 0.5 0 -3.40338 1.08106 -2.36916 1.57 0
5 0 7 0.3 0.4 3.42727 1 3.76416 0.5 0 -2.83942 -0.47739 -1.7168 1.57 0
5 0 7 0.3 0.4 3.42727 2 3.52089 0.5 0 -2.74596 -0.252143 -2.4885 1.57 0
5 0 7 0.3 0.4 3.42727 3 3.41278 0.375 0 -2.7752 -1.31245 -1.14104 1.57 0
5 0 7 0.3 0.4 3.42727 4 3.4036 0.375 0 -2.86155 -1.31393 -1.12043 1.57 0
5 0 7 0.3 0.4 3.42727 5 3.34959 0.375 0 -3.17746 0.782266 -2.39457 1.57 0
5 0 7 0.3 0.4 3.42727 6 3.3262 0.375 0 -3.35754 1.36736 -1.11569 1.57 0
5 0 7 0.3 0.4 3.42727 7 3.32088 0.375 0 -3.05275 0.682223 -2.25972 1.57 0
5 0 7 0.3 0.4 3.42727 8 3.30336 0.375 0 -3.79625 1.55812 -2.09246 1.57 0
5 0 7 0.3 0.4 3.42727 9 3.26709 0.375 0 -3.49562 1.71088 -1.94559 1.57 0
5 0 8 0.3 0.4 3.74545 0 3.33613 0.375 0 -3.06535 -0.9342 -2.2998 1.57 0
5 0 8 0.3 0.4 3.74545 1 3.29002 0.375 0 -3.27384 -0.870341 -2.15018 1.57 0
5 0 8 0.3 0.4 3.74545 2 2.87559 0.25 0 -3.35183 0.921144 -1.93398 1.57 0
5 0 8 0.3 0.4 3.74545 3 2.85325 0.25 0 -3.0691 -1.06137 -1.97194 1.57 0
5 0 8 0.3 0.4 3.74545 4 2.79589 0.25 0 -3.72549 1.45276 -1.43997 1.57 0
5 0 8 0.3 0.4 3.74545 5 2.78905 0.25 0 -3.31375 -0.856429 -1.9669 1.57 0
5 0 8 0.3 0.4 3.74545 6 2.77975 0.25 0 -3.14817 0.558434 -2.37965 1.57 0
5 0 8 0.3 0.4 3.74545 7 2.66156 0.25 0 -3.37741 -0.508848 -2.4136 1.57 0
5 0 8 0.3 0.4 3.74545 8 2.6088 0.375 0 -3.16627 -0.0225647 -1.94832 1.57 0
5 0 8 0.3 0.4 3.74545 9 2.55657 0.25 0 -3.66431 0.331627 -2.06711 1.57 0
5 0 9 0.3 0.4 4.06364 0 2.25821 0.125 0 -3.30069 -0.711667 -2.26098 1.57 0
5 0 9 0.3 0.4 4.06364 1 2.18911 0.125 0 -3.43245 -1.12101 -2.14841 1.57 0
5 0 9 0.3 0.4 4.06364 2 2.17345 0.125 0 -3.51233 -1.2414 -1.40697 1.57 0
5 0 9 0.3 0.4 4.06364 3 2.16736 0.125 0 -3.27579 -1.57141 -1.48947 1.57 0
5 0 9 0.3 0.4 4.06364 4 2.11633 0.125 0 -3.42953 -0.454961 -2.42966 1.57 0
5 0 9 0.3 0.4 4.06364 5 2.10717 0.125 0 -3.72408 -0.675827 -1.57255 1.57 0
5 0 9 0.3 0.4 4.06364 6 2.07753 0.125 0 -3.61281 -0.480528 -2.11235 1.57 0
5 0 9 0.3 0.4 4.06364 7 2.07565 0.125 0 -3.55274 -0.437733 -2.21962 1.57 0
5 0 9 0.3 0.4 4.06364 8 2.03202 0.125 0 -3.75627 -0.84379 -1.99267 1.57 0
5 0 9 0.3 0.4 4.06364 9 1.81582 0 0 -3.24882 -1.15852 -1.08834 1.57 0
5 0 10 0.3 0.4 4.38182 0 2.18136 0.125 0 -3.62493 -0.826016 -1.47975 1.57 0
5 0 10 0.3 0.4 4.38182 1 1.83953 0.125 0 -3.7332 -0.229338 -2.20273 1.57 0
5 0 10 0.3 0.4 4.38182 2 1.7791 0 0 -3.41124 -1.14856 -1.1578 1.57 0
5 0 10 0.3 0.4 4.38182 3 1.74764 0 0 -3.45947 -1.20945 -1.0558 1.57 0
5 0 10 0.3 0.4 4.38182 4 1.71335 0 0 -3.50398 -0.688729 -1.76571 1.57 0
5 0 10 0.3 0.4 4.38182 5 1.69548 0 0 -3.38485 -1.18433 -1.77881 1.57 0
5 0 10 0.3 0.4 4.38182 6 1.69097 0 0 -3.34753 -1.04501 -1.6532 1.57 0
5 0 10 0.3 0.4 4.38182 7 1.65493 0 0 -3.55586 -0.487761 -1.32194 1.57 0
5 0 10 0.3 0.4 4.38182 8 1.64495 0 0 -3.71712 -0.822112 -1.18975 1.57 0
5 0 10 0.3 0.4 4.38182 9 1.61777 0 0 -3.66657 -0.520415 -1.37381 1.57 0
5 0 11 0.3 0.4 4.7 0 1.64779 0 0 -3.42868 -1.44817 -1.12019 1.57 0
5 0 11 0.3 0.4 4.7 1 1.64472 0 0 -3.55222 -1.1425 -1.73867 1.57 0
5 0 11 0.3 0.4 4.7 2 1.63761 0 0 -3.05649 -1.79789 -1.27087 1.57 0
5 0 11 0.3 0.4 4.7 3 1.6257 0 0 -3.70019 -0.983425 -1.28604 1.57 0
5 0 11 0.3 0.4 4.7 4 1.61653 0 0 -3.59118 -1.02788 -2.06 1.57 0
5 0 11 0.3 0.4 4.7 5 1.55543 0 0 -3.78623 -0.481498 -1.00525 1.57 0
5 0 11 0.3 0.4 4.7 6 1.41154 0 0 -3.62434 -1.46048 -1.6288 1.57 0
5 1 0 0.3 0.45 1.2 0 4.72866 0.75 0 -0.416715 -0.993157 -2.0259 1.57 0
5 1 0 0.3 0.45 1.2 1 4.44549 0.625 0 -0.526016 0.949893 -1.55728 1.57 0
5 1 0 0.3 0.45 1.2 2 4.43265 0.625 0 -0.46242 0.846175 -1.76084 1.57 0
5 1 0 0.3 0.45 1.2 3 4.41467 0.625 0 0.550486 -1.12779 -1.60746 1.57 0
5 1 0 0.3 0.45 1.2 4 4.3944 0.625 0 -0.862214 1.64585 -2.15377 1.57 0
5 1 0 0.3 0.45 1.2 5 4.39174 0.625 0 0.250318 -0.80083 -2.03522 1.57 0
5 1 0 0.3 0.45 1.2 6 4.3604 0.625 0 0.142015 -1.34274 -1.97758 1.57 0
5 1 0 0.3 0.45 1.2 7 4.34497 0.625 0 0.142436 -1.37171 -2.08373 1.57 0
5 1 0 0.3 0.45 1.2 8 4.34314 0.625 0 0.282774 -1.66359 -1.13387 1.57 0
5 1 0 0.3 0.45 1.2 9 4.32072 0.625 0 0.375389 -1.63666 -1.78877 1.57 0
5 1 1 0.3 0.45 1.51818 0 5.93327 1 0 -0.966009 1.15246 -1.67948 1.57 0
5 1 1 0.3 0.45 1.51818 1 5.91836 1 0 -1.12504 1.27286 -1.47509 1.57 0
5 1 1 0.3 0.45 1.51818 2 5.90041 1 0 0.233339 -1.36479 -1.2431 1.57 0
5 1 1 0.3 0.45 1.51818 3 5.8916 1 0 -1.10866 1.4395 -2.49738 1.57 0
5 1 1 0.3 0.45 1.51818 4 5.87229 1 0 0.0234093 -1.17432 -1.95136 1.57 0
5 1 1 0.3 0.45 1.51818 5 5.86555 1 0 -1.24011 1.65995 -1.34325 1.57 0
5 1 1 0.3 0.45 1.51818 6 5.81964 1 0 -0.197171 -0.948542 -2.16502 1.57 0
5 1 1 0.3 0.45 1.51818 7 5.81272 1 0 -0.000593956 -0.742669 -2.09453 1.57 0
5 1 1 0.3 0.45 1.51818 8 5.80313 1 0 0.404118 -1.7196 -1.63319 1.57 0
5 1 1 0.3 0.45 1.51818 9 5.79441 1 0 0.0197221 -1.47612 -1.87913 1.57 0
5 1 2 0.3 0.45 1.83636 0 5.3689 0.875 0 -1.26382 1.0313 -1.227 1.57 0
5 1 2 0.3 0.45 1.83636 1 5.34617 0.875 0 -1.42146 1.62133 -1.39722 1.57 0
5 1 2 0.3 0.45 1.83636 2 5.33804 0.875 0 -1.06579 0.777614 -1.72837 1.57 0
5 1 2 0.3 0.45 1.83636 3 5.33652 0.875 0 -1.51219 1.43973 -1.50727 1.57 0
5 1 2 0.3 0.45 1.83636 4 5.16231 0.875 0 -1.26092 -1.41498 -1.98256 1.57 0
5 1 2 0.3 0.45 1.83636 5 5.12321 0.875 0 0.0548281 -1.88077 -1.4647 1.57 0
5 1 2 0.3 0.45 1.83636 6 5.12158 0.875 0 -0.602209 -0.664857 -2.3258 1.57 0
5 1 2 0.3 0.45 1.83636 7 5.07799 0.875 0 -1.06681 -1.75803 -1.85177 1.57 0
5 1 2 0.3 0.45 1.83636 8 5.07553 0.875 0 -0.858638 0.307944 -1.18563 1.57 0
5 1 2 0.3 0.45 1.83636 9 5.03367 0.875 0 -1.2445 -1.1105 -2.16963 1.57 0
5 1 3 0.3 0.45 2.15455 0 5.82481 1 0 -1.81388 -1.05078 -2.31056 1.57 0
5 1 3 0.3 0.45 2.15455 1 5.79234 1 0 -1.79615 -0.906808 -1.88421 1.57 0
5 1 3 0.3 0.45 2.15455 2 5.77001 1 0 -1.5852 1.14342 -1.38219 1.57 0
5 1 3 0.3 0.45 2.15455 3 5.76943 1 0 -1.43945 -1.49594 -1.63704 1.57 0
5 1 3 0.3 0.45 2.15455 4 5.72049 1 0 -1.45033 0.976889 -2.31817 1.57 0
5 1 3 0.3 0.45 2.15455 5 5.71913 1 0 -1.36251 0.727015 -1.13297 1.57 0
5 1 3 0.3 0.45 2.15455 6 5.71742 1 0 -1.45506 -1.16523 -1.79626 1.57 0
5 1 3 0.3 0.45 2.15455 7 5.69867 1 0 -1.80318 1.57839 -1.97315 1.57 0
5 1 3 0.3 0.45 2.15455 8 5.69348 1 0 -1.79059 1.62728 -2.1637 1.57 0
5 1 3 0.3 0.45 2.15455 9 5.66349 1 0 -1.85075 -0.626707 -2.46543 1.57 0
5 1 4 0.3 0.45 2.47273 0 5.84102 1 0 -2.04522 -0.867965 -2.18087 1.57 0
5 1 4 0.3 0.45 2.47273 1 5.83291 1 0 -1.67043 -1.65888 -1.12663 1.57 0
5 1 4 0.3 0.45 2.47273 2 5.82783 1 0 -1.7217 -1.16365 -2.06167 1.57 0
5 1 4 0.3 0.45 2.47273 3 5.77607 1 0 -1.49512 -1.59964 -2.04144 1.57 0
5 1 4 0.3 0.45 2.47273 4 5.75773 1 0 -1.50483 -1.76203 -1.9796 1.57 0
5 1 4 0.3 0.45 2.47273 5 5.7538 1 0 -1.6381 -1.97036 -1.1924 1.57 0
5 1 4 0.3 0.45 2.47273 6 5.7467 1 0 -1.74651 -0.864066 -2.32487 1.57 0
5 1 4 0.3 0.45 2.47273 7 5.74046 1 0 -1.54106 -1.13266 -2.40208 1.57 0
5 1 4 0.3 0.45 2.47273 8 5.64829 1 0 -1.33007 -1.72484 -1.78848 1.57 0
5 1 4 0.3 0.45 2.47273 9 5.58973 1 0 -2.1814 -0.378597 -2.24957 1.57 0
5 1 5 0.3 0.45 2.79091 0 5.04794 0.875 0 -2.34552 0.950311 -2.35649 1.57 0
5 1 5 0.3 0.45 2.79091 1 4.87823 0.75 0 -2.30237 -1.34281 -2.41633 1.57 0
5 1 5 0.3 0.45 2.79091 2 4.85983 0.75 0 -3.32488 0.851279 -2.43978 1.57 0
5 1 5 0.3 0.45 2.79091 3 4.77714 0.75 0 -1.97606 -0.730333 -2.07849 1.57 0
5 1 5 0.3 0.45 2.79091 4 4.37974 0.625 0 -2.25485 -1.55239 -1.84637 1.57 0
5 1 5 0.3 0.45 2.79091 5 4.36483 0.625 0 -2.23816 -1.69549 -1.48549 1.57 0
5 1 5 0.3 0.45 2.79091 6 4.35382 0.75 0 -2.29627 1.12801 -2.0513 1.57 0
5 1 5 0.3 0.45 2.79091 7 4.33989 0.625 0 -1.81424 -1.5845 -2.09038 1.57 0
5 1 5 0.3 0.45 2.79091 8 4.27568 0.625 0 -3.54472 1.71635 -2.2951 1.57 0
5 1 5 0.3 0.45 2.79091 9 4.22586 0.75 0 -2.05442 0.678068 -1.40989 1.57 0
5 1 6 0.3 0.45 3.10909 0 3.9 0.5 0 -2.71452 -1.07991 -2.00546 1.57 0
5 1 6 0.3 0.45 3.10909 1 3.86104 0.5 0 -2.59487 -1.4622 -2.11514 1.57 0
5 1 6 0.3 0.45 3.10909 2 3.70611 0.5 0 -2.86896 1.44712 -2.16202 1.57 0
5 1 6 0.3 0.45 3.10909 3 3.42189 0.375 0 -2.52978 -1.21975 -1.63406 1.57 0
5 1 6 0.3 0.45 3.10909 4 3.37835 0.375 0 -2.29704 -1.3072 -2.46962 1.57 0
5 1 6 0.3 0.45 3.10909 5 3.37142 0.375 0 -2.54037 -0.735659 -1.79517 1.57 0
5 1 6 0.3 0.45 3.10909 6 3.25898 0.375 0 -2.77918 -0.473909 -1.81126 1.57 0
5 1 6 0.3 0.45 3.10909 7 3.25245 0.375 0 -2.33054 -1.96486 -1.19675 1.57 0
5 1 6 0.3 0.45 3.10909 8 3.21389 0.375 0 -2.57189 -1.74103 -1.27363 1.57 0
5 1 6 0.3 0.45 3.10909 9 3.20383 0.375 0 -2.82391 1.23767 -1.29419 1.57 0
5 1 7 0.3 0.45 3.42727 0 3.39225 0.375 0 -2.62243 -0.780667 -1.46967 1.57 0
5 1 7 0.3 0.45 3.42727 1 3.34866 0.375 0 -3.07772 0.984133 -1.41231 1.57 0
5 1 7 0.3 0.45 3.42727 2 2.87592 0.25 0 -3.25543 0.991811 -2.23791 1.57 0
5 1 7 0.3 0.45 3.42727 3 2.86675 0.25 0 -3.14671 1.07861 -1.92977 1.57 0
5 1 7 0.3 0.45 3.42727 4 2.8587 0.375 0 -3.12595 -0.138976 -2.09152 1.57 0
5 1 7 0.3 0.45 3.42727 5 2.85265 0.25 0 -2.59118 -1.17754 -1.0176 1.57 0
5 1 7 0.3 0.45 3.42727 6 2.84843 0.25 0 -2.95482 -1.37581 -1.69118 1.57 0
5 1 7 0.3 0.45 3.42727 7 2.84446 0.25 0 -2.99707 -0.917198 -2.35117 1.57 0
5 1 7 0.3 0.45 3.42727 8 2.84131 0.25 0 -2.7137 -0.65787 -2.01538 1.57 0
5 1 7 0.3 0.45 3.42727 9 2.81426 0.25 0 -3.03514 -0.679806 -2.21034 1.57 0
5 1 8 0.3 0.45 3.74545 0 3.36664 0.375 0 -3.17545 -1.07342 -1.2575 1.57 0
5 1 8 0.3 0.45 3.74545 1 3.3634 0.375 0 -3.57233 1.07676 -1.01564 1.57 0
5 1 8 0.3 0.45 3.74545 2 3.25607 0.375 0 -3.35979 0.531695 -2.4445 1.57 0
5 1 8 0.3 0.45 3.74545 3 3.21813 0.375 0 -3.35087 -0.543076 -1.91716 1.57 0
5 1 8 0.3 0.45 3.74545 4 2.87441 0.25 0 -3.44371 0.928152 -1.79549 1.57 0
5 1 8 0.3 0.45 3.74545 5 2.87087 0.25 0 -2.88482 -1.37532 -1.05479 1.57 0
5 1 8 0.3 0.45 3.74545 6 2.86987 0.25 0 -3.56135 0.965781 -1.72544 1.57 0
5 1 8 0.3 0.45 3.74545 7 2.8667 0.25 0 -2.90666 -0.979155 -2.24046 1.57 0
5 1 8 0.3 0.45 3.74545 8 2.84606 0.25 0 -3.0251 -0.766504 -1.99928 1.57 0
5 1 8 0.3 0.45 3.74545 9 2.82835 0.25 0 -3.76336 1.43317 -2.09579 1.57 0
5 1 9 0.3 0.45 4.06364 0 2.36007 0.125 0 -3.14785 -1.23237 -1.16355 1.57 0
5 1 9 0.3 0.45 4.06364 1 2.34392 0.125 0 -3.74318 1.112 -2.31526 1.57 0
5 1 9 0.3 0.45 4.06364 2 2.29624 0.125 0 -3.05856 -1.4415 -1.38779 1.57 0
5 1 9 0.3 0.45 4.06364 3 2.29612 0.125 0 -3.36994 -0.845978 -1.54867 1.57 0
5 1 9 0.3 0.45 4.06364 4 2.27228 0.125 0 -3.52268 0.740976 -2.05649 1.57 0
5 1 9 0.3 0.45 4.06364 5 2.23721 0.125 0 -3.2871 -0.519227 -1.68569 1.57 0
5 1 9 0.3 0.45 4.06364 6 2.17455 0.125 0 -3.57271 -1.08143 -1.49432 1.57 0
5 1 9 0.3 0.45 4.06364 7 2.12925 0.125 0 -3.56471 -0.905507 -2.38203 1.57 0
5 1 9 0.3 0.45 4.06364 8 2.05738 0.125 0 -3.64439 -1.0105 -2.25809 1.57 0
5 1 9 0.3 0.45 4.06364 9 2.00276 0.125 0 -3.48477 0.248035 -1.89396 1.57 0
5 1 10 0.3 0.45 4.38182 0 1.77154 0 0 -3.34292 -0.973646 -2.01091 1.57 0
5 1 10 0.3 0.45 4.38182 1 1.71177 0 0 -3.55205 -0.789225 -1.6078 1.57 0
5 1 10 0.3 0.45 4.38182 2 1.70607 0 0 -3.54908 -0.927314 -1.6322 1.57 0
5 1 10 0.3 0.45 4.38182 3 1.69496 0 0 -3.46456 -0.712275 -2.27593 1.57 0
5 1 10 0.3 0.45 4.38182 4 1.66809 0 0 -3.05621 -1.65901 -1.25656 1.57 0
5 1 10 0.3 0.45 4.38182 5 1.64251 0 0 -3.70425 -0.87677 -1.27497 1.57 0
5 1 10 0.3 0.45 4.38182 6 1.64075 0 0 -3.78791 0.481549 -2.29902 1.57 0
5 1 10 0.3 0.45 4.38182 7 1.6353 0 0 -3.62919 -0.756687 -1.98907 1.57 0
5 1 10 0.3 0.45 4.38182 8 1.62984 0 0 -3.56081 -0.441119 -1.28105 1.57 0
5 1 10 0.3 0.45 4.38182 9 1.55847 0 0 -3.76653 0.34071 -1.2286 1.57 0
5 1 11 0.3 0.45 4.7 0 1.78213 0 0 -3.31521 -1.246 -1.42238 1.57 0
5 1 11 0.3 0.45 4.7 1 1.69258 0 0 -3.15626 -1.70636 -1.18362 1.57 0
5 1 11 0.3 0.45 4.7 2 1.68917 0 0 -3.21416 -1.67345 -1.10039 1.57 0
5 1 11 0.3 0.45 4.7 3 1.67586 0 0 -3.57301 -0.794481 -1.91166 1.57 0
5 1 11 0.3 0.45 4.7 4 1.61572 0 0 -3.65725 -1.00839 -1.64629 1.57 0
5 1 11 0.3 0.45 4.7 5 1.5605 0 0 -3.70842 -0.56293 -2.02077 1.57 0
5 1 11 0.3 0.45 4.7 6 1.53612 0 0 -3.69156 -1.18663 -1.48008 1.57 0
5 1 11 0.3 0.45 4.7 7 1.51668 0 0 -3.62809 -1.29494 -1.66021 1.57 0
5 1 11 0.3 0.45 4.7 8 1.51543 0 0 -3.7508 -0.606907 -2.29004 1.57 0
5 1 11 0.3 0.45 4.7 9 1.51441 0 0 -3.76133 -1.11297 -1.36429 1.57 0
5 2 0 0.3 0.5 1.2 0 4.44788 0.625 0 -0.693347 1.24501 -1.42095 1.57 0
5 2 0 0.3 0.5 1.2 1 4.38221 0.625 0 0.744675 -1.42039 -1.24125 1.57 0
5 2 0 0.3 0.5 1.2 2 4.37457 0.625 0 0.628622 -1.36192 -2.03358 1.57 0
5 2 0 0.3 0.5 1.2 3 4.35554 0.625 0 -1.14578 1.75971 -2.054 1.57 0
5 2 0 0.3 0.5 1.2 4 4.32828 0.625 0 -0.167874 -1.06297 -2.02771 1.57 0
5 2 0 0.3 0.5 1.2 5 4.32336 0.625 0 -0.0966206 -0.786402 -2.45846 1.57 0
5 2 0 0.3 0.5 1.2 6 4.28805 0.625 0 0.433679 -1.82295 -1.26013 1.57 0
5 2 0 0.3 0.5 1.2 7 4.19751 0.625 0 -0.482537 -0.861373 -2.18292 1.57 0
5 2 0 0.3 0.5 1.2 8 4.17722 0.625 0 0.654353 -2.06287 -1.16043 1.57 0
5 2 0 0.3 0.5 1.2 9 4.15227 0.625 0 0.300087 -1.92007 -1.79864 1.57 0
5 2 1 0.3 0.5 1.51818 0 5.39115 0.875 0 0.161309 -1.16557 -2.02896 1.57 0
5 2 1 0.3 0.5 1.51818 1 5.36613 0.875 0 -1.11674 1.68869 -1.21545 1.57 0
5 2 1 0.3 0.5 1.51818 2 5.3646 0.875 0 -1.23448 1.68601 -1.76109 1.57 0
5 2 1 0.3 0.5 1.51818 3 5.36185 0.875 0 -1.09553 1.71588 -2.41517 1.57 0
5 2 1 0.3 0.5 1.51818 4 5.36175 0.875 0 -0.0443403 -0.705329 -1.83054 1.57 0
5 2 1 0.3 0.5 1.51818 5 5.34331 0.875 0 -1.36813 1.69655 -1.47147 1.57 0
5 2 1 0.3 0.5 1.51818 6 5.3334 0.875 0 -0.781825 1.0244 -1.27308 1.57 0
5 2 1 0.3 0.5 1.51818 7 5.32878 0.875 0 0.576374 -1.68936 -1.57354 1.57 0
5 2 1 0.3 0.5 1.51818 8 5.2962 0.875 0 -0.21734 -1.01778 -2.27459 1.57 0
5 2 1 0.3 0.5 1.51818 9 5.27056 0.875 0 -0.347726 -0.711917 -2.0556 1.57 0
5 2 2 0.3 0.5 1.83636 0 5.36553 0.875 0 -1.04014 0.852486 -1.87758 1.57 0
5 2 2 0.3 0.5 1.83636 1 5.36246 0.875 0 -1.30819 1.07693 -1.46675 1.57 0
5 2 2 0.3 0.5 1.83636 2 5.34884 0.875 0 -1.38613 1.41267 -2.19872 1.57 0
5 2 2 0.3 0.5 1.83636 3 5.29283 0.875 0 -0.153792 -1.25153 -1.49288 1.57 0
5 2 2 0.3 0.5 1.83636 4 5.25679 0.875 0 -0.37628 -0.771547 -2.14806 1.57 0
5 2 2 0.3 0.5 1.83636 5 5.24009 0.875 0 -0.197134 -1.09825 -1.65801 1.57 0
5 2 2 0.3 0.5 1.83636 6 5.233 0.875 0 -0.419341 -0.83444 -2.19303 1.57 0
5 2 2 0.3 0.5 1.83636 7 5.2316 0.875 0 -0.485776 -0.692856 -1.81961 1.57 0
5 2 2 0.3 0.5 1.83636 8 5.23158 0.875 0 0.039056 -1.74791 -1.23151 1.57 0
5 2 2 0.3 0.5 1.83636 9 5.1919 0.875 0 0.14197 -1.82775 -1.5188 1.57 0
5 2 3 0.3 0.5 2.15455 0 5.81104 1 0 -1.79765 -0.981344 -2.13667 1.57 0
5 2 3 0.3 0.5 2.15455 1 5.74751 1 0 -1.43543 0.990383 -2.18095 1.57 0
5 2 3 0.3 0.5 2.15455 2 5.72477 1 0 -1.70749 -0.858445 -2.40821 1.57 0
5 2 3 0.3 0.5 2.15455 3 5.71585 1 0 -1.63794 -0.896867 -2.14612 1.57 0
5 2 3 0.3 0.5 2.15455 4 5.71255 1 0 -1.70191 1.15989 -1.24146 1.57 0
5 2 3 0.3 0.5 2.15455 5 5.69531 1 0 -1.28255 -1.7792 -1.6314 1.57 0
5 2 3 0.3 0.5 2.15455 6 5.69155 1 0 -1.29548 -1.7769 -1.94528 1.57 0
5 2 3 0.3 0.5 2.15455 7 5.66381 1 0 -1.53975 0.806227 -1.07541 1.57 0
5 2 3 0.3 0.5 2.15455 8 5.64771 1 0 -1.29852 0.59299 -1.53403 1.57 0
5 2 3 0.3 0.5 2.15455 9 5.62586 1 0 -1.21224 -1.49504 -1.30198 1.57 0
5 2 4 0.3 0.5 2.47273 0 5.85446 1 0 -2.00873 -0.936414 -2.08666 1.57 0
5 2 4 0.3 0.5 2.47273 1 5.84878 1 0 -1.69376 -1.37896 -1.64723 1.57 0
5 2 4 0.3 0.5 2.47273 2 5.82893 1 0 -1.726 -1.2097 -2.2118 1.57 0
5 2 4 0.3 0.5 2.47273 3 5.81015 1 0 -1.57191 -1.60742 -1.65541 1.57 0
5 2 4 0.3 0.5 2.47273 4 5.79147 1 0 -1.61618 -1.73704 -1.89685 1.57 0
5 2 4 0.3 0.5 2.47273 5 5.73714 1 0 -1.54517 -1.07973 -2.15023 1.57 0
5 2 4 0.3 0.5 2.47273 6 5.72769 1 0 -1.41398 -1.87539 -1.13781 1.57 0
5 2 4 0.3 0.5 2.47273 7 5.7226 1 0 -1.51117 -1.98947 -1.21212 1.57 0
5 2 4 0.3 0.5 2.47273 8 5.70717 1 0 -1.3203 -1.50328 -2.0713 1.57 0
5 2 4 0.3 0.5 2.47273 9 5.67684 1 0 -1.32465 -1.31555 -1.65017 1.57 0
5 2 5 0.3 0.5 2.79091 0 4.848 0.75 0 -1.78321 -1.13043 -1.67707 1.57 0
5 2 5 0.3 0.5 2.79091 1 4.41857 0.625 0 -2.38311 -1.0895 -1.79571 1.57 0
5 2 5 0.3 0.5 2.79091 2 4.39054 0.625 0 -1.92885 -1.44136 -1.55521 1.57 0
5 2 5 0.3 0.5 2.79091 3 4.38663 0.625 0 -2.49462 -1.0115 -2.41961 1.57 0
5 2 5 0.3 0.5 2.79091 4 4.33255 0.625 0 -2.59321 -0.651779 -2.14464 1.57 0
5 2 5 0.3 0.5 2.79091 5 4.30065 0.625 0 -1.93173 -0.833277 -2.25356 1.57 0
5 2 5 0.3 0.5 2.79091 6 4.28984 0.625 0 -1.87155 -0.833283 -1.98472 1.57 0
5 2 5 0.3 0.5 2.79091 7 4.07106 0.75 0 -2.84962 0.00645885 -2.18177 1.57 0
5 2 5 0.3 0.5 2.79091 8 3.98704 0.625 0 -2.62533 1.44831 -1.845 1.57 0
5 2 5 0.3 0.5 2.79091 9 3.93152 0.625 0 -2.69553 1.49665 -1.16023 1.57 0
5 2 6 0.3 0.5 3.10909 0 3.93452 0.5 0 -2.38555 -1.19156 -1.18199 1.57 0
5 2 6 0.3 0.5 3.10909 1 3.89117 0.5 0 -2.74031 -1.25176 -1.91852 1.57 0
5 2 6 0.3 0.5 3.10909 2 3.86899 0.5 0 -2.68393 -0.835931 -2.33727 1.57 0
5 2 6 0.3 0.5 3.10909 3 3.86262 0.5 0 -2.50611 -0.714768 -1.82996 1.57 0
5 2 6 0.3 0.5 3.10909 4 3.59283 0.5 0 -2.669 0.354469 -2.3154 1.57 0
5 2 6 0.3 0.5 3.10909 5 3.4084 0.375 0 -2.18643 -1.12914 -1.88804 1.57 0
5 2 6 0.3 0.5 3.10909 6 3.36827 0.375 0 -2.23017 -1.72568 -1.18397 1.57 0
5 2 6 0.3 0.5 3.10909 7 3.35961 0.375 0 -2.41563 -0.819669 -2.43997 1.57 0
5 2 6 0.3 0.5 3.10909 8 3.34733 0.375 0 -2.18932 -1.81794 -1.00151 1.57 0
5 2 6 0.3 0.5 3.10909 9 3.34547 0.375 0 -2.12357 -1.60001 -1.07763 1.57 0
5 2 7 0.3 0.5 3.42727 0 3.4356 0.375 0 -2.5856 -1.17774 -1.03014 1.57 0
5 2 7 0.3 0.5 3.42727 1 3.42408 0.375 0 -2.48641 -1.00927 -1.49651 1.57 0
5 2 7 0.3 0.5 3.42727 2 3.35261 0.375 0 -2.71312 -0.664702 -1.7721 1.57 0
5 2 7 0.3 0.5 3.42727 3 3.3019 0.375 0 -3.19353 -0.944897 -2.33803 1.57 0
5 2 7 0.3 0.5 3.42727 4 3.14456 0.375 0 -3.52368 0.409418 -2.49663 1.57 0
5 2 7 0.3 0.5 3.42727 5 3.03786 0.375 0 -2.84198 0.264906 -2.04659 1.57 0
5 2 7 0.3 0.5 3.42727 6 3.00158 0.375 0 -3.11185 0.22659 -2.15408 1.57 0
5 2 7 0.3 0.5 3.42727 7 2.91273 0.25 0 -2.69644 -1.11077 -1.74621 1.57 0
5 2 7 0.3 0.5 3.42727 8 2.91006 0.25 0 -2.55959 -1.10712 -1.97378 1.57 0
5 2 7 0.3 0.5 3.42727 9 2.90252 0.25 0 -2.47935 -0.923267 -1.92901 1.57 0
5 2 8 0.3 0.5 3.74545 0 3.29062 0.375 0 -3.2212 -0.80735 -2.325 1.57 0
5 2 8 0.3 0.5 3.74545 1 3.26318 0.375 0 -3.74203 0.654055 -2.11252 1.57 0
5 2 8 0.3 0.5 3.74545 2 3.16271 0.375 0 -3.45775 -0.532818 -2.14993 1.57 0
5 2 8 0.3 0.5 3.74545 3 2.8569 0.25 0 -3.70756 1.13838 -1.99328 1.57 0
5 2 8 0.3 0.5 3.74545 4 2.84157 0.25 0 -3.15758 -1.14019 -1.68848 1.57 0
5 2 8 0.3 0.5 3.74545 5 2.83762 0.25 0 -3.21411 -0.83738 -1.6517 1.57 0
5 2 8 0.3 0.5 3.74545 6 2.83753 0.375 0 -3.66291 -0.204886 -2.2534 1.57 0
5 2 8 0.3 0.5 3.74545 7 2.8084 0.25 0 -3.65791 1.59354 -2.39535 1.57 0
5 2 8 0.3 0.5 3.74545 8 2.79774 0.25 0 -2.77002 -0.607189 -1.36527 1.57 0
5 2 8 0.3 0.5 3.74545 9 2.79404 0.25 0 -3.21078 -0.957593 -2.3678 1.57 0
5 2 9 0.3 0.5 4.06364 0 2.40693 0.125 0 -2.81472 -1.2551 -1.38362 1.57 0
5 2 9 0.3 0.5 4.06364 1 2.39986 0.125 0 -2.97657 -1.14317 -1.25017 1.57 0
5 2 9 0.3 0.5 4.06364 2 2.34923 0.125 0 -3.1133 -0.858497 -1.88023 1.57 0
5 2 9 0.3 0.5 4.06364 3 2.33606 0.125 0 -2.94203 -1.31551 -2.10675 1.57 0
5 2 9 0.3 0.5 4.06364 4 2.28568 0.125 0 -3.75268 0.683743 -1.51576 1.57 0
5 2 9 0.3 0.5 4.06364 5 2.28106 0.125 0 -3.47835 -0.835399 -1.02769 1.57 0
5 2 9 0.3 0.5 4.06364 6 2.22498 0.125 0 -3.56373 0.481589 -1.43257 1.57 0
5 2 9 0.3 0.5 4.06364 7 2.19837 0.125 0 -3.35463 -0.540164 -2.18645 1.57 0
5 2 9 0.3 0.5 4.06364 8 2.15134 0.125 0 -3.5768 -0.936147 -2.02132 1.57 0
5 2 9 0.3 0.5 4.06364 9 2.08282 0.125 0 -3.09585 -0.375086 -1.57982 1.57 0
5 2 10 0.3 0.5 4.38182 0 1.87595 0 0 -2.99844 -1.21899 -1.55109 1.57 0
5 2 10 0.3 0.5 4.38182 1 1.86103 0 0 -3.14673 -1.252 -1.07879 1.57 0
5 2 10 0.3 0.5 4.38182 2 1.8566 0 0 -3.2239 -0.841361 -1.14305 1.57 0
5 2 10 0.3 0.5 4.38182 3 1.8502 0 0 -3.20399 -0.869474 -1.49291 1.57 0
5 2 10 0.3 0.5 4.38182 4 1.84699 0 0 -3.18909 -1.18927 -1.32742 1.57 0
5 2 10 0.3 0.5 4.38182 5 1.83496 0 0 -3.17486 -1.30123 -1.2482 1.57 0
5 2 10 0.3 0.5 4.38182 6 1.83089 0 0 -3.2089 -1.24974 -1.31438 1.57 0
5 2 10 0.3 0.5 4.38182 7 1.82913 0 0 -3.15905 -1.00761 -2.05765 1.57 0
5 2 10 0.3 0.5 4.38182 8 1.82215 0 0 -3.16429 -0.973501 -2.15973 1.57 0
5 2 10 0.3 0.5 4.38182 9 1.80928 0 0 -3.22955 -1.37 -1.06974 1.57 0
5 2 11 0.3 0.5 4.7 0 1.76843 0 0 -3.33784 -1.23065 -1.5133 1.57 0
5 2 11 0.3 0.5 4.7 1 1.75872 0 0 -3.03871 -1.49551 -1.18858 1.57 0
5 2 11 0.3 0.5 4.7 2 1.70761 0 0 -2.83427 -1.92596 -1.02269 1.57 0
5 2 11 0.3 0.5 4.7 3 1.65132 0 0 -3.70844 -0.689164 -1.10896 1.57 0
5 2 11 0.3 0.5 4.7 4 1.63489 0 0 -3.6869 -0.564294 -1.13721 1.57 0
5 2 11 0.3 0.5 4.7 5 1.62711 0 0 -3.58831 -0.655599 -2.26102 1.57 0
5 2 11 0.3 0.5 4.7 6 1.61998 0 0 -3.3991 -1.50529 -1.49004 1.57 0
5 2 11 0.3 0.5 4.7 7 1.60322 0 0 -3.77328 -0.773488 -1.22754 1.57 0
5 2 11 0.3 0.5 4.7 8 1.60141 0 0 -3.73129 -0.607063 -1.45774 1.57 0
5 2 11 0.3 0.5 4.7 9 1.5901 0 0 -3.70539 -0.609824 -1.81247 1.57 0
5 3 0 0.3 0.55 1.2 0 3.44638 0.375 0 -0.711961 1.26532 -1.93153 1.57 0
5 3 0 0.3 0.55 1.2 1 3.44103 0.375 0 -0.511631 0.9337 -1.95742 1.57 0
5 3 0 0.3 0.55 1.2 2 3.43867 0.375 0 -0.635409 1.34002 -1.33673 1.57 0
5 3 0 0.3 0.55 1.2 3 3.42288 0.375 0 -0.371087 0.825824 -2.16345 1.57 0
5 3 0 0.3 0.55 1.2 4 3.39594 0.375 0 -0.864611 1.42467 -1.73213 1.57 0
5 3 0 0.3 0.55 1.2 5 3.38911 0.375 0 0.0292723 -1.16752 -1.73646 1.57 0
5 3 0 0.3 0.55 1.2 6 3.37948 0.375 0 0.594276 -1.08057 -2.36064 1.57 0
5 3 0 0.3 0.55 1.2 7 3.35664 0.375 0 -0.842651 1.69586 -1.91836 1.57 0
5 3 0 0.3 0.55 1.2 8 3.34059 0.375 0 0.757765 -1.65221 -1.08012 1.57 0
5 3 0 0.3 0.55 1.2 9 3.33157 0.375 0 0.476947 -0.667867 -1.63543 1.57 0
5 3 1 0.3 0.55 1.51818 0 4.94129 0.75 0 -0.833489 1.09729 -1.12135 1.57 0
5 3 1 0.3 0.55 1.51818 1 4.92493 0.75 0 -0.705746 0.862923 -1.6553 1.57 0
5 3 1 0.3 0.55 1.51818 2 4.92084 0.75 0 -0.907295 1.23291 -2.46354 1.57 0
5 3 1 0.3 0.55 1.51818 3 4.91356 0.75 0 -1.10595 1.44008 -1.60555 1.57 0
5 3 1 0.3 0.55 1.51818 4 4.90303 0.75 0 0.326179 -1.42073 -1.36753 1.57 0
5 3 1 0.3 0.55 1.51818 5 4.89653 0.75 0 -1.23122 1.373 -1.03307 1.57 0
5 3 1 0.3 0.55 1.51818 6 4.89328 0.75 0 -1.15758 1.56232 -1.86384 1.57 0
5 3 1 0.3 0.55 1.51818 7 4.8665 0.75 0 0.213888 -1.58183 -1.02719 1.57 0
5 3 1 0.3 0.55 1.51818 8 4.85814 0.75 0 -1.35165 1.58148 -1.06551 1.57 0
5 3 1 0.3 0.55 1.51818 9 4.84315 0.75 0 -0.147659 -0.671444 -1.68106 1.57 0
5 3 2 0.3 0.55 1.83636 0 4.9053 0.75 0 -1.19444 1.27234 -1.6843 1.57 0
5 3 2 0.3 0.55 1.83636 1 4.86578 0.75 0 -1.04231 0.807823 -1.11255 1.57 0
5 3 2 0.3 0.55 1.83636 2 4.86297 0.75 0 -1.16722 1.19626 -1.81699 1.57 0
5 3 2 0.3 0.55 1.83636 3 4.85631 0.75 0 -1.33029 1.06256 -1.20302 1.57 0
5 3 2 0.3 0.55 1.83636 4 4.83596 0.75 0 -1.5145 1.43714 -1.12941 1.57 0
5 3 2 0.3 0.55 1.83636 5 4.82564 0.75 0 -1.52127 1.58692 -1.17587 1.57 0
5 3 2 0.3 0.55 1.83636 6 4.81798 0.75 0 -1.447 1.40086 -2.38681 1.57 0
5 3 2 0.3 0.55 1.83636 7 4.81296 0.75 0 -0.917024 0.637168 -1.72414 1.57 0
5 3 2 0.3 0.55 1.83636 8 4.75031 0.75 0 -0.369475 -0.76378 -2.25216 1.57 0
5 3 2 0.3 0.55 1.83636 9 4.74783 0.75 0 -0.209605 -1.5375 -1.00243 1.57 0
5 3 3 0.3 0.55 2.15455 0 4.77541 0.75 0 -1.57578 1.13224 -1.2366 1.57 0
5 3 3 0.3 0.55 2.15455 1 4.76273 0.75 0 -1.71962 1.48225 -1.16461 1.57 0
5 3 3 0.3 0.55 2.15455 2 4.72044 0.75 0 -1.58728 0.990441 -1.23327 1.57 0
5 3 3 0.3 0.55 2.15455 3 4.71582 0.75 0 -1.38991 0.75545 -1.29495 1.57 0
5 3 3 0.3 0.55 2.15455 4 4.69154 0.75 0 -1.26954 -1.74777 -1.70675 1.57 0
5 3 3 0.3 0.55 2.15455 5 4.69018 0.75 0 -1.33669 -1.32823 -2.06189 1.57 0
5 3 3 0.3 0.55 2.15455 6 4.67583 0.75 0 -1.24507 0.763528 -2.00738 1.57 0
5 3 3 0.3 0.55 2.15455 7 4.60974 0.75 0 -1.12863 0.493754 -1.92045 1.57 0
5 3 3 0.3 0.55 2.15455 8 4.60302 0.75 0 -0.273617 -1.56734 -1.69615 1.57 0
5 3 3 0.3 0.55 2.15455 9 4.59136 0.75 0 -2.04523 1.78949 -1.15614 1.57 0
5 3 4 0.3 0.55 2.47273 0 4.86944 0.75 0 -1.87862 -1.17893 -1.99012 1.57 0
5 3 4 0.3 0.55 2.47273 1 4.86064 0.75 0 -1.86841 -1.47326 -2.09365 1.57 0
5 3 4 0.3 0.55 2.47273 2 4.84734 0.75 0 -1.7174 -1.45393 -1.8812 1.57 0
5 3 4 0.3 0.55 2.47273 3 4.8365 0.75 0 -1.6411 -1.52042 -1.21685 1.57 0
5 3 4 0.3 0.55 2.47273 4 4.82686 0.75 0 -1.74027 -1.09432 -1.77458 1.57 0
5 3 4 0.3 0.55 2.47273 5 4.81464 0.75 0 -1.73677 -1.09241 -2.21096 1.57 0
5 3 4 0.3 0.55 2.47273 6 4.74346 0.75 0 -1.39559 -1.7182 -1.16634 1.57 0
5 3 4 0.3 0.55 2.47273 7 4.73063 0.75 0 -1.42455 -1.71809 -2.19035 1.57 0
5 3 4 0.3 0.55 2.47273 8 4.7169 0.75 0 -1.42228 -1.28159 -2.3614 1.57 0
5 3 4 0.3 0.55 2.47273 9 4.70646 0.75 0 -1.39741 -1.65482 -2.49373 1.57 0
5 3 5 0.3 0.55 2.79091 0 3.87769 0.5 0 -1.93793 -1.3916 -2.04026 1.57 0
5 3 5 0.3 0.55 2.79091 1 3.84315 0.5 0 -1.85605 -1.00703 -1.50263 1.57 0
5 3 5 0.3 0.55 2.79091 2 3.83448 0.5 0 -3.12564 0.733216 -2.48346 1.57 0
5 3 5 0.3 0.55 2.79091 3 3.83098 0.5 0 -2.34334 -0.664964 -1.77219 1.57 0
5 3 5 0.3 0.55 2.79091 4 3.79693 0.5 0 -3.02658 0.621471 -2.38604 1.57 0
5 3 5 0.3 0.55 2.79091 5 3.68836 0.5 0 -1.48 -1.3258 -1.30982 1.57 0
5 3 5 0.3 0.55 2.79091 6 3.39007 0.375 0 -2.07549 -1.14645 -2.12255 1.57 0
5 3 5 0.3 0.55 2.79091 7 3.37266 0.5 0 -2.10383 0.332368 -2.32522 1.57 0
5 3 5 0.3 0.55 2.79091 8 3.36594 0.375 0 -1.9224 -1.6915 -1.08085 1.57 0
5 3 5 0.3 0.55 2.79091 9 3.36348 0.375 0 -2.28358 -0.778869 -1.81452 1.57 0
5 3 6 0.3 0.55 3.10909 0 3.85292 0.5 0 -2.65632 -0.699179 -2.06157 1.57 0
5 3 6 0.3 0.55 3.10909 1 3.72 0.5 0 -2.8828 1.41544 -2.05239 1.57 0
5 3 6 0.3 0.55 3.10909 2 3.40837 0.375 0 -2.21004 -1.07947 -1.85183 1.57 0
5 3 6 0.3 0.55 3.10909 3 3.38785 0.375 0 -1.93585 -1.32508 -1.54598 1.57 0
5 3 6 0.3 0.55 3.10909 4 3.37993 0.375 0 -2.20333 -0.924672 -2.10785 1.57 0
5 3 6 0.3 0.55 3.10909 5 3.37421 0.375 0 -2.7249 -0.801698 -2.09312 1.57 0
5 3 6 0.3 0.55 3.10909 6 3.34203 0.375 0 -2.29517 -0.782225 -2.43559 1.57 0
5 3 6 0.3 0.55 3.10909 7 3.27919 0.375 0 -1.84784 -1.32528 -1.70486 1.57 0
5 3 6 0.3 0.55 3.10909 8 3.26057 0.375 0 -2.11248 -0.61626 -1.72512 1.57 0
5 3 6 0.3 0.55 3.10909 9 3.25893 0.375 0 -1.90271 -1.87456 -1.51202 1.57 0
5 3 7 0.3 0.55 3.42727 0 3.3448 0.375 0 -2.99307 0.953015 -1.92215 1.57 0
5 3 7 0.3 0.55 3.42727 1 3.34159 0.375 0 -3.13479 1.17352 -1.40815 1.57 0
5 3 7 0.3 0.55 3.42727 2 2.91901 0.25 0 -2.26073 -1.03369 -1.04049 1.57 0
5 3 7 0.3 0.55 3.42727 3 2.90263 0.25 0 -2.93197 -0.897317 -1.24834 1.57 0
5 3 7 0.3 0.55 3.42727 4 2.86907 0.25 0 -3.1492 0.976714 -2.25972 1.57 0
5 3 7 0.3 0.55 3.42727 5 2.86336 0.25 0 -2.65751 -1.36427 -2.26711 1.57 0
5 3 7 0.3 0.55 3.42727 6 2.85937 0.25 0 -3.16588 1.13109 -1.61622 1.57 0
5 3 7 0.3 0.55 3.42727 7 2.85841 0.25 0 -3.01865 -0.759016 -1.73451 1.57 0
5 3 7 0.3 0.55 3.42727 8 2.84607 0.25 0 -2.32524 -1.72957 -1.59476 1.57 0
5 3 7 0.3 0.55 3.42727 9 2.82494 0.25 0 -2.46415 -0.648968 -2.15082 1.57 0
5 3 8 0.3 0.55 3.74545 0 2.92308 0.25 0 -2.59937 -1.16908 -1.56581 1.57 0
5 3 8 0.3 0.55 3.74545 1 2.92287 0.25 0 -2.63156 -1.22012 -1.45398 1.57 0
5 3 8 0.3 0.55 3.74545 2 2.89689 0.25 0 -2.66269 -0.976758 -2.09299 1.57 0
5 3 8 0.3 0.55 3.74545 3 2.88794 0.25 0 -2.75847 -1.49423 -1.0691 1.57 0
5 3 8 0.3 0.55 3.74545 4 2.83155 0.25 0 -3.73472 0.894724 -2.11172 1.57 0
5 3 8 0.3 0.55 3.74545 5 2.80298 0.25 0 -2.14547 -1.51918 -1.32736 1.57 0
5 3 8 0.3 0.55 3.74545 6 2.79232 0.25 0 -2.92106 -0.546753 -1.91842 1.57 0
5 3 8 0.3 0.55 3.74545 7 2.73033 0.25 0 -2.79729 -0.42159 -1.21161 1.57 0
5 3 8 0.3 0.55 3.74545 8 2.53344 0.25 0 -2.9468 -0.248908 -2.14078 1.57 0
5 3 8 0.3 0.55 3.74545 9 2.47964 0.25 0 -3.1826 0.221094 -2.46317 1.57 0
5 3 9 0.3 0.55 4.06364 0 2.39851 0.125 0 -2.83973 -0.987551 -1.79029 1.57 0
5 3 9 0.3 0.55 4.06364 1 2.37718 0.125 0 -3.07062 -0.837019 -1.36638 1.57 0
5 3 9 0.3 0.55 4.06364 2 2.36493 0.125 0 -3.01771 -1.31299 -1.40642 1.57 0
5 3 9 0.3 0.55 4.06364 3 2.34361 0.125 0 -3.77794 1.02436 -1.72082 1.57 0
5 3 9 0.3 0.55 4.06364 4 2.25784 0.125 0 -3.49983 0.524832 -1.10857 1.57 0
5 3 9 0.3 0.55 4.06364 5 2.25462 0.125 0 -3.03856 -1.58679 -1.69533 1.57 0
5 3 9 0.3 0.55 4.06364 6 2.19131 0.125 0 -3.57152 0.467568 -2.29276 1.57 0
5 3 9 0.3 0.55 4.06364 7 2.08469 0.125 0 -3.68185 0.359106 -1.97211 1.57 0
5 3 9 0.3 0.55 4.06364 8 1.94419 0.125 0 -3.6519 -0.329295 -2.47227 1.57 0
5 3 9 0.3 0.55 4.06364 9 1.93059 0.125 0 -3.22617 0.199596 -2.41681 1.57 0
5 3 10 0.3 0.55 4.38182 0 1.9001 0 0 -3.02057 -1.04839 -1.17125 1.57 0
5 3 10 0.3 0.55 4.38182 1 1.86444 0 0 -2.79294 -1.52053 -1.35393 1.57 0
5 3 10 0.3 0.55 4.38182 2 1.83858 0 0 -3.20796 -0.84931 -1.67983 1.57 0
5 3 10 0.3 0.55 4.38182 3 1.83739 0 0 -2.98168 -1.46513 -1.41071 1.57 0
5 3 10 0.3 0.55 4.38182 4 1.83671 0 0 -3.10863 -1.17518 -1.88985 1.57 0
5 3 10 0.3 0.55 4.38182 5 1.82827 0 0 -3.12682 -1.38695 -1.26322 1.57 0
5 3 10 0.3 0.55 4.38182 6 1.80826 0 0 -2.68124 -1.52997 -1.25166 1.57 0
5 3 10 0.3 0.55 4.38182 7 1.80016 0 0 -3.22716 -1.01225 -2.16882 1.57 0
5 3 10 0.3 0.55 4.38182 8 1.80013 0 0 -2.72874 -1.7277 -1.48834 1.57 0
5 3 10 0.3 0.55 4.38182 9 1.79879 0 0 -3.04251 -1.44786 -1.78543 1.57 0
5 3 11 0.3 0.55 4.7 0 1.8107 0 0 -3.36546 -0.848904 -1.30659 1.57 0
5 3 11 0.3 0.55 4.7 1 1.78825 0 0 -3.20187 -1.41391 -1.34067 1.57 0
5 3 11 0.3 0.55 4.7 2 1.72126 0 0 -3.40785 -1.32538 -1.28541 1.57 0
5 3 11 0.3 0.55 4.7 3 1.71068 0 0 -3.36767 -1.38056 -1.41889 1.57 0
5 3 11 0.3 0.55 4.7 4 1.70995 0 0 -3.34892 -1.47048 -1.14097 1.57 0
5 3 11 0.3 0.55 4.7 5 1.68815 0 0 -3.50537 -0.604074 -1.85645 1.57 0
5 3 11 0.3 0.55 4.7 6 1.68751 0 0 -3.08752 -1.79389 -1.05502 1.57 0
5 3 11 0.3 0.55 4.7 7 1.67245 0 0 -3.59133 -0.791133 -1.83007 1.57 0
5 3 11 0.3 0.55 4.7 8 1.6312 0 0 -3.63105 -0.764078 -2.02108 1.57 0
5 3 11 0.3 0.55 4.7 9 1.62954 0 0 -3.69183 -0.672151 -1.54463 1.57 0
5 4 0 0.3 0.6 1.2 0 3.39693 0.375 0 0.315021 -1.26085 -1.70585 1.57 0
5 4 0 0.3 0.6 1.2 1 3.37809 0.375 0 0.68299 -1.33168 -1.9085 1.57 0
5 4 0 0.3 0.6 1.2 2 3.10785 0.375 0 0.272751 -0.299963 -2.00462 1.57 0
5 4 0 0.3 0.6 1.2 3 2.9274 0.375 0 -0.234827 -0.267455 -2.45398 1.57 0
5 4 0 0.3 0.6 1.2 4 2.90087 0.25 0 0.684961 -1.00924 -1.27355 1.57 0
5 4 0 0.3 0.6 1.2 5 2.87549 0.25 0 0.464844 -1.1882 -2.43808 1.57 0
5 4 0 0.3 0.6 1.2 6 2.84322 0.25 0 0.293409 -0.756365 -2.46693 1.57 0
5 4 0 0.3 0.6 1.2 7 2.813 0.25 0 0.372633 -0.637826 -2.49751 1.57 0
5 4 0 0.3 0.6 1.2 8 2.76623 0.25 0 0.300708 -0.459534 -1.23552 1.57 0
5 4 0 0.3 0.6 1.2 9 2.60516 0.25 0 0.508971 -2.00532 -2.12681 1.57 0
5 4 1 0.3 0.6 1.51818 0 3.94094 0.5 0 0.186212 -1.07955 -1.11552 1.57 0
5 4 1 0.3 0.6 1.51818 1 3.92776 0.5 0 0.36799 -1.21413 -1.47672 1.57 0
5 4 1 0.3 0.6 1.51818 2 3.92088 0.5 0 -0.920229 1.43772 -2.22875 1.57 0
5 4 1 0.3 0.6 1.51818 3 3.9169 0.5 0 0.182595 -1.02222 -1.77228 1.57 0
5 4 1 0.3 0.6 1.51818 4 3.91624 0.5 0 -0.885531 0.90568 -1.12376 1.57 0
5 4 1 0.3 0.6 1.51818 5 3.89511 0.5 0 0.309077 -1.42278 -1.4953 1.57 0
5 4 1 0.3 0.6 1.51818 6 3.89152 0.5 0 0.107245 -0.677426 -1.18617 1.57 0
5 4 1 0.3 0.6 1.51818 7 3.88739 0.5 0 0.440771 -1.51171 -1.39085 1.57 0
5 4 1 0.3 0.6 1.51818 8 3.86687 0.5 0 0.0452217 -1.16643 -2.10956 1.57 0
5 4 1 0.3 0.6 1.51818 9 3.83931 0.5 0 -0.67675 1.19283 -2.02145 1.57 0
5 4 2 0.3 0.6 1.83636 0 4.89816 0.75 0 0.168718 -1.37223 -1.35235 1.57 0
5 4 2 0.3 0.6 1.83636 1 4.87181 0.75 0 -0.149728 -0.898744 -1.64525 1.57 0
5 4 2 0.3 0.6 1.83636 2 4.8275 0.75 0 -0.29721 -0.764783 -1.58308 1.57 0
5 4 2 0.3 0.6 1.83636 3 4.81437 0.75 0 0.160623 -1.46858 -2.14144 1.57 0
5 4 2 0.3 0.6 1.83636 4 4.81174 0.75 0 -1.58763 1.47952 -1.07273 1.57 0
5 4 2 0.3 0.6 1.83636 5 4.81002 0.75 0 -0.322489 -0.684017 -1.54877 1.57 0
5 4 2 0.3 0.6 1.83636 6 4.80596 0.75 0 -1.52876 1.71113 -1.86423 1.57 0
5 4 2 0.3 0.6 1.83636 7 4.80087 0.75 0 -0.270878 -0.699154 -1.97001 1.57 0
5 4 2 0.3 0.6 1.83636 8 4.80063 0.75 0 -1.09241 0.679525 -1.10076 1.57 0
5 4 2 0.3 0.6 1.83636 9 4.7953 0.75 0 -0.313483 -0.573892 -1.28694 1.57 0
5 4 3 0.3 0.6 2.15455 0 4.22848 0.625 0 -0.497957 -1.11396 -1.22052 1.57 0
5 4 3 0.3 0.6 2.15455 1 4.21702 0.625 0 -1.56043 0.955881 -1.35238 1.57 0
5 4 3 0.3 0.6 2.15455 2 4.21292 0.625 0 -1.34852 -1.45384 -2.1752 1.57 0
5 4 3 0.3 0.6 2.15455 3 4.1981 0.625 0 -1.82398 1.68106 -1.87388 1.57 0
5 4 3 0.3 0.6 2.15455 4 4.19 0.625 0 -0.456604 -1.08225 -1.80105 1.57 0
5 4 3 0.3 0.6 2.15455 5 4.17176 0.625 0 -1.81276 1.2508 -1.0236 1.57 0
5 4 3 0.3 0.6 2.15455 6 4.14393 0.625 0 -1.26836 -1.38457 -1.38707 1.57 0
5 4 3 0.3 0.6 2.15455 7 4.14062 0.625 0 -1.49464 -0.924017 -2.31598 1.57 0
5 4 3 0.3 0.6 2.15455 8 4.13546 0.625 0 -1.53289 -0.875859 -2.49761 1.57 0
5 4 3 0.3 0.6 2.15455 9 4.11569 0.625 0 -1.12529 -1.78487 -1.71587 1.57 0
5 4 4 0.3 0.6 2.47273 0 4.84263 0.75 0 -2.13998 -0.845368 -2.37956 1.57 0
5 4 4 0.3 0.6 2.47273 1 4.83866 0.75 0 -1.90441 -0.944026 -1.81348 1.57 0
5 4 4 0.3 0.6 2.47273 2 4.83541 0.75 0 -1.72623 -1.18839 -1.9679 1.57 0
5 4 4 0.3 0.6 2.47273 3 4.80136 0.75 0 -2.21371 -0.700242 -2.48764 1.57 0
5 4 4 0.3 0.6 2.47273 4 4.79182 0.75 0 -1.59803 -1.17693 -1.60745 1.57 0
5 4 4 0.3 0.6 2.47273 5 4.79048 0.75 0 -1.58574 -1.33985 -2.35808 1.57 0
5 4 4 0.3 0.6 2.47273 6 4.78001 0.75 0 -1.6467 -1.08351 -2.25955 1.57 0
5 4 4 0.3 0.6 2.47273 7 4.71289 0.75 0 -1.32632 -1.48584 -1.56629 1.57 0
5 4 4 0.3 0.6 2.47273 8 4.67454 0.75 0 -1.31426 -1.31924 -2.01395 1.57 0
5 4 4 0.3 0.6 2.47273 9 4.61553 0.75 0 -1.71633 -0.653377 -2.48009 1.57 0
5 4 5 0.3 0.6 2.79091 0 3.3968 0.375 0 -2.28557 -0.998258 -2.10099 1.57 0
5 4 5 0.3 0.6 2.79091 1 3.39634 0.375 0 -2.06676 -1.44947 -1.73372 1.57 0
5 4 5 0.3 0.6 2.79091 2 3.38194 0.375 0 -2.06714 -1.28097 -2.29248 1.57 0
5 4 5 0.3 0.6 2.79091 3 3.37873 0.375 0 -2.14635 -1.14224 -2.46311 1.57 0
5 4 5 0.3 0.6 2.79091 4 3.31002 0.375 0 -1.81915 -1.6404 -2.38152 1.57 0
5 4 5 0.3 0.6 2.79091 5 3.30575 0.375 0 -1.58921 -1.30019 -1.96711 1.57 0
5 4 5 0.3 0.6 2.79091 6 3.29305 0.375 0 -1.76909 -0.936564 -1.75998 1.57 0
5 4 5 0.3 0.6 2.79091 7 3.26046 0.375 0 -1.55334 -1.15224 -2.16699 1.57 0
5 4 5 0.3 0.6 2.79091 8 3.2195 0.375 0 -3.12943 1.68382 -2.36591 1.57 0
5 4 5 0.3 0.6 2.79091 9 3.20726 0.375 0 -1.92172 -0.639027 -2.18583 1.57 0
5 4 6 0.3 0.6 3.10909 0 3.38661 0.375 0 -2.41251 -1.07079 -2.4628 1.57 0
5 4 6 0.3 0.6 3.10909 1 3.38399 0.375 0 -1.9253 -1.30084 -1.92046 1.57 0
5 4 6 0.3 0.6 3.10909 2 3.36307 0.375 0 -1.78002 -1.57427 -1.04899 1.57 0
5 4 6 0.3 0.6 3.10909 3 3.24186 0.375 0 -2.36904 -0.506637 -2.05451 1.57 0
5 4 6 0.3 0.6 3.10909 4 3.22756 0.375 0 -1.82692 -0.833917 -2.04747 1.57 0
5 4 6 0.3 0.6 3.10909 5 3.21231 0.375 0 -2.86789 1.32272 -1.51861 1.57 0
5 4 6 0.3 0.6 3.10909 6 3.0981 0.375 0 -2.41691 0.686534 -1.61376 1.57 0
5 4 6 0.3 0.6 3.10909 7 2.93315 0.25 0 -2.34942 -1.21557 -1.22604 1.57 0
5 4 6 0.3 0.6 3.10909 8 2.90529 0.25 0 -2.2604 -1.02005 -1.88814 1.57 0
5 4 6 0.3 0.6 3.10909 9 2.90233 0.25 0 -2.61124 -0.852168 -1.63538 1.57 0
5 4 7 0.3 0.6 3.42727 0 3.40465 0.375 0 -2.22446 -1.28153 -2.01103 1.57 0
5 4 7 0.3 0.6 3.42727 1 3.37992 0.375 0 -2.76216 -0.760119 -1.70302 1.57 0
5 4 7 0.3 0.6 3.42727 2 3.34232 0.375 0 -3.39378 1.43699 -2.10368 1.57 0
5 4 7 0.3 0.6 3.42727 3 3.30666 0.375 0 -3.174 1.31567 -1.10939 1.57 0
5 4 7 0.3 0.6 3.42727 4 3.28969 0.375 0 -2.85837 0.676293 -1.92766 1.57 0
5 4 7 0.3 0.6 3.42727 5 3.2249 0.375 0 -2.65231 -0.443077 -2.08451 1.57 0
5 4 7 0.3 0.6 3.42727 6 2.93328 0.25 0 -2.57124 -1.20448 -1.17727 1.57 0
5 4 7 0.3 0.6 3.42727 7 2.91732 0.25 0 -2.70384 -1.22998 -1.46215 1.57 0
5 4 7 0.3 0.6 3.42727 8 2.91347 0.25 0 -2.6546 -1.15401 -1.76148 1.57 0
5 4 7 0.3 0.6 3.42727 9 2.90576 0.375 0 -3.04079 -0.169024 -2.32402 1.57 0
5 4 8 0.3 0.6 3.74545 0 2.89911 0.25 0 -2.84441 -0.824308 -1.29957 1.57 0
5 4 8 0.3 0.6 3.74545 1 2.88569 0.25 0 -3.0116 -0.953003 -1.58612 1.57 0
5 4 8 0.3 0.6 3.74545 2 2.86784 0.25 0 -3.51436 1.01409 -1.08679 1.57 0
5 4 8 0.3 0.6 3.74545 3 2.86154 0.25 0 -3.36217 0.861329 -2.38853 1.57 0
5 4 8 0.3 0.6 3.74545 4 2.86006 0.25 0 -3.20938 0.802446 -1.66549 1.57 0
5 4 8 0.3 0.6 3.74545 5 2.85687 0.25 0 -3.50106 1.21379 -1.01252 1.57 0
5 4 8 0.3 0.6 3.74545 6 2.84721 0.25 0 -2.90982 -0.865845 -2.45275 1.57 0
5 4 8 0.3 0.6 3.74545 7 2.83766 0.25 0 -3.11078 -0.957448 -2.13232 1.57 0
5 4 8 0.3 0.6 3.74545 8 2.8203 0.25 0 -3.63914 1.54091 -2.41337 1.57 0
5 4 8 0.3 0.6 3.74545 9 2.81399 0.25 0 -2.55943 -1.79578 -1.3185 1.57 0
5 4 9 0.3 0.6 4.06364 0 1.92327 0 0 -2.49856 -1.3809 -1.1909 1.57 0
5 4 9 0.3 0.6 4.06364 1 1.91152 0 0 -2.60083 -1.37173 -1.42786 1.57 0
5 4 9 0.3 0.6 4.06364 2 1.90685 0 0 -2.95246 -1.1295 -1.15665 1.57 0
5 4 9 0.3 0.6 4.06364 3 1.89691 0 0 -2.79075 -1.26521 -1.65365 1.57 0
5 4 9 0.3 0.6 4.06364 4 1.8909 0 0 -2.29823 -1.57019 -1.51458 1.57 0
5 4 9 0.3 0.6 4.06364 5 1.88645 0 0 -2.94945 -1.28441 -1.32375 1.57 0
5 4 9 0.3 0.6 4.06364 6 1.88232 0 0 -3.03469 -1.19095 -1.35087 1.57 0
5 4 9 0.3 0.6 4.06364 7 1.88145 0 0 -2.69287 -1.52302 -1.29903 1.57 0
5 4 9 0.3 0.6 4.06364 8 1.88049 0 0 -2.96602 -0.852816 -1.67634 1.57 0
5 4 9 0.3 0.6 4.06364 9 1.8745 0 0 -2.7912 -0.867664 -2.18919 1.57 0
5 4 10 0.3 0.6 4.38182 0 1.88668 0 0 -2.88962 -1.11688 -1.87272 1.57 0
5 4 10 0.3 0.6 4.38182 1 1.88612 0 0 -2.91999 -1.11246 -1.80369 1.57 0
5 4 10 0.3 0.6 4.38182 2 1.85506 0 0 -2.91774 -1.08163 -2.11481 1.57 0
5 4 10 0.3 0.6 4.38182 3 1.8536 0 0 -3.19927 -0.767785 -1.08313 1.57 0
5 4 10 0.3 0.6 4.38182 4 1.85337 0 0 -2.83274 -1.59421 -1.02133 1.57 0
5 4 10 0.3 0.6 4.38182 5 1.8329 0 0 -2.94109 -1.4828 -1.55452 1.57 0
5 4 10 0.3 0.6 4.38182 6 1.82131 0 0 -2.65377 -1.73214 -1.35979 1.57 0
5 4 10 0.3 0.6 4.38182 7 1.81011 0 0 -3.04809 -1.383 -1.87073 1.57 0
5 4 10 0.3 0.6 4.38182 8 1.80689 0 0 -3.38088 -1.03881 -1.18203 1.57 0
5 4 10 0.3 0.6 4.38182 9 1.78879 0 0 -3.2393 -0.795255 -2.25864 1.57 0
5 4 11 0.3 0.6 4.7 0 1.84352 0 0 -3.18744 -1.18539 -1.40835 1.57 0
5 4 11 0.3 0.6 4.7 1 1.84101 0 0 -2.84043 -1.56526 -1.39767 1.57 0
5 4 11 0.3 0.6 4.7 2 1.82151 0 0 -3.13045 -1.44667 -1.07689 1.57 0
5 4 11 0.3 0.6 4.7 3 1.82073 0 0 -3.01344 -1.5 -1.38065 1.57 0
5 4 11 0.3 0.6 4.7 4 1.8146 0 0 -3.19944 -1.23163 -1.66194 1.57 0
5 4 11 0.3 0.6 4.7 5 1.81359 0 0 -3.28534 -1.05203 -1.64101 1.57 0
5 4 11 0.3 0.6 4.7 6 1.78191 0 0 -3.39408 -0.836117 -1.62923 1.57 0
5 4 11 0.3 0.6 4.7 7 1.77691 0 0 -3.21445 -1.48944 -1.06609 1.57 0
5 4 11 0.3 0.6 4.7 8 1.75561 0 0 -3.51768 -0.986015 -1.1047 1.57 0
5 4 11 0.3 0.6 4.7 9 1.72792 0 0 -3.22561 -1.55311 -1.27208 1.57 0
